conferente,data_operacao,caixas,tempo_conferencia
Alexsander Campos Silva,2026-09-03,262,00:00:03
Alexsander Campos Silva,2026-09-03,235,00:00:03
Alexsander Campos Silva,2026-09-03,28,00:00:03
Alexsander Campos Silva,2026-09-03,39,00:00:03
Alexsander Campos Silva,2026-09-03,74,00:00:06
Alexsander Campos Silva,2026-09-03,178,00:00:03
Wallace Christian Gomes Esteves   ,2026-09-08,254,00:00:05
Wallace Christian Gomes Esteves   ,2026-09-08,331,00:00:04
Wallace Christian Gomes Esteves   ,2026-09-08,57,00:00:03
Wallace Christian Gomes Esteves   ,2026-09-08,221,00:00:05
Wallace Christian Gomes Esteves   ,2026-09-08,195,00:00:04
Wallace Christian Gomes Esteves   ,2026-09-08,78,00:00:09
Wallace Christian Gomes Esteves   ,2026-09-09,171,00:00:02
Wallace Christian Gomes Esteves   ,2026-09-09,265,00:00:03
Wallace Christian Gomes Esteves   ,2026-09-09,59,00:00:03
Wallace Christian Gomes Esteves   ,2026-09-09,66,00:00:03
Wallace Christian Gomes Esteves   ,2026-09-09,48,00:00:03
Wallace Christian Gomes Esteves   ,2026-09-09,58,00:00:03
Wallace Christian Gomes Esteves   ,2026-09-15,54,00:00:03
Wallace Christian Gomes Esteves   ,2026-09-15,45,00:00:07
Wallace Christian Gomes Esteves   ,2026-09-15,40,00:00:02
Wallace Christian Gomes Esteves   ,2026-09-15,88,00:00:03
Wallace Christian Gomes Esteves   ,2026-09-15,42,00:00:02
Wallace Christian Gomes Esteves   ,2026-09-15,154,00:00:05
Wallace Christian Gomes Esteves   ,2026-09-11,63,00:00:35
Wallace Christian Gomes Esteves   ,2026-09-10,340,00:00:03
Wallace Christian Gomes Esteves   ,2026-09-10,204,00:00:07
Wallace Christian Gomes Esteves   ,2026-09-10,83,00:00:04
Wallace Christian Gomes Esteves   ,2026-09-10,94,00:00:05
Wallace Christian Gomes Esteves   ,2026-09-10,154,00:00:03
Wallace Christian Gomes Esteves   ,2026-09-10,293,00:00:02
Wallace Christian Gomes Esteves   ,2026-09-23,277,00:00:02
Wallace Christian Gomes Esteves   ,2026-09-23,39,00:00:02
Wallace Christian Gomes Esteves   ,2026-09-23,54,00:00:05
Wallace Christian Gomes Esteves   ,2026-09-23,45,00:00:02
Wallace Christian Gomes Esteves   ,2026-09-23,143,00:00:02
Wallace Christian Gomes Esteves   ,2026-09-23,68,00:00:02
Wallace Christian Gomes Esteves   ,2026-09-16,197,00:00:03
Wallace Christian Gomes Esteves   ,2026-09-16,40,00:00:02
Wallace Christian Gomes Esteves   ,2026-09-16,64,00:00:03
Wallace Christian Gomes Esteves   ,2026-09-16,58,00:00:13
Wallace Christian Gomes Esteves   ,2026-09-16,146,00:00:09
Wallace Christian Gomes Esteves   ,2026-09-16,297,00:00:07
Wallace Christian Gomes Esteves   ,2026-09-14,187,00:00:03
Wallace Christian Gomes Esteves   ,2026-09-14,192,00:00:02
Wallace Christian Gomes Esteves   ,2026-09-14,193,00:00:02
Wallace Christian Gomes Esteves   ,2026-09-14,325,00:00:02
Wallace Christian Gomes Esteves   ,2026-09-14,50,00:00:02
Wallace Christian Gomes Esteves   ,2026-09-14,56,00:00:02
Wallace Christian Gomes Esteves   ,2026-09-21,55,00:00:02
Wallace Christian Gomes Esteves   ,2026-09-21,312,00:00:02
Wallace Christian Gomes Esteves   ,2026-09-21,165,00:00:04
Wallace Christian Gomes Esteves   ,2026-09-21,116,00:00:03
Wallace Christian Gomes Esteves   ,2026-09-21,186,00:00:02
Wallace Christian Gomes Esteves   ,2026-09-21,258,00:00:02
Wallace Christian Gomes Esteves   ,2026-09-18,69,00:00:02
Wallace Christian Gomes Esteves   ,2026-09-18,67,00:00:04
Wallace Christian Gomes Esteves   ,2026-09-18,127,00:00:02
Wallace Christian Gomes Esteves   ,2026-09-18,40,00:00:02
Wallace Christian Gomes Esteves   ,2026-09-18,173,00:00:03
Wallace Christian Gomes Esteves   ,2026-09-18,53,00:00:02
Wallace Christian Gomes Esteves   ,2026-09-22,111,00:00:02
Wallace Christian Gomes Esteves   ,2026-09-22,40,00:00:02
Wallace Christian Gomes Esteves   ,2026-09-22,182,00:00:03
Wallace Christian Gomes Esteves   ,2026-09-22,40,00:00:02
Wallace Christian Gomes Esteves   ,2026-09-22,53,00:00:02
Wallace Christian Gomes Esteves   ,2026-09-22,58,00:00:02
João Victor Silva Leal,2026-09-25,157,00:01:24
João Victor Silva Leal,2026-09-25,72,00:01:23
João Victor Silva Leal,2026-09-25,44,00:00:27
João Victor Silva Leal,2026-09-25,31,00:00:54
João Victor Silva Leal,2026-09-25,40,00:00:06
João Victor Silva Leal,2026-09-25,78,00:00:22
Wallace Christian Gomes Esteves   ,2026-09-17,40,00:00:04
Wallace Christian Gomes Esteves   ,2026-09-17,134,00:00:05
Wallace Christian Gomes Esteves   ,2026-09-17,214,00:00:02
Wallace Christian Gomes Esteves   ,2026-09-17,66,00:00:03
Wallace Christian Gomes Esteves   ,2026-09-17,41,00:00:01
Wallace Christian Gomes Esteves   ,2026-09-17,144,00:00:02
Wallace Christian Gomes Esteves   ,2026-09-29,61,00:00:02
Wallace Christian Gomes Esteves   ,2026-09-29,109,00:00:02
Wallace Christian Gomes Esteves   ,2026-09-29,48,00:00:02
Wallace Christian Gomes Esteves   ,2026-09-29,32,00:00:02
Wallace Christian Gomes Esteves   ,2026-09-29,40,00:00:02
Wallace Christian Gomes Esteves   ,2026-09-29,161,00:00:03
Wallace Christian Gomes Esteves   ,2026-09-28,242,00:00:06
Wallace Christian Gomes Esteves   ,2026-09-28,61,00:00:04
Wallace Christian Gomes Esteves   ,2026-09-28,152,00:00:03
Wallace Christian Gomes Esteves   ,2026-09-28,207,00:00:02
Wallace Christian Gomes Esteves   ,2026-09-28,56,00:00:02
Wallace Christian Gomes Esteves   ,2026-09-28,336,00:00:05
Leonardo Miguel,2026-09-24,197,00:00:03
Leonardo Miguel,2026-09-24,38,00:00:07
Leonardo Miguel,2026-09-24,70,00:00:03
Leonardo Miguel,2026-09-24,110,00:00:06
Leonardo Miguel,2026-09-24,304,00:00:05
Leonardo Miguel,2026-09-24,40,00:00:04
Alexsander Campos Silva,2026-10-02,69,00:00:03
Alexsander Campos Silva,2026-10-02,41,00:00:03
Alexsander Campos Silva,2026-10-02,52,00:00:02
Alexsander Campos Silva,2026-10-02,180,00:00:03
Alexsander Campos Silva,2026-10-02,98,00:00:05
Alexsander Campos Silva,2026-10-02,55,00:00:04
Alexsander Campos Silva,2026-10-01,62,00:00:04
Alexsander Campos Silva,2026-10-01,275,00:00:04
Alexsander Campos Silva,2026-10-01,311,00:00:14
Alexsander Campos Silva,2026-10-01,234,00:00:06
Alexsander Campos Silva,2026-10-01,77,00:00:22
Alexsander Campos Silva,2026-10-01,185,00:00:03
Alexsander Campos Silva,2026-10-05,271,00:00:02
Alexsander Campos Silva,2026-10-05,198,00:00:04
Alexsander Campos Silva,2026-10-05,46,00:00:02
Alexsander Campos Silva,2026-10-05,348,00:00:16
Alexsander Campos Silva,2026-10-05,207,00:00:02
Alexsander Campos Silva,2026-10-05,159,00:00:02
Wallace Christian Gomes Esteves   ,2026-09-30,204,00:00:02
Wallace Christian Gomes Esteves   ,2026-09-30,69,00:00:02
Wallace Christian Gomes Esteves   ,2026-09-30,113,00:00:03
Wallace Christian Gomes Esteves   ,2026-09-30,287,00:00:02
Wallace Christian Gomes Esteves   ,2026-09-30,44,00:00:02
Wallace Christian Gomes Esteves   ,2026-09-30,40,00:00:02
Wallace Christian Gomes Esteves   ,2026-09-04,119,00:00:05
Wallace Christian Gomes Esteves   ,2026-09-04,197,00:00:04
Wallace Christian Gomes Esteves   ,2026-09-04,125,00:00:06
Wallace Christian Gomes Esteves   ,2026-09-04,40,00:00:04
Wallace Christian Gomes Esteves   ,2026-09-04,47,00:00:05
Wallace Christian Gomes Esteves   ,2026-09-04,40,00:00:06
João Victor Silva Leal,2026-09-11,155,00:00:38
João Victor Silva Leal,2026-09-11,81,00:00:55
João Victor Silva Leal,2026-09-11,40,00:00:23
João Victor Silva Leal,2026-09-11,52,00:00:28
João Victor Silva Leal,2026-09-11,207,00:01:49
João Victor Silva Leal,2026-09-11,40,00:00:07
Alexsander Campos Silva,2026-09-08,295,00:00:03
Wallace Christian Gomes Esteves   ,2026-09-08,51,00:03:44
Wallace Christian Gomes Esteves   ,2026-09-08,202,00:00:59
Alexsander Campos Silva,2026-09-08,384,00:00:04
Alexsander Campos Silva,2026-10-01,40,00:00:13
Alexsander Campos Silva,2026-10-01,40,00:00:18
Alexsander Campos Silva,2026-10-01,242,00:00:04
Alexsander Campos Silva,2026-10-01,53,00:00:03
Alexsander Campos Silva,2026-10-01,132,00:00:02
Alexsander Campos Silva,2026-10-01,69,00:00:04
Wallace Christian Gomes Esteves   ,2026-09-09,63,00:00:04
Wallace Christian Gomes Esteves   ,2026-09-09,45,00:00:04
Wallace Christian Gomes Esteves   ,2026-09-09,40,00:00:06
Alexsander Campos Silva,2026-09-09,35,00:00:07
Wallace Christian Gomes Esteves   ,2026-09-09,153,00:00:03
Wallace Christian Gomes Esteves   ,2026-09-09,138,00:00:03
Wallace Christian Gomes Esteves   ,2026-09-10,112,00:00:03
Wallace Christian Gomes Esteves   ,2026-09-10,38,00:00:03
Wallace Christian Gomes Esteves   ,2026-09-10,53,00:00:05
Wallace Christian Gomes Esteves   ,2026-09-10,101,00:00:03
Wallace Christian Gomes Esteves   ,2026-09-10,98,00:00:02
Wallace Christian Gomes Esteves   ,2026-09-10,36,00:00:03
Wallace Christian Gomes Esteves   ,2026-09-14,181,00:00:02
Wallace Christian Gomes Esteves   ,2026-09-14,366,00:00:02
Wallace Christian Gomes Esteves   ,2026-09-14,280,00:00:02
Wallace Christian Gomes Esteves   ,2026-09-14,48,00:00:02
Wallace Christian Gomes Esteves   ,2026-09-14,140,00:00:03
Wallace Christian Gomes Esteves   ,2026-09-14,67,00:00:02
Wallace Christian Gomes Esteves   ,2026-09-15,40,00:00:04
Wallace Christian Gomes Esteves   ,2026-09-15,45,00:00:02
Wallace Christian Gomes Esteves   ,2026-09-15,119,00:00:03
Wallace Christian Gomes Esteves   ,2026-09-15,207,00:00:02
Wallace Christian Gomes Esteves   ,2026-09-15,68,00:00:04
Wallace Christian Gomes Esteves   ,2026-09-15,40,00:00:02
Leonardo Miguel,2026-09-17,40,00:00:10
Leonardo Miguel,2026-09-17,220,00:00:11
Leonardo Miguel,2026-09-17,37,00:00:05
Leonardo Miguel,2026-09-17,133,00:00:06
Leonardo Miguel,2026-09-17,61,00:00:08
Leonardo Miguel,2026-09-17,40,00:00:02
Wallace Christian Gomes Esteves   ,2026-09-18,188,00:00:03
Wallace Christian Gomes Esteves   ,2026-09-18,141,00:00:05
Wallace Christian Gomes Esteves   ,2026-09-18,37,00:00:13
Wallace Christian Gomes Esteves   ,2026-09-18,68,00:00:02
Wallace Christian Gomes Esteves   ,2026-09-18,40,00:00:03
Wallace Christian Gomes Esteves   ,2026-09-18,55,00:00:02
Wallace Christian Gomes Esteves   ,2026-09-25,57,00:00:03
Wallace Christian Gomes Esteves   ,2026-09-25,90,00:00:02
Wallace Christian Gomes Esteves   ,2026-09-25,40,00:00:03
Wallace Christian Gomes Esteves   ,2026-09-25,148,00:00:05
Wallace Christian Gomes Esteves   ,2026-09-25,35,00:00:02
Wallace Christian Gomes Esteves   ,2026-09-25,157,00:00:06
Wallace Christian Gomes Esteves   ,2026-09-28,44,00:00:02
Wallace Christian Gomes Esteves   ,2026-09-28,229,00:00:02
Wallace Christian Gomes Esteves   ,2026-09-28,219,00:00:02
Wallace Christian Gomes Esteves   ,2026-09-28,81,00:00:07
Wallace Christian Gomes Esteves   ,2026-09-28,319,00:00:02
Wallace Christian Gomes Esteves   ,2026-09-28,257,00:00:03
Leonardo Miguel,2026-09-24,60,00:00:05
Leonardo Miguel,2026-09-24,140,00:00:06
Leonardo Miguel,2026-09-24,40,00:00:51
Leonardo Miguel,2026-09-24,41,00:00:09
Wallace Christian Gomes Esteves   ,2026-09-24,211,00:00:12
Leonardo Miguel,2026-09-24,105,00:00:03
Wallace Christian Gomes Esteves   ,2026-09-29,40,00:00:03
Wallace Christian Gomes Esteves   ,2026-09-29,46,00:00:08
Wallace Christian Gomes Esteves   ,2026-09-29,129,00:00:08
Wallace Christian Gomes Esteves   ,2026-09-29,72,00:00:02
Wallace Christian Gomes Esteves   ,2026-09-29,45,00:00:05
Leonardo Miguel,2026-09-29,273,00:00:06
Wallace Christian Gomes Esteves   ,2026-09-30,113,00:00:02
Wallace Christian Gomes Esteves   ,2026-09-30,41,00:00:01
Wallace Christian Gomes Esteves   ,2026-09-30,40,00:00:02
Wallace Christian Gomes Esteves   ,2026-09-30,42,00:00:04
Wallace Christian Gomes Esteves   ,2026-09-30,63,00:00:02
Wallace Christian Gomes Esteves   ,2026-09-30,126,00:00:03
Alexsander Campos Silva,2026-10-02,43,00:00:02
Alexsander Campos Silva,2026-10-02,236,00:00:02
Alexsander Campos Silva,2026-10-02,211,00:00:03
Alexsander Campos Silva,2026-10-02,73,00:00:03
Alexsander Campos Silva,2026-10-02,100,00:00:02
Alexsander Campos Silva,2026-10-02,50,00:00:02
Alexsander Campos Silva,2026-10-05,134,00:00:03
Alexsander Campos Silva,2026-10-05,204,00:00:02
Alexsander Campos Silva,2026-10-05,97,00:00:03
Alexsander Campos Silva,2026-10-05,368,00:00:03
Alexsander Campos Silva,2026-10-05,44,00:00:02
Alexsander Campos Silva,2026-10-05,173,00:00:02
Wallace Christian Gomes Esteves   ,2026-09-25,40,00:00:03
Wallace Christian Gomes Esteves   ,2026-09-25,35,00:00:02
Wallace Christian Gomes Esteves   ,2026-09-25,41,00:00:02
Wallace Christian Gomes Esteves   ,2026-09-25,178,00:00:03
Wallace Christian Gomes Esteves   ,2026-09-25,49,00:00:02
Wallace Christian Gomes Esteves   ,2026-09-25,94,00:00:05
Wallace Christian Gomes Esteves   ,2026-09-14,151,00:00:03
Wallace Christian Gomes Esteves   ,2026-09-14,37,00:00:09
Wallace Christian Gomes Esteves   ,2026-09-14,39,00:00:03
Wallace Christian Gomes Esteves   ,2026-09-14,58,00:00:03
Wallace Christian Gomes Esteves   ,2026-09-14,201,00:00:02
Wallace Christian Gomes Esteves   ,2026-09-14,52,00:00:02
Wallace Christian Gomes Esteves   ,2026-09-08,57,00:00:04
Wallace Christian Gomes Esteves   ,2026-09-08,74,00:00:04
Wallace Christian Gomes Esteves   ,2026-09-08,123,00:00:04
Wallace Christian Gomes Esteves   ,2026-09-08,248,00:00:04
Wallace Christian Gomes Esteves   ,2026-09-08,40,00:00:04
Wallace Christian Gomes Esteves   ,2026-09-08,39,00:00:33
Wallace Christian Gomes Esteves   ,2026-09-09,43,00:00:03
Wallace Christian Gomes Esteves   ,2026-09-09,201,00:00:04
Wallace Christian Gomes Esteves   ,2026-09-09,195,00:00:02
Wallace Christian Gomes Esteves   ,2026-09-09,40,00:00:20
Wallace Christian Gomes Esteves   ,2026-09-09,55,00:00:03
Wallace Christian Gomes Esteves   ,2026-09-09,63,00:00:03
Wallace Christian Gomes Esteves   ,2026-09-16,292,00:00:03
Wallace Christian Gomes Esteves   ,2026-09-16,63,00:00:05
Wallace Christian Gomes Esteves   ,2026-09-16,153,00:00:03
Wallace Christian Gomes Esteves   ,2026-09-16,42,00:00:03
Wallace Christian Gomes Esteves   ,2026-09-16,40,00:00:02
Wallace Christian Gomes Esteves   ,2026-09-16,40,00:00:02
Wallace Christian Gomes Esteves   ,2026-09-28,42,00:00:02
Wallace Christian Gomes Esteves   ,2026-09-28,175,00:00:01
Wallace Christian Gomes Esteves   ,2026-09-28,88,00:00:07
Wallace Christian Gomes Esteves   ,2026-09-28,40,00:00:02
Wallace Christian Gomes Esteves   ,2026-09-28,177,00:00:02
Wallace Christian Gomes Esteves   ,2026-09-28,252,00:00:02
Wallace Christian Gomes Esteves   ,2026-09-11,108,00:00:04
Wallace Christian Gomes Esteves   ,2026-09-11,54,00:00:02
Wallace Christian Gomes Esteves   ,2026-09-11,142,00:00:04
Wallace Christian Gomes Esteves   ,2026-09-11,51,00:00:02
Wallace Christian Gomes Esteves   ,2026-09-11,40,00:00:02
Wallace Christian Gomes Esteves   ,2026-09-11,40,00:00:03
Wallace Christian Gomes Esteves   ,2026-09-10,40,00:00:03
Wallace Christian Gomes Esteves   ,2026-09-10,216,00:00:04
Wallace Christian Gomes Esteves   ,2026-09-10,63,00:00:03
Wallace Christian Gomes Esteves   ,2026-09-10,200,00:00:04
Wallace Christian Gomes Esteves   ,2026-09-10,59,00:00:03
Wallace Christian Gomes Esteves   ,2026-09-10,88,00:00:03
Wallace Christian Gomes Esteves   ,2026-09-15,59,00:00:03
Wallace Christian Gomes Esteves   ,2026-09-15,184,00:00:02
Wallace Christian Gomes Esteves   ,2026-09-15,312,00:00:10
Wallace Christian Gomes Esteves   ,2026-09-15,58,00:00:04
Wallace Christian Gomes Esteves   ,2026-09-15,54,00:00:02
Wallace Christian Gomes Esteves   ,2026-09-15,42,00:00:03
Wallace Christian Gomes Esteves   ,2026-09-18,144,00:00:02
Wallace Christian Gomes Esteves   ,2026-09-18,55,00:00:04
Wallace Christian Gomes Esteves   ,2026-09-18,42,00:00:02
Wallace Christian Gomes Esteves   ,2026-09-18,39,00:00:02
Wallace Christian Gomes Esteves   ,2026-09-18,40,00:00:02
Wallace Christian Gomes Esteves   ,2026-09-18,126,00:00:02
Wallace Christian Gomes Esteves   ,2026-09-21,229,00:00:04
Wallace Christian Gomes Esteves   ,2026-09-21,44,00:00:03
Wallace Christian Gomes Esteves   ,2026-09-21,38,00:00:02
Wallace Christian Gomes Esteves   ,2026-09-21,153,00:00:03
Wallace Christian Gomes Esteves   ,2026-09-21,66,00:00:02
Wallace Christian Gomes Esteves   ,2026-09-21,194,00:00:02
Wallace Christian Gomes Esteves   ,2026-09-17,45,00:00:02
Leonardo Miguel,2026-09-17,48,00:00:07
Leonardo Miguel,2026-09-17,40,00:00:04
Leonardo Miguel,2026-09-17,176,00:00:05
Leonardo Miguel,2026-09-17,43,00:00:09
Leonardo Miguel,2026-09-17,221,00:00:06
Wallace Christian Gomes Esteves   ,2026-09-22,168,00:00:02
Wallace Christian Gomes Esteves   ,2026-09-22,103,00:00:02
Wallace Christian Gomes Esteves   ,2026-09-22,122,00:00:03
Wallace Christian Gomes Esteves   ,2026-09-22,65,00:00:02
Wallace Christian Gomes Esteves   ,2026-09-22,40,00:00:03
Wallace Christian Gomes Esteves   ,2026-09-22,39,00:00:04
Wallace Christian Gomes Esteves   ,2026-09-23,249,00:00:02
Wallace Christian Gomes Esteves   ,2026-09-23,40,00:00:02
Wallace Christian Gomes Esteves   ,2026-09-23,78,00:00:02
Wallace Christian Gomes Esteves   ,2026-09-23,39,00:00:04
Wallace Christian Gomes Esteves   ,2026-09-23,64,00:00:03
Wallace Christian Gomes Esteves   ,2026-09-23,29,00:00:02
Leonardo Miguel,2026-09-24,40,00:00:03
Leonardo Miguel,2026-09-24,69,00:00:05
Leonardo Miguel,2026-09-24,76,00:00:04
Leonardo Miguel,2026-09-24,156,00:00:05
Leonardo Miguel,2026-09-24,233,00:00:03
Wallace Christian Gomes Esteves   ,2026-09-24,67,00:00:03
Wallace Christian Gomes Esteves   ,2026-09-29,259,00:00:02
Wallace Christian Gomes Esteves   ,2026-09-29,37,00:00:02
Wallace Christian Gomes Esteves   ,2026-09-29,140,00:00:04
Wallace Christian Gomes Esteves   ,2026-09-29,57,00:00:02
Wallace Christian Gomes Esteves   ,2026-09-29,40,00:00:07
Wallace Christian Gomes Esteves   ,2026-09-29,40,00:00:02
Luciano Costa De Aguilar,2026-10-01,69,00:00:02
Luciano Costa De Aguilar,2026-10-01,95,00:00:01
Luciano Costa De Aguilar,2026-10-01,42,00:00:03
Luciano Costa De Aguilar,2026-10-01,235,00:00:02
Luciano Costa De Aguilar,2026-10-01,269,00:00:02
Luciano Costa De Aguilar,2026-10-01,41,00:00:03
Alexsander Campos Silva,2026-10-02,160,00:00:02
Alexsander Campos Silva,2026-10-02,217,00:00:03
Alexsander Campos Silva,2026-10-02,62,00:00:02
Alexsander Campos Silva,2026-10-02,63,00:00:03
Alexsander Campos Silva,2026-10-02,50,00:00:02
Alexsander Campos Silva,2026-10-02,42,00:00:02
Alexsander Campos Silva,2026-09-30,272,00:00:12
Alexsander Campos Silva,2026-09-30,121,00:00:05
Alexsander Campos Silva,2026-09-30,60,00:00:03
Alexsander Campos Silva,2026-09-30,108,00:00:04
Alexsander Campos Silva,2026-09-30,37,00:00:05
Alexsander Campos Silva,2026-09-30,40,00:00:03
Alexsander Campos Silva,2026-10-05,105,00:00:02
Alexsander Campos Silva,2026-10-05,69,00:00:02
Alexsander Campos Silva,2026-10-05,37,00:00:02
Alexsander Campos Silva,2026-10-05,49,00:00:01
Alexsander Campos Silva,2026-10-05,98,00:00:02
Alexsander Campos Silva,2026-10-05,67,00:00:03
Wallace Christian Gomes Esteves   ,2026-09-09,105,00:00:02
Wallace Christian Gomes Esteves   ,2026-09-09,39,00:00:02
Wallace Christian Gomes Esteves   ,2026-09-09,93,00:00:03
Wallace Christian Gomes Esteves   ,2026-09-09,70,00:00:03
Wallace Christian Gomes Esteves   ,2026-09-09,266,00:00:03
Wallace Christian Gomes Esteves   ,2026-09-09,191,00:00:03
João Victor Silva Leal,2026-09-25,136,00:00:48
João Victor Silva Leal,2026-09-25,57,00:00:18
João Victor Silva Leal,2026-09-25,54,00:00:35
João Victor Silva Leal,2026-09-25,132,00:03:00
João Victor Silva Leal,2026-09-25,37,00:00:34
João Victor Silva Leal,2026-09-25,40,00:00:08
Wallace Christian Gomes Esteves   ,2026-09-07,101,00:00:03
Wallace Christian Gomes Esteves   ,2026-09-07,40,00:00:03
Wallace Christian Gomes Esteves   ,2026-09-07,85,00:00:03
Wallace Christian Gomes Esteves   ,2026-09-07,40,00:00:05
Wallace Christian Gomes Esteves   ,2026-09-07,53,00:00:03
Wallace Christian Gomes Esteves   ,2026-09-07,40,00:00:02
Wallace Christian Gomes Esteves   ,2026-09-10,58,00:00:05
Wallace Christian Gomes Esteves   ,2026-09-10,177,00:00:06
Wallace Christian Gomes Esteves   ,2026-09-10,195,00:00:03
Wallace Christian Gomes Esteves   ,2026-09-10,204,00:00:03
Wallace Christian Gomes Esteves   ,2026-09-10,124,00:00:03
Wallace Christian Gomes Esteves   ,2026-09-10,139,00:00:03
Wallace Christian Gomes Esteves   ,2026-09-08,281,00:00:06
Wallace Christian Gomes Esteves   ,2026-09-08,78,00:00:02
Wallace Christian Gomes Esteves   ,2026-09-08,281,00:00:13
Wallace Christian Gomes Esteves   ,2026-09-08,44,00:00:02
Wallace Christian Gomes Esteves   ,2026-09-08,39,00:00:02
Wallace Christian Gomes Esteves   ,2026-09-11,40,00:00:03
Wallace Christian Gomes Esteves   ,2026-09-11,172,00:00:05
Wallace Christian Gomes Esteves   ,2026-09-11,47,00:00:02
Wallace Christian Gomes Esteves   ,2026-09-11,62,00:00:02
Wallace Christian Gomes Esteves   ,2026-09-11,166,00:00:07
Wallace Christian Gomes Esteves   ,2026-09-11,34,00:00:02
Wallace Christian Gomes Esteves   ,2026-09-16,84,00:00:02
Wallace Christian Gomes Esteves   ,2026-09-16,61,00:00:02
Wallace Christian Gomes Esteves   ,2026-09-16,44,00:00:09
Wallace Christian Gomes Esteves   ,2026-09-16,179,00:00:06
Wallace Christian Gomes Esteves   ,2026-09-16,40,00:00:03
Wallace Christian Gomes Esteves   ,2026-09-16,267,00:00:02
Wallace Christian Gomes Esteves   ,2026-09-14,299,00:00:06
Wallace Christian Gomes Esteves   ,2026-09-14,232,00:00:02
Wallace Christian Gomes Esteves   ,2026-09-14,49,00:00:02
Wallace Christian Gomes Esteves   ,2026-09-14,72,00:00:02
Wallace Christian Gomes Esteves   ,2026-09-14,181,00:00:02
Wallace Christian Gomes Esteves   ,2026-09-14,35,00:00:03
Wallace Christian Gomes Esteves   ,2026-09-17,254,00:00:02
Leonardo Miguel,2026-09-17,69,00:00:05
Leonardo Miguel,2026-09-17,140,00:00:45
Wallace Christian Gomes Esteves   ,2026-09-17,51,00:00:02
Wallace Christian Gomes Esteves   ,2026-09-17,150,00:00:02
Wallace Christian Gomes Esteves   ,2026-09-17,43,00:00:03
Wallace Christian Gomes Esteves   ,2026-09-15,40,00:00:04
Wallace Christian Gomes Esteves   ,2026-09-15,114,00:00:02
Wallace Christian Gomes Esteves   ,2026-09-15,68,00:00:02
Wallace Christian Gomes Esteves   ,2026-09-15,41,00:00:06
Wallace Christian Gomes Esteves   ,2026-09-15,290,00:00:02
Wallace Christian Gomes Esteves   ,2026-09-15,40,00:00:10
Wallace Christian Gomes Esteves   ,2026-09-18,39,00:00:02
Wallace Christian Gomes Esteves   ,2026-09-18,40,00:00:03
Wallace Christian Gomes Esteves   ,2026-09-18,195,00:00:03
Wallace Christian Gomes Esteves   ,2026-09-18,62,00:00:02
Wallace Christian Gomes Esteves   ,2026-09-18,162,00:00:02
Wallace Christian Gomes Esteves   ,2026-09-18,36,00:00:03
Wallace Christian Gomes Esteves   ,2026-09-28,258,00:00:02
Wallace Christian Gomes Esteves   ,2026-09-28,387,00:00:03
Wallace Christian Gomes Esteves   ,2026-09-28,207,00:00:04
Wallace Christian Gomes Esteves   ,2026-09-28,111,00:00:02
Wallace Christian Gomes Esteves   ,2026-09-28,40,00:00:02
Wallace Christian Gomes Esteves   ,2026-09-28,25,00:00:07
Wallace Christian Gomes Esteves   ,2026-09-22,39,00:00:05
Wallace Christian Gomes Esteves   ,2026-09-22,79,00:00:02
Wallace Christian Gomes Esteves   ,2026-09-22,40,00:00:02
Wallace Christian Gomes Esteves   ,2026-09-22,213,00:00:02
Wallace Christian Gomes Esteves   ,2026-09-22,40,00:00:02
Wallace Christian Gomes Esteves   ,2026-09-22,86,00:00:02
Wallace Christian Gomes Esteves   ,2026-09-21,229,00:00:02
Wallace Christian Gomes Esteves   ,2026-09-21,247,00:00:02
Wallace Christian Gomes Esteves   ,2026-09-21,87,00:00:02
Wallace Christian Gomes Esteves   ,2026-09-21,190,00:00:02
Wallace Christian Gomes Esteves   ,2026-09-21,44,00:00:03
Wallace Christian Gomes Esteves   ,2026-09-21,225,00:00:03
Wallace Christian Gomes Esteves   ,2026-09-23,165,00:00:04
Wallace Christian Gomes Esteves   ,2026-09-23,34,00:00:02
Wallace Christian Gomes Esteves   ,2026-09-23,60,00:00:05
Wallace Christian Gomes Esteves   ,2026-09-23,40,00:00:05
Wallace Christian Gomes Esteves   ,2026-09-23,223,00:00:09
Wallace Christian Gomes Esteves   ,2026-09-23,144,00:00:02
Wallace Christian Gomes Esteves   ,2026-09-24,66,00:00:09
Leonardo Miguel,2026-09-24,234,00:00:08
Leonardo Miguel,2026-09-24,152,00:00:14
Leonardo Miguel,2026-09-24,55,00:00:05
Wallace Christian Gomes Esteves   ,2026-09-24,207,00:00:34
Wallace Christian Gomes Esteves   ,2026-09-24,41,00:00:06
Wallace Christian Gomes Esteves   ,2026-09-29,121,00:00:05
Wallace Christian Gomes Esteves   ,2026-09-29,102,00:00:02
Wallace Christian Gomes Esteves   ,2026-09-29,40,00:00:03
Wallace Christian Gomes Esteves   ,2026-09-29,37,00:00:03
Wallace Christian Gomes Esteves   ,2026-09-29,40,00:00:02
Wallace Christian Gomes Esteves   ,2026-09-29,62,00:00:02
Luciano Costa De Aguilar,2026-10-01,192,00:00:02
Luciano Costa De Aguilar,2026-10-01,89,00:00:02
Luciano Costa De Aguilar,2026-10-01,203,00:00:02
Luciano Costa De Aguilar,2026-10-01,46,00:00:02
Luciano Costa De Aguilar,2026-10-01,39,00:00:02
Luciano Costa De Aguilar,2026-10-01,144,00:00:03
Alexsander Campos Silva,2026-10-02,53,00:00:02
Alexsander Campos Silva,2026-10-02,134,00:00:02
Alexsander Campos Silva,2026-10-02,152,00:00:02
Alexsander Campos Silva,2026-10-02,60,00:00:03
Alexsander Campos Silva,2026-10-02,40,00:00:03
Alexsander Campos Silva,2026-10-02,32,00:00:03
Wallace Christian Gomes Esteves   ,2026-09-30,31,00:00:02
Wallace Christian Gomes Esteves   ,2026-09-30,96,00:00:02
Wallace Christian Gomes Esteves   ,2026-09-30,41,00:00:02
Wallace Christian Gomes Esteves   ,2026-09-30,168,00:00:02
Wallace Christian Gomes Esteves   ,2026-09-30,67,00:00:02
Wallace Christian Gomes Esteves   ,2026-09-30,293,00:00:03
Wallace Christian Gomes Esteves   ,2026-09-11,19,00:00:03
Wallace Christian Gomes Esteves   ,2026-09-11,72,00:00:05
Wallace Christian Gomes Esteves   ,2026-09-11,50,00:00:04
Wallace Christian Gomes Esteves   ,2026-09-11,215,00:00:04
Wallace Christian Gomes Esteves   ,2026-09-11,48,00:00:02
Wallace Christian Gomes Esteves   ,2026-09-11,40,00:00:02
Wallace Christian Gomes Esteves   ,2026-09-11,50,00:00:03
Wallace Christian Gomes Esteves   ,2026-09-11,144,00:00:03
Leonardo Miguel,2026-09-24,215,00:00:06
Leonardo Miguel,2026-09-24,42,00:00:07
Leonardo Miguel,2026-09-24,100,00:00:03
Leonardo Miguel,2026-09-24,26,00:00:06
Leonardo Miguel,2026-09-24,20,00:00:04
Leonardo Miguel,2026-09-24,188,00:00:05
Leonardo Miguel,2026-09-24,180,00:00:06
Leonardo Miguel,2026-09-24,37,00:00:04
Alexsander Campos Silva,2026-09-30,15,00:00:05
Alexsander Campos Silva,2026-09-30,239,00:00:05
Alexsander Campos Silva,2026-09-30,59,00:00:06
Alexsander Campos Silva,2026-09-30,82,00:00:04
Alexsander Campos Silva,2026-09-30,77,00:00:04
Alexsander Campos Silva,2026-09-30,46,00:00:04
Alexsander Campos Silva,2026-09-30,39,00:00:27
Alexsander Campos Silva,2026-09-30,50,00:00:34
Wallace Christian Gomes Esteves   ,2026-09-09,72,00:00:03
Wallace Christian Gomes Esteves   ,2026-09-09,102,00:00:06
Wallace Christian Gomes Esteves   ,2026-09-09,132,00:00:03
Wallace Christian Gomes Esteves   ,2026-09-09,51,00:00:03
Wallace Christian Gomes Esteves   ,2026-09-09,50,00:00:20
Wallace Christian Gomes Esteves   ,2026-09-09,31,00:00:13
Wallace Christian Gomes Esteves   ,2026-09-09,11,00:00:06
Wallace Christian Gomes Esteves   ,2026-09-09,44,00:00:03
Wallace Christian Gomes Esteves   ,2026-09-04,64,00:00:04
Wallace Christian Gomes Esteves   ,2026-09-04,53,00:00:03
Wallace Christian Gomes Esteves   ,2026-09-04,47,00:00:05
Wallace Christian Gomes Esteves   ,2026-09-04,133,00:00:03
Wallace Christian Gomes Esteves   ,2026-09-04,50,00:00:09
Wallace Christian Gomes Esteves   ,2026-09-04,47,00:00:04
Wallace Christian Gomes Esteves   ,2026-09-04,38,00:00:06
Wallace Christian Gomes Esteves   ,2026-09-04,45,00:00:08
Wallace Christian Gomes Esteves   ,2026-09-10,163,00:00:03
Wallace Christian Gomes Esteves   ,2026-09-10,154,00:00:03
Wallace Christian Gomes Esteves   ,2026-09-10,29,00:00:03
Wallace Christian Gomes Esteves   ,2026-09-10,50,00:00:06
Wallace Christian Gomes Esteves   ,2026-09-10,42,00:00:05
Wallace Christian Gomes Esteves   ,2026-09-10,50,00:00:04
Wallace Christian Gomes Esteves   ,2026-09-10,43,00:00:02
Wallace Christian Gomes Esteves   ,2026-09-10,36,00:00:03
Wallace Christian Gomes Esteves   ,2026-09-08,327,00:00:07
Wallace Christian Gomes Esteves   ,2026-09-08,75,00:00:11
Wallace Christian Gomes Esteves   ,2026-09-08,261,00:00:04
Wallace Christian Gomes Esteves   ,2026-09-08,85,00:00:04
Wallace Christian Gomes Esteves   ,2026-09-08,332,00:00:10
Wallace Christian Gomes Esteves   ,2026-09-08,45,00:00:04
Wallace Christian Gomes Esteves   ,2026-09-08,30,00:00:05
Wallace Christian Gomes Esteves   ,2026-09-08,71,00:00:04
Wallace Christian Gomes Esteves   ,2026-09-14,216,00:00:02
Wallace Christian Gomes Esteves   ,2026-09-14,133,00:00:02
Wallace Christian Gomes Esteves   ,2026-09-14,74,00:00:02
Wallace Christian Gomes Esteves   ,2026-09-14,29,00:00:02
Wallace Christian Gomes Esteves   ,2026-09-14,29,00:00:02
Wallace Christian Gomes Esteves   ,2026-09-14,138,00:00:03
Wallace Christian Gomes Esteves   ,2026-09-14,48,00:00:02
Wallace Christian Gomes Esteves   ,2026-09-14,79,00:00:02
Wallace Christian Gomes Esteves   ,2026-09-15,145,00:00:03
Wallace Christian Gomes Esteves   ,2026-09-15,212,00:00:03
Wallace Christian Gomes Esteves   ,2026-09-15,114,00:00:02
Wallace Christian Gomes Esteves   ,2026-09-15,93,00:00:04
Wallace Christian Gomes Esteves   ,2026-09-15,50,00:00:03
Wallace Christian Gomes Esteves   ,2026-09-15,26,00:00:03
Wallace Christian Gomes Esteves   ,2026-09-15,31,00:00:02
Wallace Christian Gomes Esteves   ,2026-09-15,74,00:00:02
Wallace Christian Gomes Esteves   ,2026-09-18,50,00:00:03
Wallace Christian Gomes Esteves   ,2026-09-18,76,00:00:02
Wallace Christian Gomes Esteves   ,2026-09-18,68,00:00:03
Wallace Christian Gomes Esteves   ,2026-09-18,50,00:00:03
Wallace Christian Gomes Esteves   ,2026-09-18,60,00:00:02
Wallace Christian Gomes Esteves   ,2026-09-18,26,00:00:02
Wallace Christian Gomes Esteves   ,2026-09-18,44,00:00:03
Wallace Christian Gomes Esteves   ,2026-09-18,42,00:00:02
Wallace Christian Gomes Esteves   ,2026-09-16,98,00:00:02
Wallace Christian Gomes Esteves   ,2026-09-16,75,00:00:03
Wallace Christian Gomes Esteves   ,2026-09-16,77,00:00:03
Wallace Christian Gomes Esteves   ,2026-09-16,50,00:00:02
Wallace Christian Gomes Esteves   ,2026-09-16,23,00:00:03
Wallace Christian Gomes Esteves   ,2026-09-16,50,00:00:03
Wallace Christian Gomes Esteves   ,2026-09-16,36,00:00:02
Wallace Christian Gomes Esteves   ,2026-09-16,62,00:00:02
Wallace Christian Gomes Esteves   ,2026-09-17,115,00:00:02
Wallace Christian Gomes Esteves   ,2026-09-17,32,00:00:02
Leonardo Miguel,2026-09-17,138,00:00:03
Wallace Christian Gomes Esteves   ,2026-09-17,29,00:00:02
Wallace Christian Gomes Esteves   ,2026-09-17,43,00:00:02
Wallace Christian Gomes Esteves   ,2026-09-17,57,00:00:03
Wallace Christian Gomes Esteves   ,2026-09-17,55,00:00:02
Wallace Christian Gomes Esteves   ,2026-09-17,50,00:00:03
Wallace Christian Gomes Esteves   ,2026-09-23,50,00:00:03
Wallace Christian Gomes Esteves   ,2026-09-23,115,00:00:02
Wallace Christian Gomes Esteves   ,2026-09-23,22,00:00:03
Wallace Christian Gomes Esteves   ,2026-09-23,50,00:00:03
Wallace Christian Gomes Esteves   ,2026-09-23,80,00:00:04
Wallace Christian Gomes Esteves   ,2026-09-23,15,00:00:02
Wallace Christian Gomes Esteves   ,2026-09-23,49,00:00:05
Wallace Christian Gomes Esteves   ,2026-09-23,169,00:00:02
Wallace Christian Gomes Esteves   ,2026-09-25,73,00:02:56
Wallace Christian Gomes Esteves   ,2026-09-25,50,00:00:02
Wallace Christian Gomes Esteves   ,2026-09-25,92,00:01:59
Wallace Christian Gomes Esteves   ,2026-09-25,117,00:00:01
Wallace Christian Gomes Esteves   ,2026-09-25,50,00:00:50
Wallace Christian Gomes Esteves   ,2026-09-25,34,00:00:39
Wallace Christian Gomes Esteves   ,2026-09-25,50,00:01:30
Wallace Christian Gomes Esteves   ,2026-09-22,68,00:00:01
Wallace Christian Gomes Esteves   ,2026-09-22,73,00:00:02
Wallace Christian Gomes Esteves   ,2026-09-22,114,00:00:03
Wallace Christian Gomes Esteves   ,2026-09-22,75,00:00:02
Wallace Christian Gomes Esteves   ,2026-09-22,71,00:00:04
Wallace Christian Gomes Esteves   ,2026-09-22,50,00:00:03
Wallace Christian Gomes Esteves   ,2026-09-22,45,00:00:04
Wallace Christian Gomes Esteves   ,2026-09-22,33,00:00:03
Wallace Christian Gomes Esteves   ,2026-09-21,43,00:00:02
Wallace Christian Gomes Esteves   ,2026-09-21,148,00:00:04
Wallace Christian Gomes Esteves   ,2026-09-21,36,00:00:02
Wallace Christian Gomes Esteves   ,2026-09-21,68,00:00:02
Wallace Christian Gomes Esteves   ,2026-09-21,25,00:00:02
Wallace Christian Gomes Esteves   ,2026-09-21,178,00:00:03
Wallace Christian Gomes Esteves   ,2026-09-21,25,00:00:03
Wallace Christian Gomes Esteves   ,2026-09-21,300,00:00:06
Wallace Christian Gomes Esteves   ,2026-09-28,47,00:00:03
Wallace Christian Gomes Esteves   ,2026-09-28,178,00:00:02
Wallace Christian Gomes Esteves   ,2026-09-28,59,00:00:02
Wallace Christian Gomes Esteves   ,2026-09-28,75,00:00:02
Wallace Christian Gomes Esteves   ,2026-09-28,85,00:00:01
Wallace Christian Gomes Esteves   ,2026-09-28,200,00:00:02
Wallace Christian Gomes Esteves   ,2026-09-28,58,00:00:02
Wallace Christian Gomes Esteves   ,2026-09-28,189,00:00:02
Luciano Costa De Aguilar,2026-10-01,121,00:00:02
Luciano Costa De Aguilar,2026-10-01,31,00:00:03
Luciano Costa De Aguilar,2026-10-01,39,00:00:02
Luciano Costa De Aguilar,2026-10-01,50,00:00:03
Luciano Costa De Aguilar,2026-10-01,168,00:00:02
Luciano Costa De Aguilar,2026-10-01,50,00:00:03
Luciano Costa De Aguilar,2026-10-01,37,00:00:01
Luciano Costa De Aguilar,2026-10-01,80,00:00:02
Leonardo Miguel,2026-09-29,79,00:00:02
Leonardo Miguel,2026-09-29,179,00:00:02
Leonardo Miguel,2026-09-29,94,00:00:02
Leonardo Miguel,2026-09-29,50,00:00:03
Leonardo Miguel,2026-09-29,102,00:00:02
Leonardo Miguel,2026-09-29,73,00:00:01
Leonardo Miguel,2026-09-29,185,00:00:02
Leonardo Miguel,2026-09-29,24,00:00:02
Alexsander Campos Silva,2026-10-02,89,00:00:03
Alexsander Campos Silva,2026-10-02,50,00:00:03
Alexsander Campos Silva,2026-10-02,50,00:00:02
Alexsander Campos Silva,2026-10-02,146,00:00:02
Alexsander Campos Silva,2026-10-02,122,00:00:02
Alexsander Campos Silva,2026-10-02,70,00:00:02
Alexsander Campos Silva,2026-10-02,35,00:00:03
Alexsander Campos Silva,2026-10-02,50,00:00:02
Alexsander Campos Silva,2026-10-05,49,00:00:03
Alexsander Campos Silva,2026-10-05,18,00:00:03
Alexsander Campos Silva,2026-10-05,42,00:00:10
Alexsander Campos Silva,2026-10-05,154,00:00:04
Alexsander Campos Silva,2026-10-05,25,00:00:03
Alexsander Campos Silva,2026-10-05,23,00:00:04
Alexsander Campos Silva,2026-10-05,161,00:00:04
Luciano Costa De Aguilar,2026-10-05,156,00:00:08
Alexsander Campos Silva,2026-09-03,40,00:00:06
Alexsander Campos Silva,2026-09-03,73,00:01:08
Alexsander Campos Silva,2026-09-03,54,00:00:15
Alexsander Campos Silva,2026-09-03,169,00:00:07
Alexsander Campos Silva,2026-09-03,127,00:00:05
Alexsander Campos Silva,2026-09-03,40,00:00:07
Wallace Christian Gomes Esteves   ,2026-09-04,80,00:00:05
Wallace Christian Gomes Esteves   ,2026-09-04,40,00:00:11
Wallace Christian Gomes Esteves   ,2026-09-04,40,00:00:14
Wallace Christian Gomes Esteves   ,2026-09-04,39,00:00:02
Wallace Christian Gomes Esteves   ,2026-09-04,62,00:00:03
Wallace Christian Gomes Esteves   ,2026-09-04,40,00:00:03
Wallace Christian Gomes Esteves   ,2026-09-11,35,00:00:02
Wallace Christian Gomes Esteves   ,2026-09-11,93,00:00:02
Wallace Christian Gomes Esteves   ,2026-09-11,62,00:00:04
Wallace Christian Gomes Esteves   ,2026-09-11,47,00:00:02
Wallace Christian Gomes Esteves   ,2026-09-11,40,00:00:02
Wallace Christian Gomes Esteves   ,2026-09-11,35,00:00:02
Wallace Christian Gomes Esteves   ,2026-09-09,132,00:00:02
Wallace Christian Gomes Esteves   ,2026-09-09,43,00:00:03
Wallace Christian Gomes Esteves   ,2026-09-09,297,00:00:03
Wallace Christian Gomes Esteves   ,2026-09-09,117,00:00:07
Wallace Christian Gomes Esteves   ,2026-09-09,210,00:00:03
Wallace Christian Gomes Esteves   ,2026-09-09,85,00:00:02
Wallace Christian Gomes Esteves   ,2026-09-08,119,00:00:02
Wallace Christian Gomes Esteves   ,2026-09-08,277,00:00:05
Wallace Christian Gomes Esteves   ,2026-09-08,58,00:00:05
Wallace Christian Gomes Esteves   ,2026-09-08,238,00:00:04
Wallace Christian Gomes Esteves   ,2026-09-08,328,00:00:04
Wallace Christian Gomes Esteves   ,2026-09-08,47,00:00:04
Wallace Christian Gomes Esteves   ,2026-09-10,148,00:00:03
Wallace Christian Gomes Esteves   ,2026-09-10,108,00:00:03
Wallace Christian Gomes Esteves   ,2026-09-10,40,00:00:02
Wallace Christian Gomes Esteves   ,2026-09-10,112,00:00:02
Wallace Christian Gomes Esteves   ,2026-09-10,49,00:00:04
Wallace Christian Gomes Esteves   ,2026-09-10,41,00:00:03
Wallace Christian Gomes Esteves   ,2026-09-21,234,00:00:02
Wallace Christian Gomes Esteves   ,2026-09-21,224,00:00:02
Wallace Christian Gomes Esteves   ,2026-09-21,71,00:00:06
Wallace Christian Gomes Esteves   ,2026-09-21,45,00:00:03
Wallace Christian Gomes Esteves   ,2026-09-21,253,00:00:26
Wallace Christian Gomes Esteves   ,2026-09-21,198,00:00:02
Wallace Christian Gomes Esteves   ,2026-09-14,314,00:00:07
Wallace Christian Gomes Esteves   ,2026-09-14,86,00:00:04
Wallace Christian Gomes Esteves   ,2026-09-14,89,00:00:02
Wallace Christian Gomes Esteves   ,2026-09-14,48,00:00:02
Wallace Christian Gomes Esteves   ,2026-09-14,207,00:00:02
Wallace Christian Gomes Esteves   ,2026-09-14,253,00:00:04
Wallace Christian Gomes Esteves   ,2026-09-16,109,00:00:04
Wallace Christian Gomes Esteves   ,2026-09-16,51,00:00:02
Wallace Christian Gomes Esteves   ,2026-09-16,109,00:00:02
Wallace Christian Gomes Esteves   ,2026-09-16,44,00:00:02
Wallace Christian Gomes Esteves   ,2026-09-16,42,00:00:02
Wallace Christian Gomes Esteves   ,2026-09-16,35,00:00:02
Wallace Christian Gomes Esteves   ,2026-09-18,39,00:03:10
Wallace Christian Gomes Esteves   ,2026-09-18,38,00:00:03
Wallace Christian Gomes Esteves   ,2026-09-18,75,00:00:02
Wallace Christian Gomes Esteves   ,2026-09-18,42,00:00:02
Wallace Christian Gomes Esteves   ,2026-09-18,159,00:00:03
Wallace Christian Gomes Esteves   ,2026-09-18,40,00:00:04
Leonardo Miguel,2026-09-17,86,00:00:20
Leonardo Miguel,2026-09-17,140,00:00:05
Leonardo Miguel,2026-09-17,138,00:00:08
Leonardo Miguel,2026-09-17,40,00:00:03
Leonardo Miguel,2026-09-17,68,00:00:07
Leonardo Miguel,2026-09-17,39,00:01:01
Wallace Christian Gomes Esteves   ,2026-09-22,40,00:00:03
Wallace Christian Gomes Esteves   ,2026-09-22,143,00:00:02
Wallace Christian Gomes Esteves   ,2026-09-22,130,00:00:02
Wallace Christian Gomes Esteves   ,2026-09-22,24,00:00:04
Wallace Christian Gomes Esteves   ,2026-09-22,40,00:00:02
Wallace Christian Gomes Esteves   ,2026-09-22,68,00:00:02
Wallace Christian Gomes Esteves   ,2026-09-25,123,00:00:01
Wallace Christian Gomes Esteves   ,2026-09-25,40,00:00:02
Wallace Christian Gomes Esteves   ,2026-09-25,23,00:00:51
Wallace Christian Gomes Esteves   ,2026-09-25,41,00:00:01
Wallace Christian Gomes Esteves   ,2026-09-25,23,00:00:25
Wallace Christian Gomes Esteves   ,2026-09-25,26,00:00:45
Wallace Christian Gomes Esteves   ,2026-09-23,66,00:00:03
Wallace Christian Gomes Esteves   ,2026-09-23,232,00:00:04
Wallace Christian Gomes Esteves   ,2026-09-23,69,00:00:02
Wallace Christian Gomes Esteves   ,2026-09-23,68,00:00:02
Wallace Christian Gomes Esteves   ,2026-09-23,178,00:00:02
Wallace Christian Gomes Esteves   ,2026-09-23,40,00:00:02
Wallace Christian Gomes Esteves   ,2026-09-24,57,00:00:02
Wallace Christian Gomes Esteves   ,2026-09-24,52,00:00:07
Wallace Christian Gomes Esteves   ,2026-09-24,206,00:00:02
Wallace Christian Gomes Esteves   ,2026-09-24,40,00:00:02
Wallace Christian Gomes Esteves   ,2026-09-24,42,00:00:02
Wallace Christian Gomes Esteves   ,2026-09-24,265,00:00:02
Wallace Christian Gomes Esteves   ,2026-09-28,294,00:00:02
Wallace Christian Gomes Esteves   ,2026-09-28,55,00:00:03
Wallace Christian Gomes Esteves   ,2026-09-28,254,00:00:03
Wallace Christian Gomes Esteves   ,2026-09-28,168,00:00:02
Wallace Christian Gomes Esteves   ,2026-09-28,70,00:00:05
Wallace Christian Gomes Esteves   ,2026-09-28,231,00:00:05
Leonardo Miguel,2026-09-29,59,00:00:02
Leonardo Miguel,2026-09-29,50,00:00:01
Leonardo Miguel,2026-09-29,92,00:00:04
Leonardo Miguel,2026-09-29,35,00:00:05
Leonardo Miguel,2026-09-29,40,00:00:02
Leonardo Miguel,2026-09-29,179,00:00:02
Luciano Costa De Aguilar,2026-10-01,328,00:00:02
Luciano Costa De Aguilar,2026-10-01,68,00:00:05
Luciano Costa De Aguilar,2026-10-01,62,00:00:02
Luciano Costa De Aguilar,2026-10-01,196,00:00:02
Luciano Costa De Aguilar,2026-10-01,38,00:00:02
Luciano Costa De Aguilar,2026-10-01,60,00:00:02
Wallace Christian Gomes Esteves   ,2026-09-30,31,00:00:02
Wallace Christian Gomes Esteves   ,2026-09-30,184,00:00:02
Wallace Christian Gomes Esteves   ,2026-09-30,172,00:00:02
Wallace Christian Gomes Esteves   ,2026-09-30,151,00:00:02
Wallace Christian Gomes Esteves   ,2026-09-30,68,00:00:02
Wallace Christian Gomes Esteves   ,2026-09-30,146,00:00:01
Alexsander Campos Silva,2026-10-02,49,00:00:02
Alexsander Campos Silva,2026-10-02,55,00:00:02
Alexsander Campos Silva,2026-10-02,311,00:00:03
Alexsander Campos Silva,2026-10-02,109,00:00:02
Alexsander Campos Silva,2026-10-02,50,00:00:03
Alexsander Campos Silva,2026-10-02,38,00:00:02
Alexsander Campos Silva,2026-10-05,315,00:00:02
Alexsander Campos Silva,2026-10-05,255,00:00:02
Alexsander Campos Silva,2026-10-05,126,00:00:01
Alexsander Campos Silva,2026-10-05,218,00:00:03
Alexsander Campos Silva,2026-10-05,59,00:02:37
Alexsander Campos Silva,2026-10-05,52,00:00:02
Wallace Christian Gomes Esteves   ,2026-09-15,75,00:00:04
Wallace Christian Gomes Esteves   ,2026-09-15,75,00:00:02
Wallace Christian Gomes Esteves   ,2026-09-15,46,00:00:03
Wallace Christian Gomes Esteves   ,2026-09-15,50,00:00:02
Wallace Christian Gomes Esteves   ,2026-09-15,103,00:00:02
Wallace Christian Gomes Esteves   ,2026-09-15,132,00:00:02
Wallace Christian Gomes Esteves   ,2026-09-15,43,00:00:02
Wallace Christian Gomes Esteves   ,2026-09-15,60,00:00:05
Wallace Christian Gomes Esteves   ,2026-09-15,85,00:00:02
Wallace Christian Gomes Esteves   ,2026-09-15,77,00:00:03
Wallace Christian Gomes Esteves   ,2026-09-30,142,00:00:02
Wallace Christian Gomes Esteves   ,2026-09-30,78,00:00:02
Wallace Christian Gomes Esteves   ,2026-09-30,23,00:00:05
Wallace Christian Gomes Esteves   ,2026-09-30,50,00:00:02
Wallace Christian Gomes Esteves   ,2026-09-30,117,00:00:03
Wallace Christian Gomes Esteves   ,2026-09-30,261,00:00:05
Wallace Christian Gomes Esteves   ,2026-09-30,45,00:00:02
Wallace Christian Gomes Esteves   ,2026-09-30,47,00:00:03
Wallace Christian Gomes Esteves   ,2026-09-30,32,00:00:02
Wallace Christian Gomes Esteves   ,2026-09-30,178,00:00:03
Wallace Christian Gomes Esteves   ,2026-09-21,40,00:00:19
Wallace Christian Gomes Esteves   ,2026-09-21,85,00:00:03
Wallace Christian Gomes Esteves   ,2026-09-21,250,00:00:04
Wallace Christian Gomes Esteves   ,2026-09-21,50,00:00:03
Wallace Christian Gomes Esteves   ,2026-09-21,50,00:00:04
Wallace Christian Gomes Esteves   ,2026-09-21,240,00:00:03
Wallace Christian Gomes Esteves   ,2026-09-21,50,00:00:02
Wallace Christian Gomes Esteves   ,2026-09-21,50,00:00:03
Wallace Christian Gomes Esteves   ,2026-09-21,216,00:00:02
Wallace Christian Gomes Esteves   ,2026-09-21,289,00:00:02
Wallace Christian Gomes Esteves   ,2026-09-28,97,00:00:03
Wallace Christian Gomes Esteves   ,2026-09-28,101,00:00:02
Wallace Christian Gomes Esteves   ,2026-09-28,270,00:00:02
Wallace Christian Gomes Esteves   ,2026-09-28,274,00:00:02
Wallace Christian Gomes Esteves   ,2026-09-28,218,00:00:04
Wallace Christian Gomes Esteves   ,2026-09-28,97,00:00:02
Wallace Christian Gomes Esteves   ,2026-09-28,51,00:00:05
Wallace Christian Gomes Esteves   ,2026-09-28,233,00:00:02
Wallace Christian Gomes Esteves   ,2026-09-28,75,00:00:02
Wallace Christian Gomes Esteves   ,2026-09-28,75,00:00:02
Alexsander Campos Silva,2026-10-05,100,00:00:03
Alexsander Campos Silva,2026-10-05,232,00:00:03
Alexsander Campos Silva,2026-10-05,75,00:00:03
Alexsander Campos Silva,2026-10-05,198,00:00:03
Alexsander Campos Silva,2026-10-05,60,00:00:44
Alexsander Campos Silva,2026-10-05,27,00:00:03
Alexsander Campos Silva,2026-10-05,59,00:00:04
Alexsander Campos Silva,2026-10-05,33,00:00:02
Wallace Christian Gomes Esteves   ,2026-09-07,99,00:00:08
Wallace Christian Gomes Esteves   ,2026-09-07,37,00:00:07
Wallace Christian Gomes Esteves   ,2026-09-07,120,00:00:05
Wallace Christian Gomes Esteves   ,2026-09-07,56,00:00:04
Wallace Christian Gomes Esteves   ,2026-09-07,36,00:00:07
Wallace Christian Gomes Esteves   ,2026-09-07,115,00:00:06
Wallace Christian Gomes Esteves   ,2026-09-09,69,00:00:03
Wallace Christian Gomes Esteves   ,2026-09-09,67,00:00:04
Wallace Christian Gomes Esteves   ,2026-09-09,146,00:00:03
Wallace Christian Gomes Esteves   ,2026-09-09,223,00:00:39
Wallace Christian Gomes Esteves   ,2026-09-09,65,00:00:04
Wallace Christian Gomes Esteves   ,2026-09-09,198,00:00:03
Wallace Christian Gomes Esteves   ,2026-09-08,60,00:00:04
Wallace Christian Gomes Esteves   ,2026-09-08,229,00:00:05
Wallace Christian Gomes Esteves   ,2026-09-08,58,00:00:04
Wallace Christian Gomes Esteves   ,2026-09-08,50,00:00:04
Wallace Christian Gomes Esteves   ,2026-09-08,41,00:00:05
Wallace Christian Gomes Esteves   ,2026-09-08,41,00:00:05
João Victor Silva Leal,2026-09-11,130,00:00:41
João Victor Silva Leal,2026-09-11,135,00:00:18
João Victor Silva Leal,2026-09-11,68,00:00:30
João Victor Silva Leal,2026-09-11,201,00:00:32
João Victor Silva Leal,2026-09-11,50,00:00:23
João Victor Silva Leal,2026-09-11,60,00:00:36
Wallace Christian Gomes Esteves   ,2026-09-14,70,00:00:02
Wallace Christian Gomes Esteves   ,2026-09-14,40,00:00:03
Wallace Christian Gomes Esteves   ,2026-09-14,62,00:00:06
Wallace Christian Gomes Esteves   ,2026-09-14,185,00:00:04
Wallace Christian Gomes Esteves   ,2026-09-14,10,00:00:10
Wallace Christian Gomes Esteves   ,2026-09-14,59,00:00:02
Wallace Christian Gomes Esteves   ,2026-09-10,54,00:00:04
Wallace Christian Gomes Esteves   ,2026-09-10,31,00:00:02
Wallace Christian Gomes Esteves   ,2026-09-10,20,00:00:04
Wallace Christian Gomes Esteves   ,2026-09-10,149,00:00:03
Wallace Christian Gomes Esteves   ,2026-09-10,14,00:00:03
Wallace Christian Gomes Esteves   ,2026-09-10,146,00:00:02
Wallace Christian Gomes Esteves   ,2026-09-16,231,00:00:02
Wallace Christian Gomes Esteves   ,2026-09-16,76,00:00:19
Wallace Christian Gomes Esteves   ,2026-09-16,150,00:00:02
Wallace Christian Gomes Esteves   ,2026-09-16,65,00:00:03
Wallace Christian Gomes Esteves   ,2026-09-16,119,00:00:03
Wallace Christian Gomes Esteves   ,2026-09-16,46,00:00:02
Wallace Christian Gomes Esteves   ,2026-09-18,301,00:00:02
Wallace Christian Gomes Esteves   ,2026-09-18,28,00:00:02
Wallace Christian Gomes Esteves   ,2026-09-18,34,00:00:04
Wallace Christian Gomes Esteves   ,2026-09-18,64,00:00:03
Wallace Christian Gomes Esteves   ,2026-09-18,126,00:00:02
Wallace Christian Gomes Esteves   ,2026-09-18,215,00:00:03
Wallace Christian Gomes Esteves   ,2026-09-17,62,00:00:02
Wallace Christian Gomes Esteves   ,2026-09-17,69,00:00:01
Wallace Christian Gomes Esteves   ,2026-09-17,307,00:00:02
Leonardo Miguel,2026-09-17,70,00:00:09
Leonardo Miguel,2026-09-17,61,00:00:12
Leonardo Miguel,2026-09-17,162,00:00:12
Wallace Christian Gomes Esteves   ,2026-09-21,55,00:00:02
Wallace Christian Gomes Esteves   ,2026-09-21,60,00:00:02
Wallace Christian Gomes Esteves   ,2026-09-21,36,00:00:02
Wallace Christian Gomes Esteves   ,2026-09-21,261,00:00:02
Wallace Christian Gomes Esteves   ,2026-09-21,131,00:00:02
Wallace Christian Gomes Esteves   ,2026-09-21,65,00:00:01
Wallace Christian Gomes Esteves   ,2026-09-22,166,00:00:02
Wallace Christian Gomes Esteves   ,2026-09-22,60,00:00:02
Wallace Christian Gomes Esteves   ,2026-09-22,71,00:00:03
Wallace Christian Gomes Esteves   ,2026-09-22,258,00:00:02
Wallace Christian Gomes Esteves   ,2026-09-22,235,00:00:01
Wallace Christian Gomes Esteves   ,2026-09-22,63,00:00:02
Wallace Christian Gomes Esteves   ,2026-09-25,23,00:00:02
Wallace Christian Gomes Esteves   ,2026-09-25,59,00:00:02
Wallace Christian Gomes Esteves   ,2026-09-25,231,00:00:03
Wallace Christian Gomes Esteves   ,2026-09-25,18,00:00:02
Wallace Christian Gomes Esteves   ,2026-09-25,12,00:00:02
Leonardo Miguel,2026-09-25,164,00:00:12
Wallace Christian Gomes Esteves   ,2026-09-25,17,00:00:04
Wallace Christian Gomes Esteves   ,2026-09-25,187,00:00:02
Wallace Christian Gomes Esteves   ,2026-09-25,173,00:00:02
Wallace Christian Gomes Esteves   ,2026-09-25,59,00:00:10
Wallace Christian Gomes Esteves   ,2026-09-25,27,00:00:03
Wallace Christian Gomes Esteves   ,2026-09-25,21,00:00:02
Wallace Christian Gomes Esteves   ,2026-09-23,78,00:00:03
Wallace Christian Gomes Esteves   ,2026-09-23,117,00:00:02
Wallace Christian Gomes Esteves   ,2026-09-23,126,00:00:03
Wallace Christian Gomes Esteves   ,2026-09-23,65,00:00:02
Wallace Christian Gomes Esteves   ,2026-09-23,228,00:00:02
Wallace Christian Gomes Esteves   ,2026-09-23,23,00:00:03
Alexsander Campos Silva,2026-10-02,42,00:00:03
Alexsander Campos Silva,2026-10-02,94,00:00:02
Alexsander Campos Silva,2026-10-02,31,00:00:02
Alexsander Campos Silva,2026-10-02,64,00:00:04
Alexsander Campos Silva,2026-10-02,61,00:00:05
Alexsander Campos Silva,2026-10-02,8,00:00:03
Alexsander Campos Silva,2026-10-01,150,00:00:07
Alexsander Campos Silva,2026-10-01,47,00:00:03
Alexsander Campos Silva,2026-10-01,35,00:00:05
Alexsander Campos Silva,2026-10-01,68,00:00:03
Alexsander Campos Silva,2026-10-01,224,00:00:05
Alexsander Campos Silva,2026-10-01,46,00:00:02
Wallace Christian Gomes Esteves   ,2026-09-30,150,00:00:08
Wallace Christian Gomes Esteves   ,2026-09-30,291,00:00:04
Wallace Christian Gomes Esteves   ,2026-09-30,69,00:00:03
Wallace Christian Gomes Esteves   ,2026-09-30,69,00:00:05
Wallace Christian Gomes Esteves   ,2026-09-30,63,00:00:04
Wallace Christian Gomes Esteves   ,2026-09-30,86,00:00:06
Alexsander Campos Silva,2026-10-02,68,00:00:03
Alexsander Campos Silva,2026-10-02,60,00:00:03
Alexsander Campos Silva,2026-10-02,42,00:00:03
Alexsander Campos Silva,2026-10-02,273,00:00:02
Alexsander Campos Silva,2026-10-02,31,00:00:03
Alexsander Campos Silva,2026-10-02,189,00:00:03
Alexsander Campos Silva,2026-10-05,320,00:00:03
Alexsander Campos Silva,2026-10-05,89,00:00:03
Alexsander Campos Silva,2026-10-05,98,00:00:03
Alexsander Campos Silva,2026-10-05,236,00:00:05
Alexsander Campos Silva,2026-10-05,256,00:00:04
Alexsander Campos Silva,2026-10-05,274,00:00:03
Wallace Christian Gomes Esteves   ,2026-09-11,30,00:00:03
Wallace Christian Gomes Esteves   ,2026-09-11,21,00:00:03
Wallace Christian Gomes Esteves   ,2026-09-11,79,00:00:10
Wallace Christian Gomes Esteves   ,2026-09-11,45,00:00:03
Wallace Christian Gomes Esteves   ,2026-09-11,95,00:00:03
Wallace Christian Gomes Esteves   ,2026-09-11,134,00:00:04
Leonardo Miguel,2026-09-29,228,00:00:04
Leonardo Miguel,2026-09-29,260,00:00:02
Leonardo Miguel,2026-09-29,84,00:00:02
Leonardo Miguel,2026-09-29,69,00:00:02
Leonardo Miguel,2026-09-29,69,00:00:02
Leonardo Miguel,2026-09-29,46,00:00:02
Wallace Christian Gomes Esteves   ,2026-09-17,256,00:00:02
Wallace Christian Gomes Esteves   ,2026-09-17,216,00:00:03
Wallace Christian Gomes Esteves   ,2026-09-17,65,00:00:02
Wallace Christian Gomes Esteves   ,2026-09-17,48,00:00:02
Wallace Christian Gomes Esteves   ,2026-09-17,121,00:00:04
Wallace Christian Gomes Esteves   ,2026-09-17,69,00:00:05
Wallace Christian Gomes Esteves   ,2026-09-16,67,00:00:02
Wallace Christian Gomes Esteves   ,2026-09-16,40,00:00:02
Wallace Christian Gomes Esteves   ,2026-09-16,43,00:00:18
Wallace Christian Gomes Esteves   ,2026-09-16,56,00:00:02
Wallace Christian Gomes Esteves   ,2026-09-16,130,00:00:02
Wallace Christian Gomes Esteves   ,2026-09-16,141,00:00:06
Wallace Christian Gomes Esteves   ,2026-09-28,205,00:00:02
Wallace Christian Gomes Esteves   ,2026-09-28,110,00:00:02
Wallace Christian Gomes Esteves   ,2026-09-28,244,00:00:03
Wallace Christian Gomes Esteves   ,2026-09-28,57,00:00:02
Wallace Christian Gomes Esteves   ,2026-09-28,238,00:00:03
Wallace Christian Gomes Esteves   ,2026-09-28,43,00:00:03
Wallace Christian Gomes Esteves   ,2026-09-22,190,00:00:01
Wallace Christian Gomes Esteves   ,2026-09-22,237,00:00:02
Wallace Christian Gomes Esteves   ,2026-09-22,26,00:00:02
Wallace Christian Gomes Esteves   ,2026-09-22,62,00:00:02
Wallace Christian Gomes Esteves   ,2026-09-22,80,00:00:03
Wallace Christian Gomes Esteves   ,2026-09-22,115,00:00:03
Wallace Christian Gomes Esteves   ,2026-09-24,117,00:00:02
Wallace Christian Gomes Esteves   ,2026-09-24,58,00:00:07
Wallace Christian Gomes Esteves   ,2026-09-24,98,00:00:03
Wallace Christian Gomes Esteves   ,2026-09-24,40,00:00:02
Wallace Christian Gomes Esteves   ,2026-09-24,36,00:00:02
Wallace Christian Gomes Esteves   ,2026-09-24,31,00:00:02
Wallace Christian Gomes Esteves   ,2026-09-30,74,00:00:03
Wallace Christian Gomes Esteves   ,2026-09-30,234,00:00:03
Wallace Christian Gomes Esteves   ,2026-09-30,320,00:00:04
Wallace Christian Gomes Esteves   ,2026-09-30,45,00:00:02
Wallace Christian Gomes Esteves   ,2026-09-30,49,00:00:02
Wallace Christian Gomes Esteves   ,2026-09-30,64,00:00:02
Wallace Christian Gomes Esteves   ,2026-09-30,121,00:00:01
Wallace Christian Gomes Esteves   ,2026-09-30,192,00:00:08
Wallace Christian Gomes Esteves   ,2026-09-30,48,00:00:02
Wallace Christian Gomes Esteves   ,2026-09-30,40,00:00:02
Wallace Christian Gomes Esteves   ,2026-09-30,39,00:00:02
Wallace Christian Gomes Esteves   ,2026-09-30,39,00:00:02
Wallace Christian Gomes Esteves   ,2026-09-11,60,00:00:03
Wallace Christian Gomes Esteves   ,2026-09-11,20,00:00:04
Wallace Christian Gomes Esteves   ,2026-09-11,27,00:00:04
Wallace Christian Gomes Esteves   ,2026-09-11,124,00:00:03
Wallace Christian Gomes Esteves   ,2026-09-11,117,00:00:02
Wallace Christian Gomes Esteves   ,2026-09-11,156,00:00:03
Wallace Christian Gomes Esteves   ,2026-09-14,177,00:00:03
Wallace Christian Gomes Esteves   ,2026-09-14,50,00:00:05
Wallace Christian Gomes Esteves   ,2026-09-14,62,00:00:03
Wallace Christian Gomes Esteves   ,2026-09-14,192,00:00:07
Wallace Christian Gomes Esteves   ,2026-09-14,74,00:00:08
Wallace Christian Gomes Esteves   ,2026-09-14,253,00:00:08
Wallace Christian Gomes Esteves   ,2026-10-01,40,00:00:05
Wallace Christian Gomes Esteves   ,2026-10-01,82,00:00:05
Wallace Christian Gomes Esteves   ,2026-10-01,151,00:00:08
Wallace Christian Gomes Esteves   ,2026-10-01,60,00:00:06
Wallace Christian Gomes Esteves   ,2026-10-01,64,00:00:09
Wallace Christian Gomes Esteves   ,2026-10-01,38,00:00:05
Wallace Christian Gomes Esteves   ,2026-09-30,21,00:00:02
Wallace Christian Gomes Esteves   ,2026-09-30,60,00:00:04
Wallace Christian Gomes Esteves   ,2026-09-30,63,00:00:02
Wallace Christian Gomes Esteves   ,2026-09-30,32,00:00:02
Wallace Christian Gomes Esteves   ,2026-09-30,26,00:00:02
Wallace Christian Gomes Esteves   ,2026-09-30,10,00:00:11
João Victor Silva Leal,2026-09-11,50,00:00:14
João Victor Silva Leal,2026-09-11,45,00:00:16
João Victor Silva Leal,2026-09-11,38,00:00:32
João Victor Silva Leal,2026-09-11,128,00:00:45
João Victor Silva Leal,2026-09-11,72,00:00:45
João Victor Silva Leal,2026-09-11,129,00:00:33
Alexsander Campos Silva,2026-09-03,238,00:00:04
Alexsander Campos Silva,2026-09-03,117,00:01:56
Alexsander Campos Silva,2026-09-03,48,00:00:03
Alexsander Campos Silva,2026-09-03,50,00:00:04
Alexsander Campos Silva,2026-09-03,50,00:00:05
Alexsander Campos Silva,2026-09-03,64,00:00:03
Wallace Christian Gomes Esteves   ,2026-09-10,32,00:00:03
Wallace Christian Gomes Esteves   ,2026-09-10,59,00:00:04
Wallace Christian Gomes Esteves   ,2026-09-10,33,00:00:03
Wallace Christian Gomes Esteves   ,2026-09-10,169,00:00:02
Wallace Christian Gomes Esteves   ,2026-09-10,50,00:00:05
Wallace Christian Gomes Esteves   ,2026-09-10,104,00:00:03
Wallace Christian Gomes Esteves   ,2026-09-23,50,00:00:02
Wallace Christian Gomes Esteves   ,2026-09-23,25,00:00:02
Wallace Christian Gomes Esteves   ,2026-09-23,357,00:00:02
Wallace Christian Gomes Esteves   ,2026-09-23,67,00:00:03
Wallace Christian Gomes Esteves   ,2026-09-23,46,00:00:02
Wallace Christian Gomes Esteves   ,2026-09-23,270,00:00:03
Wallace Christian Gomes Esteves   ,2026-09-09,153,00:00:04
Wallace Christian Gomes Esteves   ,2026-09-09,50,00:00:05
Wallace Christian Gomes Esteves   ,2026-09-09,68,00:00:02
Wallace Christian Gomes Esteves   ,2026-09-09,188,00:00:02
Wallace Christian Gomes Esteves   ,2026-09-09,128,00:00:03
Wallace Christian Gomes Esteves   ,2026-09-09,34,00:00:03
Wallace Christian Gomes Esteves   ,2026-09-18,39,00:00:06
Wallace Christian Gomes Esteves   ,2026-09-18,162,00:00:02
Wallace Christian Gomes Esteves   ,2026-09-18,35,00:00:02
Wallace Christian Gomes Esteves   ,2026-09-18,50,00:00:02
Wallace Christian Gomes Esteves   ,2026-09-18,54,00:00:04
Wallace Christian Gomes Esteves   ,2026-09-18,131,00:00:03
Wallace Christian Gomes Esteves   ,2026-09-25,39,00:00:03
Wallace Christian Gomes Esteves   ,2026-09-25,114,00:00:03
Wallace Christian Gomes Esteves   ,2026-09-25,47,00:00:02
Wallace Christian Gomes Esteves   ,2026-09-25,123,00:00:13
Wallace Christian Gomes Esteves   ,2026-09-25,46,00:00:02
Wallace Christian Gomes Esteves   ,2026-09-25,50,00:00:02
Wallace Christian Gomes Esteves   ,2026-09-14,64,00:00:02
Wallace Christian Gomes Esteves   ,2026-09-14,227,00:00:02
Wallace Christian Gomes Esteves   ,2026-09-14,313,00:00:02
Wallace Christian Gomes Esteves   ,2026-09-14,117,00:00:02
Wallace Christian Gomes Esteves   ,2026-09-14,67,00:00:03
Wallace Christian Gomes Esteves   ,2026-09-14,40,00:00:02
Wallace Christian Gomes Esteves   ,2026-09-16,50,00:00:03
Wallace Christian Gomes Esteves   ,2026-09-16,91,00:00:02
Wallace Christian Gomes Esteves   ,2026-09-16,60,00:00:02
Wallace Christian Gomes Esteves   ,2026-09-16,43,00:00:02
Wallace Christian Gomes Esteves   ,2026-09-16,173,00:00:02
Wallace Christian Gomes Esteves   ,2026-09-16,262,00:00:02
Wallace Christian Gomes Esteves   ,2026-09-21,38,00:00:08
Wallace Christian Gomes Esteves   ,2026-09-21,288,00:00:02
Wallace Christian Gomes Esteves   ,2026-09-21,67,00:00:02
Wallace Christian Gomes Esteves   ,2026-09-21,143,00:00:02
Wallace Christian Gomes Esteves   ,2026-09-21,199,00:00:02
Wallace Christian Gomes Esteves   ,2026-09-21,42,00:00:02
Wallace Christian Gomes Esteves   ,2026-09-28,43,00:00:01
Wallace Christian Gomes Esteves   ,2026-09-28,348,00:00:02
Wallace Christian Gomes Esteves   ,2026-09-28,52,00:00:02
Wallace Christian Gomes Esteves   ,2026-09-28,298,00:00:02
Wallace Christian Gomes Esteves   ,2026-09-28,209,00:00:02
Wallace Christian Gomes Esteves   ,2026-09-28,37,00:00:02
Wallace Christian Gomes Esteves   ,2026-09-22,35,00:00:03
Wallace Christian Gomes Esteves   ,2026-09-22,259,00:00:03
Wallace Christian Gomes Esteves   ,2026-09-22,109,00:00:05
Wallace Christian Gomes Esteves   ,2026-09-22,215,00:00:14
Wallace Christian Gomes Esteves   ,2026-09-22,141,00:00:02
Wallace Christian Gomes Esteves   ,2026-09-22,29,00:00:02
Leonardo Miguel,2026-09-24,47,00:00:10
Leonardo Miguel,2026-09-24,91,00:00:11
Leonardo Miguel,2026-09-24,251,00:00:25
Leonardo Miguel,2026-09-24,75,00:00:21
Leonardo Miguel,2026-09-24,226,00:00:05
Leonardo Miguel,2026-09-24,44,00:00:08
Luciano Costa De Aguilar,2026-10-02,75,00:00:02
Alexsander Campos Silva,2026-10-02,50,00:00:03
Alexsander Campos Silva,2026-10-02,160,00:00:02
Alexsander Campos Silva,2026-10-02,50,00:00:03
Alexsander Campos Silva,2026-10-02,173,00:00:03
Alexsander Campos Silva,2026-10-02,29,00:00:03
Leonardo Miguel,2026-09-29,193,00:00:02
Leonardo Miguel,2026-09-29,47,00:00:04
Leonardo Miguel,2026-09-29,48,00:00:02
Leonardo Miguel,2026-09-29,138,00:00:02
Leonardo Miguel,2026-09-29,45,00:00:02
Leonardo Miguel,2026-09-29,187,00:00:02
Alexsander Campos Silva,2026-10-05,397,00:00:02
Alexsander Campos Silva,2026-10-05,66,00:00:04
Alexsander Campos Silva,2026-10-05,266,00:00:02
Alexsander Campos Silva,2026-10-05,217,00:00:02
Alexsander Campos Silva,2026-10-05,44,00:00:02
Alexsander Campos Silva,2026-10-05,148,00:00:03
Alexsander Campos Silva,2026-10-01,185,00:00:02
Alexsander Campos Silva,2026-10-01,50,00:00:05
Alexsander Campos Silva,2026-10-01,176,00:00:02
Alexsander Campos Silva,2026-10-01,30,00:00:02
Alexsander Campos Silva,2026-10-01,50,00:00:03
Alexsander Campos Silva,2026-10-01,41,00:00:02
Wallace Christian Gomes Esteves   ,2026-09-30,34,00:00:03
Wallace Christian Gomes Esteves   ,2026-09-30,79,00:00:02
Wallace Christian Gomes Esteves   ,2026-09-30,50,00:00:02
Wallace Christian Gomes Esteves   ,2026-09-30,307,00:00:03
Wallace Christian Gomes Esteves   ,2026-09-30,157,00:00:02
Wallace Christian Gomes Esteves   ,2026-09-30,42,00:00:02
Wallace Christian Gomes Esteves   ,2026-09-11,43,00:00:27
Wallace Christian Gomes Esteves   ,2026-09-11,202,00:00:14
Wallace Christian Gomes Esteves   ,2026-09-11,75,00:00:17
Wallace Christian Gomes Esteves   ,2026-09-11,50,00:00:05
Wallace Christian Gomes Esteves   ,2026-09-11,120,00:00:06
Wallace Christian Gomes Esteves   ,2026-09-11,78,00:00:12
Wallace Christian Gomes Esteves   ,2026-09-11,324,00:00:55
Wallace Christian Gomes Esteves   ,2026-09-11,275,00:00:03
Wallace Christian Gomes Esteves   ,2026-09-11,112,00:00:48
Wallace Christian Gomes Esteves   ,2026-09-11,149,00:00:02
Wallace Christian Gomes Esteves   ,2026-09-24,75,00:00:02
Wallace Christian Gomes Esteves   ,2026-09-24,75,00:00:04
Wallace Christian Gomes Esteves   ,2026-09-24,206,00:00:03
Wallace Christian Gomes Esteves   ,2026-09-24,19,00:00:02
Wallace Christian Gomes Esteves   ,2026-09-24,222,00:00:03
Wallace Christian Gomes Esteves   ,2026-09-24,153,00:00:02
Wallace Christian Gomes Esteves   ,2026-09-24,79,00:00:02
Wallace Christian Gomes Esteves   ,2026-09-24,75,00:00:03
Wallace Christian Gomes Esteves   ,2026-09-24,87,00:00:03
Wallace Christian Gomes Esteves   ,2026-09-24,22,00:00:01
Wallace Christian Gomes Esteves   ,2026-09-30,161,00:00:03
Wallace Christian Gomes Esteves   ,2026-09-30,120,00:00:03
Wallace Christian Gomes Esteves   ,2026-09-30,247,00:00:02
Wallace Christian Gomes Esteves   ,2026-09-30,165,00:00:02
Wallace Christian Gomes Esteves   ,2026-09-30,66,00:00:02
Wallace Christian Gomes Esteves   ,2026-09-30,17,00:00:01
Wallace Christian Gomes Esteves   ,2026-09-30,217,00:00:02
Wallace Christian Gomes Esteves   ,2026-09-30,84,00:00:04
Wallace Christian Gomes Esteves   ,2026-09-30,31,00:00:02
Wallace Christian Gomes Esteves   ,2026-09-30,73,00:00:02
Wallace Christian Gomes Esteves   ,2026-09-28,339,00:00:02
Leonardo Miguel,2026-09-28,436,00:00:12
Wallace Christian Gomes Esteves   ,2026-09-28,93,00:00:02
Wallace Christian Gomes Esteves   ,2026-09-28,84,00:00:02
Wallace Christian Gomes Esteves   ,2026-09-28,79,00:00:02
Wallace Christian Gomes Esteves   ,2026-09-28,27,00:00:03
Wallace Christian Gomes Esteves   ,2026-09-28,264,00:00:03
Wallace Christian Gomes Esteves   ,2026-09-28,215,00:00:02
Wallace Christian Gomes Esteves   ,2026-09-28,75,00:00:03
Wallace Christian Gomes Esteves   ,2026-09-28,75,00:00:02
Wallace Christian Gomes Esteves   ,2026-09-24,75,00:00:02
Wallace Christian Gomes Esteves   ,2026-09-24,185,00:00:02
Wallace Christian Gomes Esteves   ,2026-09-24,340,00:00:14
Wallace Christian Gomes Esteves   ,2026-09-24,75,00:00:05
Wallace Christian Gomes Esteves   ,2026-09-24,128,00:00:06
Wallace Christian Gomes Esteves   ,2026-09-24,91,00:00:02
Wallace Christian Gomes Esteves   ,2026-09-24,75,00:00:06
Wallace Christian Gomes Esteves   ,2026-09-24,41,00:00:05
Wallace Christian Gomes Esteves   ,2026-09-24,159,00:00:02
Wallace Christian Gomes Esteves   ,2026-09-24,75,00:00:02
Wallace Christian Gomes Esteves   ,2026-09-24,89,00:00:03
Wallace Christian Gomes Esteves   ,2026-09-24,97,00:00:02
Wallace Christian Gomes Esteves   ,2026-09-09,50,00:00:02
Wallace Christian Gomes Esteves   ,2026-09-09,89,00:00:02
Wallace Christian Gomes Esteves   ,2026-09-09,9,00:00:15
Wallace Christian Gomes Esteves   ,2026-09-09,77,00:00:03
Wallace Christian Gomes Esteves   ,2026-09-09,21,00:00:03
Wallace Christian Gomes Esteves   ,2026-09-09,39,00:00:06
Wallace Christian Gomes Esteves   ,2026-09-09,48,00:00:03
Wallace Christian Gomes Esteves   ,2026-09-09,66,00:00:03
Wallace Christian Gomes Esteves   ,2026-09-09,25,00:00:03
Wallace Christian Gomes Esteves   ,2026-09-09,138,00:00:03
Wallace Christian Gomes Esteves   ,2026-09-09,124,00:00:02
Wallace Christian Gomes Esteves   ,2026-09-09,33,00:00:03
Wallace Christian Gomes Esteves   ,2026-09-10,19,00:00:02
Wallace Christian Gomes Esteves   ,2026-09-10,114,00:00:03
Wallace Christian Gomes Esteves   ,2026-09-10,23,00:00:02
Wallace Christian Gomes Esteves   ,2026-09-10,127,00:00:02
Wallace Christian Gomes Esteves   ,2026-09-10,120,00:00:09
Wallace Christian Gomes Esteves   ,2026-09-10,75,00:00:11
Wallace Christian Gomes Esteves   ,2026-09-10,75,00:00:03
Wallace Christian Gomes Esteves   ,2026-09-10,235,00:00:09
Wallace Christian Gomes Esteves   ,2026-09-10,291,00:01:39
Wallace Christian Gomes Esteves   ,2026-09-10,62,00:00:03
Wallace Christian Gomes Esteves   ,2026-09-10,74,00:00:04
Wallace Christian Gomes Esteves   ,2026-09-10,152,00:00:02
Leonardo Miguel,2026-09-17,50,00:00:11
Leonardo Miguel,2026-09-17,32,00:00:08
Leonardo Miguel,2026-09-17,288,00:00:18
Leonardo Miguel,2026-09-17,238,00:00:32
Leonardo Miguel,2026-09-17,75,00:00:14
Leonardo Miguel,2026-09-17,237,00:00:11
Leonardo Miguel,2026-09-17,20,00:00:06
Leonardo Miguel,2026-09-17,57,00:00:06
Leonardo Miguel,2026-09-17,75,00:00:03
Leonardo Miguel,2026-09-17,247,00:00:08
Leonardo Miguel,2026-09-17,73,00:00:18
Leonardo Miguel,2026-09-17,37,00:00:06
Alexsander Campos Silva,2026-10-05,223,00:00:02
Alexsander Campos Silva,2026-10-05,218,00:00:02
Alexsander Campos Silva,2026-10-05,118,00:00:02
Alexsander Campos Silva,2026-10-05,117,00:00:02
Alexsander Campos Silva,2026-10-05,109,00:00:02
Alexsander Campos Silva,2026-10-05,24,00:00:02
Alexsander Campos Silva,2026-10-05,101,00:00:02
Alexsander Campos Silva,2026-10-05,79,00:00:02
Alexsander Campos Silva,2026-10-05,42,00:00:02
Alexsander Campos Silva,2026-10-05,73,00:00:03
Alexsander Campos Silva,2026-10-05,67,00:00:02
Alexsander Campos Silva,2026-10-05,241,00:00:02
Wallace Christian Gomes Esteves   ,2026-09-16,43,00:00:03
Wallace Christian Gomes Esteves   ,2026-09-16,12,00:00:02
Wallace Christian Gomes Esteves   ,2026-09-16,15,00:00:03
Wallace Christian Gomes Esteves   ,2026-09-16,25,00:00:03
Wallace Christian Gomes Esteves   ,2026-09-16,28,00:00:02
Wallace Christian Gomes Esteves   ,2026-09-16,24,00:00:02
Wallace Christian Gomes Esteves   ,2026-09-16,124,00:00:02
Wallace Christian Gomes Esteves   ,2026-09-16,151,00:00:02
Wallace Christian Gomes Esteves   ,2026-09-16,83,00:00:03
Wallace Christian Gomes Esteves   ,2026-09-16,33,00:00:02
Wallace Christian Gomes Esteves   ,2026-09-16,42,00:00:04
Wallace Christian Gomes Esteves   ,2026-09-16,82,00:00:02
Wallace Christian Gomes Esteves   ,2026-09-23,75,00:00:02
Wallace Christian Gomes Esteves   ,2026-09-23,24,00:00:02
Wallace Christian Gomes Esteves   ,2026-09-23,150,00:00:03
Wallace Christian Gomes Esteves   ,2026-09-23,74,00:00:02
Wallace Christian Gomes Esteves   ,2026-09-23,51,00:00:02
Wallace Christian Gomes Esteves   ,2026-09-23,180,00:00:04
Wallace Christian Gomes Esteves   ,2026-09-23,30,00:00:02
Wallace Christian Gomes Esteves   ,2026-09-23,169,00:00:02
Wallace Christian Gomes Esteves   ,2026-09-23,52,00:00:02
Wallace Christian Gomes Esteves   ,2026-09-23,10,00:00:02
Wallace Christian Gomes Esteves   ,2026-09-23,3,00:00:03
Wallace Christian Gomes Esteves   ,2026-09-23,64,00:00:02
Wallace Christian Gomes Esteves   ,2026-09-21,264,00:00:04
Wallace Christian Gomes Esteves   ,2026-09-21,120,00:00:02
Wallace Christian Gomes Esteves   ,2026-09-21,240,00:00:03
Wallace Christian Gomes Esteves   ,2026-09-21,57,00:00:36
Wallace Christian Gomes Esteves   ,2026-09-21,360,00:00:02
Wallace Christian Gomes Esteves   ,2026-09-21,97,00:00:03
Wallace Christian Gomes Esteves   ,2026-09-21,306,00:00:03
Wallace Christian Gomes Esteves   ,2026-09-21,75,00:00:05
Wallace Christian Gomes Esteves   ,2026-09-21,106,00:00:06
Wallace Christian Gomes Esteves   ,2026-09-21,60,00:00:02
Wallace Christian Gomes Esteves   ,2026-09-21,78,00:01:04
Wallace Christian Gomes Esteves   ,2026-09-21,247,00:00:02
Alexsander Campos Silva,2026-10-01,54,00:00:08
Alexsander Campos Silva,2026-10-01,153,00:00:04
Alexsander Campos Silva,2026-10-01,209,00:00:03
Alexsander Campos Silva,2026-10-01,123,00:00:09
Alexsander Campos Silva,2026-10-01,284,00:00:04
Alexsander Campos Silva,2026-10-01,290,00:00:05
Alexsander Campos Silva,2026-10-01,26,00:00:05
Alexsander Campos Silva,2026-10-01,30,00:00:25
Alexsander Campos Silva,2026-10-01,75,00:00:05
Alexsander Campos Silva,2026-10-01,263,00:00:03
Alexsander Campos Silva,2026-10-01,39,00:00:04
Alexsander Campos Silva,2026-10-01,75,00:00:04
Wallace Christian Gomes Esteves   ,2026-09-28,235,00:00:03
Wallace Christian Gomes Esteves   ,2026-09-28,249,00:00:02
Wallace Christian Gomes Esteves   ,2026-09-28,187,00:00:01
Wallace Christian Gomes Esteves   ,2026-09-28,77,00:00:02
Wallace Christian Gomes Esteves   ,2026-09-28,102,00:00:02
Wallace Christian Gomes Esteves   ,2026-09-28,14,00:00:02
Wallace Christian Gomes Esteves   ,2026-09-28,89,00:00:01
Wallace Christian Gomes Esteves   ,2026-09-28,92,00:00:02
Wallace Christian Gomes Esteves   ,2026-09-28,78,00:00:01
Wallace Christian Gomes Esteves   ,2026-09-28,136,00:00:08
Wallace Christian Gomes Esteves   ,2026-09-28,5,00:00:06
Wallace Christian Gomes Esteves   ,2026-09-28,38,00:00:02
Wallace Christian Gomes Esteves   ,2026-09-30,16,00:00:02
Wallace Christian Gomes Esteves   ,2026-09-30,121,00:00:01
Wallace Christian Gomes Esteves   ,2026-09-30,119,00:00:02
Wallace Christian Gomes Esteves   ,2026-09-30,71,00:00:02
Wallace Christian Gomes Esteves   ,2026-09-30,56,00:00:02
Wallace Christian Gomes Esteves   ,2026-09-30,9,00:00:02
Wallace Christian Gomes Esteves   ,2026-09-30,68,00:00:02
Wallace Christian Gomes Esteves   ,2026-09-30,47,00:00:03
Wallace Christian Gomes Esteves   ,2026-09-30,36,00:00:02
Wallace Christian Gomes Esteves   ,2026-09-30,64,00:00:02
Wallace Christian Gomes Esteves   ,2026-09-30,46,00:00:03
Wallace Christian Gomes Esteves   ,2026-09-30,67,00:00:02
Wallace Christian Gomes Esteves   ,2026-09-14,44,00:00:14
Wallace Christian Gomes Esteves   ,2026-09-14,208,00:00:05
Wallace Christian Gomes Esteves   ,2026-09-14,75,00:00:05
Wallace Christian Gomes Esteves   ,2026-09-14,133,00:00:12
Wallace Christian Gomes Esteves   ,2026-09-14,295,00:00:03
Wallace Christian Gomes Esteves   ,2026-09-14,226,00:00:02
Wallace Christian Gomes Esteves   ,2026-09-14,82,00:00:03
Wallace Christian Gomes Esteves   ,2026-09-14,84,00:00:03
Wallace Christian Gomes Esteves   ,2026-09-14,49,00:00:03
Wallace Christian Gomes Esteves   ,2026-09-14,59,00:00:02
Wallace Christian Gomes Esteves   ,2026-09-14,331,00:00:06
Wallace Christian Gomes Esteves   ,2026-09-14,194,00:00:06
Wallace Christian Gomes Esteves   ,2026-09-18,75,00:00:02
Wallace Christian Gomes Esteves   ,2026-09-18,42,00:00:02
Wallace Christian Gomes Esteves   ,2026-09-18,62,00:00:02
Wallace Christian Gomes Esteves   ,2026-09-18,35,00:00:02
Wallace Christian Gomes Esteves   ,2026-09-18,6,00:00:02
Wallace Christian Gomes Esteves   ,2026-09-18,213,00:00:02
Wallace Christian Gomes Esteves   ,2026-09-18,207,00:00:02
Wallace Christian Gomes Esteves   ,2026-09-18,154,00:00:04
Wallace Christian Gomes Esteves   ,2026-09-18,37,00:00:02
Wallace Christian Gomes Esteves   ,2026-09-18,54,00:00:02
Wallace Christian Gomes Esteves   ,2026-09-18,21,00:00:03
Wallace Christian Gomes Esteves   ,2026-09-18,10,00:00:02
João Victor Silva Leal,2026-09-30,325,00:01:03
João Victor Silva Leal,2026-09-30,353,00:00:16
João Victor Silva Leal,2026-09-30,140,00:00:25
João Victor Silva Leal,2026-09-30,174,00:00:51
João Victor Silva Leal,2026-09-30,86,00:00:25
João Victor Silva Leal,2026-09-30,75,00:00:09
João Victor Silva Leal,2026-09-30,75,00:00:05
João Victor Silva Leal,2026-09-30,75,00:00:12
João Victor Silva Leal,2026-09-30,43,00:01:22
João Victor Silva Leal,2026-09-30,81,00:00:47
João Victor Silva Leal,2026-09-30,45,00:00:31
Wallace Christian Gomes Esteves   ,2026-09-28,371,00:00:02
Wallace Christian Gomes Esteves   ,2026-09-28,157,00:00:06
Wallace Christian Gomes Esteves   ,2026-09-28,314,00:00:02
Wallace Christian Gomes Esteves   ,2026-09-28,84,00:00:04
Wallace Christian Gomes Esteves   ,2026-09-28,306,00:00:05
Wallace Christian Gomes Esteves   ,2026-09-28,254,00:00:03
Wallace Christian Gomes Esteves   ,2026-09-28,139,00:00:02
Wallace Christian Gomes Esteves   ,2026-09-28,81,00:00:02
Wallace Christian Gomes Esteves   ,2026-09-28,82,00:00:02
Wallace Christian Gomes Esteves   ,2026-09-28,52,00:00:02
Wallace Christian Gomes Esteves   ,2026-09-28,50,00:00:01
Wallace Christian Gomes Esteves   ,2026-09-28,84,00:00:02
Wallace Christian Gomes Esteves   ,2026-09-23,237,00:00:01
Wallace Christian Gomes Esteves   ,2026-09-23,308,00:00:03
Wallace Christian Gomes Esteves   ,2026-09-23,421,00:00:02
Wallace Christian Gomes Esteves   ,2026-09-23,429,00:00:02
Wallace Christian Gomes Esteves   ,2026-09-23,345,00:00:02
Wallace Christian Gomes Esteves   ,2026-09-23,198,00:00:02
Wallace Christian Gomes Esteves   ,2026-09-23,173,00:00:02
Wallace Christian Gomes Esteves   ,2026-09-23,84,00:00:02
Wallace Christian Gomes Esteves   ,2026-09-23,70,00:00:05
Wallace Christian Gomes Esteves   ,2026-09-23,50,00:00:03
Wallace Christian Gomes Esteves   ,2026-09-23,84,00:00:08
Wallace Christian Gomes Esteves   ,2026-09-23,84,00:00:02
João Victor Silva Leal,2026-09-30,168,00:00:21
Alexsander Campos Silva,2026-10-05,266,00:00:02
Alexsander Campos Silva,2026-10-05,141,00:00:02
Alexsander Campos Silva,2026-10-05,44,00:00:02
Alexsander Campos Silva,2026-10-05,260,00:00:02
Alexsander Campos Silva,2026-10-05,84,00:00:02
Alexsander Campos Silva,2026-10-05,129,00:00:02
Alexsander Campos Silva,2026-10-05,232,00:00:02
Alexsander Campos Silva,2026-10-05,93,00:00:02
Alexsander Campos Silva,2026-10-05,84,00:00:02
Alexsander Campos Silva,2026-10-05,347,00:00:02
Alexsander Campos Silva,2026-10-05,378,00:00:02
Alexsander Campos Silva,2026-10-05,49,00:00:02
Wallace Christian Gomes Esteves   ,2026-09-11,40,00:00:03
Wallace Christian Gomes Esteves   ,2026-09-11,80,00:00:03
Wallace Christian Gomes Esteves   ,2026-09-11,15,00:00:03
Wallace Christian Gomes Esteves   ,2026-09-11,23,00:00:08
Wallace Christian Gomes Esteves   ,2026-09-11,45,00:00:05
Wallace Christian Gomes Esteves   ,2026-09-11,16,00:00:11
Wallace Christian Gomes Esteves   ,2026-09-14,176,00:00:10
Wallace Christian Gomes Esteves   ,2026-09-14,232,00:00:13
Wallace Christian Gomes Esteves   ,2026-09-14,190,00:00:16
Wallace Christian Gomes Esteves   ,2026-09-14,37,00:00:05
Wallace Christian Gomes Esteves   ,2026-09-14,259,00:00:09
Wallace Christian Gomes Esteves   ,2026-09-14,70,00:00:05
Leonardo Miguel,2026-09-24,256,00:00:07
Wallace Christian Gomes Esteves   ,2026-09-24,20,00:00:06
Wallace Christian Gomes Esteves   ,2026-09-24,188,00:00:02
Leonardo Miguel,2026-09-24,26,00:00:06
Wallace Christian Gomes Esteves   ,2026-09-24,58,00:00:02
Wallace Christian Gomes Esteves   ,2026-09-24,42,00:00:03
Wallace Christian Gomes Esteves   ,2026-09-22,170,00:00:03
Wallace Christian Gomes Esteves   ,2026-09-22,151,00:00:02
Wallace Christian Gomes Esteves   ,2026-09-22,140,00:00:02
Wallace Christian Gomes Esteves   ,2026-09-22,65,00:00:04
Wallace Christian Gomes Esteves   ,2026-09-22,40,00:00:02
Wallace Christian Gomes Esteves   ,2026-09-22,36,00:00:02
Wallace Christian Gomes Esteves   ,2026-09-28,47,00:00:02
Wallace Christian Gomes Esteves   ,2026-09-28,207,00:00:02
Wallace Christian Gomes Esteves   ,2026-09-28,146,00:00:03
Wallace Christian Gomes Esteves   ,2026-09-28,45,00:00:03
Wallace Christian Gomes Esteves   ,2026-09-28,163,00:00:02
Wallace Christian Gomes Esteves   ,2026-09-28,275,00:00:03
Leonardo Miguel,2026-09-29,29,00:00:03
Leonardo Miguel,2026-09-29,37,00:00:02
Leonardo Miguel,2026-09-29,209,00:00:01
Leonardo Miguel,2026-09-29,189,00:00:02
Leonardo Miguel,2026-09-29,74,00:00:01
Leonardo Miguel,2026-09-29,41,00:00:02
Wallace Christian Gomes Esteves   ,2026-09-30,42,00:00:02
Wallace Christian Gomes Esteves   ,2026-09-30,86,00:00:02
Wallace Christian Gomes Esteves   ,2026-09-30,120,00:00:03
Wallace Christian Gomes Esteves   ,2026-09-30,175,00:00:02
Wallace Christian Gomes Esteves   ,2026-09-30,265,00:00:02
Wallace Christian Gomes Esteves   ,2026-10-01,46,00:00:03
Wallace Christian Gomes Esteves   ,2026-10-01,176,00:00:03
Wallace Christian Gomes Esteves   ,2026-10-01,321,00:00:05
Wallace Christian Gomes Esteves   ,2026-10-01,71,00:00:03
Wallace Christian Gomes Esteves   ,2026-10-01,86,00:00:04
Wallace Christian Gomes Esteves   ,2026-10-01,30,00:00:03
Wallace Christian Gomes Esteves   ,2026-09-04,105,00:00:03
Wallace Christian Gomes Esteves   ,2026-09-04,64,00:00:03
Wallace Christian Gomes Esteves   ,2026-09-04,36,00:00:50
Wallace Christian Gomes Esteves   ,2026-09-04,40,00:00:03
Wallace Christian Gomes Esteves   ,2026-09-04,60,00:00:05
Wallace Christian Gomes Esteves   ,2026-09-04,216,00:00:03
Wallace Christian Gomes Esteves   ,2026-09-14,148,00:00:03
Wallace Christian Gomes Esteves   ,2026-09-14,71,00:00:04
Wallace Christian Gomes Esteves   ,2026-09-14,222,00:00:03
Wallace Christian Gomes Esteves   ,2026-09-14,324,00:00:07
Wallace Christian Gomes Esteves   ,2026-09-14,230,00:00:03
Wallace Christian Gomes Esteves   ,2026-09-14,54,00:00:02
Wallace Christian Gomes Esteves   ,2026-09-08,43,00:00:04
Wallace Christian Gomes Esteves   ,2026-09-08,236,00:00:07
Wallace Christian Gomes Esteves   ,2026-09-08,237,00:00:05
Wallace Christian Gomes Esteves   ,2026-09-08,83,00:00:03
Wallace Christian Gomes Esteves   ,2026-09-08,65,00:00:03
Wallace Christian Gomes Esteves   ,2026-09-22,160,00:00:03
Wallace Christian Gomes Esteves   ,2026-09-22,139,00:00:03
Wallace Christian Gomes Esteves   ,2026-09-22,40,00:00:03
Wallace Christian Gomes Esteves   ,2026-09-22,46,00:00:29
Wallace Christian Gomes Esteves   ,2026-09-22,193,00:00:02
Wallace Christian Gomes Esteves   ,2026-09-22,88,00:00:13
Wallace Christian Gomes Esteves   ,2026-09-21,44,00:00:02
Wallace Christian Gomes Esteves   ,2026-09-21,216,00:00:03
Wallace Christian Gomes Esteves   ,2026-09-21,259,00:00:02
Wallace Christian Gomes Esteves   ,2026-09-21,74,00:00:02
Wallace Christian Gomes Esteves   ,2026-09-21,217,00:00:02
Wallace Christian Gomes Esteves   ,2026-09-21,336,00:00:02
Wallace Christian Gomes Esteves   ,2026-09-23,57,00:00:04
Wallace Christian Gomes Esteves   ,2026-09-23,51,00:00:02
Wallace Christian Gomes Esteves   ,2026-09-23,41,00:00:02
Wallace Christian Gomes Esteves   ,2026-09-23,154,00:00:02
Wallace Christian Gomes Esteves   ,2026-09-23,47,00:00:02
Wallace Christian Gomes Esteves   ,2026-09-23,39,00:00:02
Alexsander Campos Silva,2026-09-24,59,00:01:27
Alexsander Campos Silva,2026-09-24,39,00:00:41
Wallace Christian Gomes Esteves   ,2026-09-24,20,00:00:04
Wallace Christian Gomes Esteves   ,2026-09-24,73,00:00:02
Wallace Christian Gomes Esteves   ,2026-09-24,236,00:00:02
Wallace Christian Gomes Esteves   ,2026-09-24,133,00:00:01
Leonardo Miguel,2026-09-29,53,00:00:03
Leonardo Miguel,2026-09-29,44,00:00:02
Leonardo Miguel,2026-09-29,38,00:00:02
Leonardo Miguel,2026-09-29,260,00:00:02
Leonardo Miguel,2026-09-29,179,00:00:02
Leonardo Miguel,2026-09-29,67,00:00:02
Wallace Christian Gomes Esteves   ,2026-09-28,212,00:00:02
Wallace Christian Gomes Esteves   ,2026-09-28,165,00:00:02
Wallace Christian Gomes Esteves   ,2026-09-28,40,00:00:02
Wallace Christian Gomes Esteves   ,2026-09-28,137,00:00:02
Wallace Christian Gomes Esteves   ,2026-09-28,22,00:00:03
Wallace Christian Gomes Esteves   ,2026-09-28,59,00:00:02
Wallace Christian Gomes Esteves   ,2026-09-30,56,00:00:04
Wallace Christian Gomes Esteves   ,2026-09-30,40,00:00:02
Wallace Christian Gomes Esteves   ,2026-09-30,59,00:00:04
Wallace Christian Gomes Esteves   ,2026-09-30,276,00:00:02
Wallace Christian Gomes Esteves   ,2026-09-30,182,00:00:02
Wallace Christian Gomes Esteves   ,2026-09-30,60,00:00:02
Wallace Christian Gomes Esteves   ,2026-09-21,86,00:00:11
Wallace Christian Gomes Esteves   ,2026-09-21,273,00:00:07
Wallace Christian Gomes Esteves   ,2026-09-21,91,00:00:04
Wallace Christian Gomes Esteves   ,2026-09-21,238,00:00:02
Wallace Christian Gomes Esteves   ,2026-09-21,104,00:00:05
Wallace Christian Gomes Esteves   ,2026-09-21,33,00:00:02
Wallace Christian Gomes Esteves   ,2026-09-21,75,00:00:02
Wallace Christian Gomes Esteves   ,2026-09-21,58,00:00:03
Wallace Christian Gomes Esteves   ,2026-09-21,45,00:00:03
Wallace Christian Gomes Esteves   ,2026-09-30,264,00:00:05
Wallace Christian Gomes Esteves   ,2026-09-30,124,00:00:01
Wallace Christian Gomes Esteves   ,2026-09-30,131,00:00:04
Wallace Christian Gomes Esteves   ,2026-09-30,124,00:00:03
Wallace Christian Gomes Esteves   ,2026-09-30,235,00:00:09
Wallace Christian Gomes Esteves   ,2026-09-30,49,00:00:06
Wallace Christian Gomes Esteves   ,2026-09-30,147,00:00:02
Wallace Christian Gomes Esteves   ,2026-09-30,226,00:00:02
Wallace Christian Gomes Esteves   ,2026-09-30,75,00:00:02
Wallace Christian Gomes Esteves   ,2026-09-30,75,00:00:02
Alexsander Campos Silva,2026-09-23,221,00:00:04
Alexsander Campos Silva,2026-09-23,35,00:00:02
Alexsander Campos Silva,2026-09-23,78,00:00:02
Alexsander Campos Silva,2026-09-23,242,00:00:02
Alexsander Campos Silva,2026-09-23,242,00:00:03
Alexsander Campos Silva,2026-09-23,380,00:00:03
Alexsander Campos Silva,2026-09-23,84,00:00:02
Alexsander Campos Silva,2026-09-23,84,00:00:02
Alexsander Campos Silva,2026-09-23,84,00:00:03
Alexsander Campos Silva,2026-09-23,216,00:00:02
Wallace Christian Gomes Esteves   ,2026-09-25,347,00:00:13
Wallace Christian Gomes Esteves   ,2026-09-25,243,00:00:02
Wallace Christian Gomes Esteves   ,2026-09-25,139,00:00:02
Wallace Christian Gomes Esteves   ,2026-09-25,107,00:00:02
Wallace Christian Gomes Esteves   ,2026-09-25,211,00:00:02
Wallace Christian Gomes Esteves   ,2026-09-25,75,00:00:02
Wallace Christian Gomes Esteves   ,2026-09-25,39,00:00:02
Wallace Christian Gomes Esteves   ,2026-09-25,68,00:00:02
Wallace Christian Gomes Esteves   ,2026-09-25,61,00:00:02
Wallace Christian Gomes Esteves   ,2026-09-25,75,00:00:02
Wallace Christian Gomes Esteves   ,2026-09-29,242,00:00:03
Wallace Christian Gomes Esteves   ,2026-09-29,216,00:00:02
Wallace Christian Gomes Esteves   ,2026-09-29,264,00:00:14
Wallace Christian Gomes Esteves   ,2026-09-29,75,00:00:16
Wallace Christian Gomes Esteves   ,2026-09-29,75,00:00:05
Wallace Christian Gomes Esteves   ,2026-09-29,50,00:00:03
Wallace Christian Gomes Esteves   ,2026-09-29,53,00:00:05
Wallace Christian Gomes Esteves   ,2026-09-29,41,00:00:05
Wallace Christian Gomes Esteves   ,2026-09-29,75,00:00:02
Wallace Christian Gomes Esteves   ,2026-09-29,75,00:00:06
Wallace Christian Gomes Esteves   ,2026-09-22,53,00:00:02
Wallace Christian Gomes Esteves   ,2026-09-22,52,00:00:02
Wallace Christian Gomes Esteves   ,2026-09-22,44,00:00:03
Wallace Christian Gomes Esteves   ,2026-09-22,26,00:00:07
Wallace Christian Gomes Esteves   ,2026-09-22,15,00:00:02
Wallace Christian Gomes Esteves   ,2026-09-22,15,00:00:02
Wallace Christian Gomes Esteves   ,2026-09-22,15,00:00:01
Wallace Christian Gomes Esteves   ,2026-09-22,128,00:00:03
Wallace Christian Gomes Esteves   ,2026-09-22,111,00:00:03
Wallace Christian Gomes Esteves   ,2026-09-22,88,00:00:02
Wallace Christian Gomes Esteves   ,2026-09-11,27,00:00:03
Wallace Christian Gomes Esteves   ,2026-09-11,71,00:00:03
Wallace Christian Gomes Esteves   ,2026-09-11,84,00:00:03
Wallace Christian Gomes Esteves   ,2026-09-11,28,00:00:04
Wallace Christian Gomes Esteves   ,2026-09-11,60,00:00:03
Wallace Christian Gomes Esteves   ,2026-09-11,44,00:00:03
Wallace Christian Gomes Esteves   ,2026-09-11,61,00:00:03
Wallace Christian Gomes Esteves   ,2026-09-11,264,00:00:07
Wallace Christian Gomes Esteves   ,2026-09-11,23,00:00:02
Wallace Christian Gomes Esteves   ,2026-09-11,22,00:00:03
Wallace Christian Gomes Esteves   ,2026-09-14,75,00:00:29
Wallace Christian Gomes Esteves   ,2026-09-14,60,00:00:06
Wallace Christian Gomes Esteves   ,2026-09-14,75,00:00:03
Wallace Christian Gomes Esteves   ,2026-09-14,48,00:00:04
Wallace Christian Gomes Esteves   ,2026-09-14,171,00:00:09
Wallace Christian Gomes Esteves   ,2026-09-14,27,00:00:04
Wallace Christian Gomes Esteves   ,2026-09-14,32,00:00:06
Wallace Christian Gomes Esteves   ,2026-09-14,163,00:00:06
Wallace Christian Gomes Esteves   ,2026-09-14,115,00:00:07
Wallace Christian Gomes Esteves   ,2026-09-14,20,00:00:03
Wallace Christian Gomes Esteves   ,2026-09-24,30,00:00:02
Wallace Christian Gomes Esteves   ,2026-09-24,79,00:00:02
Wallace Christian Gomes Esteves   ,2026-09-24,74,00:00:02
Wallace Christian Gomes Esteves   ,2026-09-24,22,00:00:02
Wallace Christian Gomes Esteves   ,2026-09-24,281,00:00:02
Wallace Christian Gomes Esteves   ,2026-09-24,263,00:00:02
Wallace Christian Gomes Esteves   ,2026-09-24,85,00:00:02
Wallace Christian Gomes Esteves   ,2026-09-24,243,00:00:01
Wallace Christian Gomes Esteves   ,2026-09-24,206,00:00:02
Wallace Christian Gomes Esteves   ,2026-09-24,75,00:00:03
Wallace Christian Gomes Esteves   ,2026-09-28,10,00:00:02
Wallace Christian Gomes Esteves   ,2026-09-28,75,00:00:02
Wallace Christian Gomes Esteves   ,2026-09-28,60,00:00:02
Wallace Christian Gomes Esteves   ,2026-09-28,89,00:00:02
Wallace Christian Gomes Esteves   ,2026-09-28,122,00:00:02
Wallace Christian Gomes Esteves   ,2026-09-28,164,00:00:02
Wallace Christian Gomes Esteves   ,2026-09-28,142,00:00:01
Wallace Christian Gomes Esteves   ,2026-09-28,10,00:00:03
Wallace Christian Gomes Esteves   ,2026-09-28,19,00:00:01
Wallace Christian Gomes Esteves   ,2026-09-28,19,00:00:04
Wallace Christian Gomes Esteves   ,2026-10-01,170,00:00:02
Wallace Christian Gomes Esteves   ,2026-10-01,32,00:00:02
Wallace Christian Gomes Esteves   ,2026-10-01,103,00:00:03
Wallace Christian Gomes Esteves   ,2026-10-01,38,00:00:02
Wallace Christian Gomes Esteves   ,2026-10-01,91,00:00:08
Wallace Christian Gomes Esteves   ,2026-10-01,77,00:00:02
Wallace Christian Gomes Esteves   ,2026-10-01,53,00:00:02
Wallace Christian Gomes Esteves   ,2026-10-01,30,00:00:02
Wallace Christian Gomes Esteves   ,2026-10-01,20,00:00:04
Wallace Christian Gomes Esteves   ,2026-10-01,21,00:00:09
Wallace Christian Gomes Esteves   ,2026-09-17,29,00:00:02
Wallace Christian Gomes Esteves   ,2026-09-17,25,00:00:03
Wallace Christian Gomes Esteves   ,2026-09-17,28,00:00:03
Wallace Christian Gomes Esteves   ,2026-09-17,35,00:00:02
Wallace Christian Gomes Esteves   ,2026-09-17,133,00:00:02
Wallace Christian Gomes Esteves   ,2026-09-17,34,00:00:02
Wallace Christian Gomes Esteves   ,2026-09-17,40,00:00:02
Wallace Christian Gomes Esteves   ,2026-09-17,134,00:00:01
Wallace Christian Gomes Esteves   ,2026-09-17,75,00:00:02
Wallace Christian Gomes Esteves   ,2026-09-17,58,00:00:02
Alexsander Campos Silva,2026-10-05,31,00:00:03
Alexsander Campos Silva,2026-10-05,59,00:00:03
Alexsander Campos Silva,2026-10-05,57,00:00:04
Alexsander Campos Silva,2026-10-05,78,00:00:04
Alexsander Campos Silva,2026-10-05,82,00:00:03
Alexsander Campos Silva,2026-10-05,51,00:00:03
Alexsander Campos Silva,2026-10-05,23,00:00:03
Alexsander Campos Silva,2026-10-05,27,00:00:04
Alexsander Campos Silva,2026-10-05,23,00:00:03
Alexsander Campos Silva,2026-10-05,18,00:00:03
Alexsander Campos Silva,2026-09-03,131,00:00:04
Alexsander Campos Silva,2026-09-03,173,00:00:07
Alexsander Campos Silva,2026-09-03,75,00:00:34
Alexsander Campos Silva,2026-09-03,67,00:00:05
Alexsander Campos Silva,2026-09-03,58,00:00:07
Alexsander Campos Silva,2026-09-03,22,00:00:06
Alexsander Campos Silva,2026-09-03,105,00:00:04
Alexsander Campos Silva,2026-09-03,73,00:00:04
Alexsander Campos Silva,2026-09-03,22,00:00:20
Alexsander Campos Silva,2026-09-03,33,00:01:10
Wallace Christian Gomes Esteves   ,2026-09-04,115,00:00:05
Wallace Christian Gomes Esteves   ,2026-09-04,16,00:00:04
Wallace Christian Gomes Esteves   ,2026-09-04,64,00:00:09
Wallace Christian Gomes Esteves   ,2026-09-04,43,00:00:05
Wallace Christian Gomes Esteves   ,2026-09-04,46,00:00:03
Wallace Christian Gomes Esteves   ,2026-09-04,15,00:00:06
Wallace Christian Gomes Esteves   ,2026-09-04,25,00:00:05
Wallace Christian Gomes Esteves   ,2026-09-04,186,00:00:10
Wallace Christian Gomes Esteves   ,2026-09-04,53,00:00:04
Wallace Christian Gomes Esteves   ,2026-09-04,58,00:00:04
Wallace Christian Gomes Esteves   ,2026-09-08,216,00:00:03
Wallace Christian Gomes Esteves   ,2026-09-08,78,00:00:05
Wallace Christian Gomes Esteves   ,2026-09-08,50,00:00:04
Wallace Christian Gomes Esteves   ,2026-09-08,59,00:00:08
Wallace Christian Gomes Esteves   ,2026-09-08,99,00:00:06
Wallace Christian Gomes Esteves   ,2026-09-08,118,00:00:04
Wallace Christian Gomes Esteves   ,2026-09-08,75,00:00:07
Wallace Christian Gomes Esteves   ,2026-09-08,31,00:00:05
Wallace Christian Gomes Esteves   ,2026-09-08,95,00:00:08
Wallace Christian Gomes Esteves   ,2026-09-08,29,00:00:05
Wallace Christian Gomes Esteves   ,2026-09-09,182,00:00:06
Wallace Christian Gomes Esteves   ,2026-09-09,120,00:00:16
Wallace Christian Gomes Esteves   ,2026-09-09,75,00:00:08
Wallace Christian Gomes Esteves   ,2026-09-09,141,00:00:12
Wallace Christian Gomes Esteves   ,2026-09-09,17,00:00:03
Wallace Christian Gomes Esteves   ,2026-09-09,210,00:00:03
Wallace Christian Gomes Esteves   ,2026-09-09,65,00:00:07
Wallace Christian Gomes Esteves   ,2026-09-09,16,00:00:16
Wallace Christian Gomes Esteves   ,2026-09-09,48,00:00:10
Wallace Christian Gomes Esteves   ,2026-09-09,122,00:00:29
Wallace Christian Gomes Esteves   ,2026-09-10,160,00:00:05
Wallace Christian Gomes Esteves   ,2026-09-10,93,00:00:04
Wallace Christian Gomes Esteves   ,2026-09-10,30,00:00:02
Wallace Christian Gomes Esteves   ,2026-09-10,28,00:00:03
Wallace Christian Gomes Esteves   ,2026-09-10,75,00:00:03
Wallace Christian Gomes Esteves   ,2026-09-10,119,00:00:08
Wallace Christian Gomes Esteves   ,2026-09-10,75,00:00:10
Wallace Christian Gomes Esteves   ,2026-09-10,170,00:00:03
Wallace Christian Gomes Esteves   ,2026-09-10,52,00:00:06
Wallace Christian Gomes Esteves   ,2026-09-10,26,00:00:04
João Victor Silva Leal,2026-09-11,75,00:00:06
João Victor Silva Leal,2026-09-11,64,00:00:31
João Victor Silva Leal,2026-09-11,86,00:01:00
João Victor Silva Leal,2026-09-11,165,00:01:15
João Victor Silva Leal,2026-09-11,60,00:00:34
João Victor Silva Leal,2026-09-11,59,00:01:01
João Victor Silva Leal,2026-09-11,154,00:00:30
João Victor Silva Leal,2026-09-11,110,00:01:46
João Victor Silva Leal,2026-09-11,25,00:00:14
João Victor Silva Leal,2026-09-11,31,00:00:39
Wallace Christian Gomes Esteves   ,2026-09-16,300,00:00:02
Wallace Christian Gomes Esteves   ,2026-09-16,75,00:00:02
Wallace Christian Gomes Esteves   ,2026-09-16,175,00:00:02
Wallace Christian Gomes Esteves   ,2026-09-16,29,00:00:03
Wallace Christian Gomes Esteves   ,2026-09-16,75,00:00:02
Wallace Christian Gomes Esteves   ,2026-09-16,102,00:00:03
Wallace Christian Gomes Esteves   ,2026-09-16,80,00:00:02
Wallace Christian Gomes Esteves   ,2026-09-16,46,00:00:02
Wallace Christian Gomes Esteves   ,2026-09-16,111,00:00:02
Wallace Christian Gomes Esteves   ,2026-09-16,75,00:00:03
Wallace Christian Gomes Esteves   ,2026-09-21,264,00:00:03
Wallace Christian Gomes Esteves   ,2026-09-21,264,00:00:10
Wallace Christian Gomes Esteves   ,2026-09-21,264,00:00:03
Wallace Christian Gomes Esteves   ,2026-09-21,264,00:00:08
Wallace Christian Gomes Esteves   ,2026-09-21,264,00:00:03
Wallace Christian Gomes Esteves   ,2026-09-21,21,00:00:04
Wallace Christian Gomes Esteves   ,2026-09-21,49,00:00:03
Wallace Christian Gomes Esteves   ,2026-09-21,164,00:00:10
Wallace Christian Gomes Esteves   ,2026-09-21,120,00:00:03
Wallace Christian Gomes Esteves   ,2026-09-21,62,00:00:30
Wallace Christian Gomes Esteves   ,2026-09-22,75,00:00:03
Wallace Christian Gomes Esteves   ,2026-09-22,138,00:00:02
Wallace Christian Gomes Esteves   ,2026-09-22,69,00:00:03
Wallace Christian Gomes Esteves   ,2026-09-22,75,00:00:02
Wallace Christian Gomes Esteves   ,2026-09-22,134,00:00:13
Wallace Christian Gomes Esteves   ,2026-09-18,21,00:00:02
Wallace Christian Gomes Esteves   ,2026-09-18,91,00:00:03
Wallace Christian Gomes Esteves   ,2026-09-18,155,00:00:03
Wallace Christian Gomes Esteves   ,2026-09-18,111,00:00:03
Wallace Christian Gomes Esteves   ,2026-09-18,17,00:04:53
Wallace Christian Gomes Esteves   ,2026-09-18,29,00:00:02
Wallace Christian Gomes Esteves   ,2026-09-18,19,00:00:07
Wallace Christian Gomes Esteves   ,2026-09-18,42,00:00:03
Wallace Christian Gomes Esteves   ,2026-09-18,77,00:00:06
Wallace Christian Gomes Esteves   ,2026-09-18,75,00:00:05
Wallace Christian Gomes Esteves   ,2026-09-22,65,00:00:02
Wallace Christian Gomes Esteves   ,2026-09-22,75,00:00:03
Wallace Christian Gomes Esteves   ,2026-09-22,182,00:00:02
Wallace Christian Gomes Esteves   ,2026-09-22,102,00:00:02
Wallace Christian Gomes Esteves   ,2026-09-22,110,00:00:02
Wallace Christian Gomes Esteves   ,2026-09-25,36,00:01:45
João Victor Silva Leal,2026-09-25,127,00:00:49
João Victor Silva Leal,2026-09-25,75,00:00:46
João Victor Silva Leal,2026-09-25,21,00:00:32
João Victor Silva Leal,2026-09-25,75,00:00:17
João Victor Silva Leal,2026-09-25,39,00:00:36
João Victor Silva Leal,2026-09-25,78,00:00:47
João Victor Silva Leal,2026-09-25,19,00:00:09
João Victor Silva Leal,2026-09-25,41,00:00:34
João Victor Silva Leal,2026-09-25,112,00:00:29
Wallace Christian Gomes Esteves   ,2026-09-29,113,00:00:03
Wallace Christian Gomes Esteves   ,2026-09-29,73,00:00:03
Wallace Christian Gomes Esteves   ,2026-09-29,155,00:00:02
Wallace Christian Gomes Esteves   ,2026-09-29,56,00:00:02
Wallace Christian Gomes Esteves   ,2026-09-29,75,00:00:02
Wallace Christian Gomes Esteves   ,2026-09-29,14,00:00:02
Wallace Christian Gomes Esteves   ,2026-09-29,56,00:00:03
Wallace Christian Gomes Esteves   ,2026-09-29,63,00:00:02
Wallace Christian Gomes Esteves   ,2026-09-29,38,00:00:03
Wallace Christian Gomes Esteves   ,2026-09-29,74,00:00:03
Wallace Christian Gomes Esteves   ,2026-09-28,134,00:00:02
Wallace Christian Gomes Esteves   ,2026-09-28,75,00:00:02
Wallace Christian Gomes Esteves   ,2026-09-28,8,00:00:02
Wallace Christian Gomes Esteves   ,2026-09-28,8,00:00:02
Wallace Christian Gomes Esteves   ,2026-09-28,75,00:00:04
Wallace Christian Gomes Esteves   ,2026-09-28,40,00:00:02
Wallace Christian Gomes Esteves   ,2026-09-28,57,00:00:02
Wallace Christian Gomes Esteves   ,2026-09-28,60,00:00:02
Wallace Christian Gomes Esteves   ,2026-09-28,8,00:00:02
Wallace Christian Gomes Esteves   ,2026-09-28,73,00:00:02
Alexsander Campos Silva,2026-10-01,60,00:00:03
Alexsander Campos Silva,2026-10-01,76,00:00:09
Alexsander Campos Silva,2026-10-01,152,00:00:05
Alexsander Campos Silva,2026-10-01,113,00:00:03
Alexsander Campos Silva,2026-10-01,22,00:00:04
Alexsander Campos Silva,2026-10-01,18,00:00:05
Wallace Christian Gomes Esteves   ,2026-09-23,30,00:00:02
Wallace Christian Gomes Esteves   ,2026-09-23,187,00:00:02
Wallace Christian Gomes Esteves   ,2026-09-23,75,00:00:02
Wallace Christian Gomes Esteves   ,2026-09-23,113,00:00:04
Wallace Christian Gomes Esteves   ,2026-09-23,41,00:00:03
Wallace Christian Gomes Esteves   ,2026-09-23,198,00:00:02
Wallace Christian Gomes Esteves   ,2026-09-23,75,00:00:03
Wallace Christian Gomes Esteves   ,2026-09-23,32,00:00:02
Wallace Christian Gomes Esteves   ,2026-09-23,119,00:00:03
Wallace Christian Gomes Esteves   ,2026-09-23,42,00:00:03
Wallace Christian Gomes Esteves   ,2026-09-24,209,00:00:02
Wallace Christian Gomes Esteves   ,2026-09-24,75,00:00:08
Wallace Christian Gomes Esteves   ,2026-09-24,36,00:00:02
Wallace Christian Gomes Esteves   ,2026-09-24,241,00:00:02
Wallace Christian Gomes Esteves   ,2026-09-24,133,00:00:02
Wallace Christian Gomes Esteves   ,2026-09-24,76,00:00:02
Wallace Christian Gomes Esteves   ,2026-09-24,199,00:00:02
Wallace Christian Gomes Esteves   ,2026-09-24,75,00:00:09
Wallace Christian Gomes Esteves   ,2026-09-24,18,00:00:09
Wallace Christian Gomes Esteves   ,2026-09-24,25,00:00:02
Alexsander Campos Silva,2026-10-02,90,00:00:03
Alexsander Campos Silva,2026-10-02,88,00:00:03
Alexsander Campos Silva,2026-10-02,114,00:00:03
Alexsander Campos Silva,2026-10-02,75,00:00:03
Luciano Costa De Aguilar,2026-10-02,97,00:00:03
Alexsander Campos Silva,2026-10-02,72,00:00:04
Alexsander Campos Silva,2026-10-02,74,00:00:05
Alexsander Campos Silva,2026-10-02,27,00:00:03
Alexsander Campos Silva,2026-10-02,24,00:00:03
Alexsander Campos Silva,2026-10-02,36,00:00:04
Wallace Christian Gomes Esteves   ,2026-09-30,224,00:00:03
Wallace Christian Gomes Esteves   ,2026-09-30,90,00:02:48
Wallace Christian Gomes Esteves   ,2026-09-30,150,00:00:01
Alexsander Campos Silva,2026-09-30,299,00:13:08
Wallace Christian Gomes Esteves   ,2026-09-30,84,00:00:01
Wallace Christian Gomes Esteves   ,2026-09-30,75,00:00:43
Alexsander Campos Silva,2026-09-30,84,00:00:07
Wallace Christian Gomes Esteves   ,2026-09-30,43,00:02:02
Alexsander Campos Silva,2026-09-30,104,00:02:29
Wallace Christian Gomes Esteves   ,2026-09-30,232,00:05:56
Alexsander Campos Silva,2026-09-03,74,00:00:35
Alexsander Campos Silva,2026-09-03,85,00:03:43
Alexsander Campos Silva,2026-09-03,153,00:07:01
Alexsander Campos Silva,2026-09-03,50,00:00:47
Alexsander Campos Silva,2026-09-03,20,00:00:59
Alexsander Campos Silva,2026-09-03,31,00:02:34
Alexsander Campos Silva,2026-09-03,18,00:00:54
Alexsander Campos Silva,2026-09-03,64,00:01:35
Wallace Christian Gomes Esteves   ,2026-09-09,75,00:00:05
Wallace Christian Gomes Esteves   ,2026-09-09,258,00:00:05
Wallace Christian Gomes Esteves   ,2026-09-09,276,00:00:04
Wallace Christian Gomes Esteves   ,2026-09-09,116,00:00:02
Wallace Christian Gomes Esteves   ,2026-09-09,86,00:00:03
Wallace Christian Gomes Esteves   ,2026-09-09,112,00:00:06
Wallace Christian Gomes Esteves   ,2026-09-09,41,00:00:04
Wallace Christian Gomes Esteves   ,2026-09-09,71,00:00:07
Wallace Christian Gomes Esteves   ,2026-09-09,64,00:00:03
Wallace Christian Gomes Esteves   ,2026-09-09,75,00:00:07
Wallace Christian Gomes Esteves   ,2026-09-04,69,00:00:08
Wallace Christian Gomes Esteves   ,2026-09-04,75,00:00:08
Wallace Christian Gomes Esteves   ,2026-09-04,36,00:00:03
Wallace Christian Gomes Esteves   ,2026-09-04,15,00:00:03
Wallace Christian Gomes Esteves   ,2026-09-04,78,00:00:04
Wallace Christian Gomes Esteves   ,2026-09-04,90,00:00:04
Wallace Christian Gomes Esteves   ,2026-09-04,79,00:00:05
Wallace Christian Gomes Esteves   ,2026-09-04,78,00:00:05
Wallace Christian Gomes Esteves   ,2026-09-04,51,00:00:02
Wallace Christian Gomes Esteves   ,2026-09-04,86,00:00:03
João Victor Silva Leal,2026-09-11,132,00:00:09
Wallace Christian Gomes Esteves   ,2026-09-11,64,00:00:16
Leonardo Miguel,2026-09-11,18,00:00:07
Leonardo Miguel,2026-09-11,75,00:00:22
Leonardo Miguel,2026-09-11,17,00:00:13
Leonardo Miguel,2026-09-11,74,00:00:08
Leonardo Miguel,2026-09-11,71,00:00:09
Wallace Christian Gomes Esteves   ,2026-09-11,141,00:00:02
Wallace Christian Gomes Esteves   ,2026-09-11,136,00:00:03
Wallace Christian Gomes Esteves   ,2026-09-11,44,00:00:18
Wallace Christian Gomes Esteves   ,2026-09-17,20,00:00:04
Wallace Christian Gomes Esteves   ,2026-09-17,23,00:00:44
Wallace Christian Gomes Esteves   ,2026-09-17,157,00:00:03
Wallace Christian Gomes Esteves   ,2026-09-17,39,00:00:02
Wallace Christian Gomes Esteves   ,2026-09-17,56,00:00:02
Wallace Christian Gomes Esteves   ,2026-09-17,72,00:00:02
Wallace Christian Gomes Esteves   ,2026-09-17,75,00:00:02
Wallace Christian Gomes Esteves   ,2026-09-17,101,00:00:02
Wallace Christian Gomes Esteves   ,2026-09-17,97,00:00:02
Wallace Christian Gomes Esteves   ,2026-09-17,75,00:00:03
Wallace Christian Gomes Esteves   ,2026-09-15,104,00:00:03
Wallace Christian Gomes Esteves   ,2026-09-15,85,00:00:02
Wallace Christian Gomes Esteves   ,2026-09-15,100,00:00:03
Wallace Christian Gomes Esteves   ,2026-09-15,25,00:00:42
Wallace Christian Gomes Esteves   ,2026-09-15,75,00:00:03
Wallace Christian Gomes Esteves   ,2026-09-15,75,00:00:06
Wallace Christian Gomes Esteves   ,2026-09-15,34,00:00:04
Wallace Christian Gomes Esteves   ,2026-09-15,27,00:00:03
Wallace Christian Gomes Esteves   ,2026-09-15,75,00:00:02
Wallace Christian Gomes Esteves   ,2026-09-15,75,00:00:17
Wallace Christian Gomes Esteves   ,2026-09-16,177,00:00:02
Wallace Christian Gomes Esteves   ,2026-09-16,168,00:00:02
Wallace Christian Gomes Esteves   ,2026-09-16,146,00:00:03
Wallace Christian Gomes Esteves   ,2026-09-16,117,00:00:03
Wallace Christian Gomes Esteves   ,2026-09-16,86,00:00:03
Wallace Christian Gomes Esteves   ,2026-09-16,120,00:00:05
Wallace Christian Gomes Esteves   ,2026-09-16,68,00:00:02
Wallace Christian Gomes Esteves   ,2026-09-16,24,00:00:04
Wallace Christian Gomes Esteves   ,2026-09-16,75,00:00:03
Wallace Christian Gomes Esteves   ,2026-09-16,12,00:00:04
Wallace Christian Gomes Esteves   ,2026-09-18,132,00:00:02
Wallace Christian Gomes Esteves   ,2026-09-18,31,00:00:02
Wallace Christian Gomes Esteves   ,2026-09-18,75,00:00:01
Wallace Christian Gomes Esteves   ,2026-09-18,80,00:00:03
Wallace Christian Gomes Esteves   ,2026-09-18,73,00:00:02
Wallace Christian Gomes Esteves   ,2026-09-18,19,00:00:02
Wallace Christian Gomes Esteves   ,2026-09-18,31,00:00:02
Wallace Christian Gomes Esteves   ,2026-09-18,25,00:00:06
Wallace Christian Gomes Esteves   ,2026-09-18,10,00:00:03
Wallace Christian Gomes Esteves   ,2026-09-18,50,00:00:03
Wallace Christian Gomes Esteves   ,2026-09-23,94,00:00:02
Wallace Christian Gomes Esteves   ,2026-09-23,136,00:00:02
Wallace Christian Gomes Esteves   ,2026-09-23,26,00:00:57
Wallace Christian Gomes Esteves   ,2026-09-23,44,00:00:03
Wallace Christian Gomes Esteves   ,2026-09-23,75,00:00:02
Wallace Christian Gomes Esteves   ,2026-09-23,14,00:00:02
Wallace Christian Gomes Esteves   ,2026-09-23,75,00:00:03
Wallace Christian Gomes Esteves   ,2026-09-23,99,00:00:02
Wallace Christian Gomes Esteves   ,2026-09-23,78,00:00:02
Wallace Christian Gomes Esteves   ,2026-09-23,78,00:00:02
Wallace Christian Gomes Esteves   ,2026-09-25,174,00:00:02
Wallace Christian Gomes Esteves   ,2026-09-25,38,00:00:02
Wallace Christian Gomes Esteves   ,2026-09-25,57,00:00:02
Wallace Christian Gomes Esteves   ,2026-09-25,77,00:00:06
Wallace Christian Gomes Esteves   ,2026-09-25,74,00:00:03
Wallace Christian Gomes Esteves   ,2026-09-25,26,00:00:02
Wallace Christian Gomes Esteves   ,2026-09-25,17,00:00:02
Wallace Christian Gomes Esteves   ,2026-09-25,27,00:00:02
Wallace Christian Gomes Esteves   ,2026-09-25,56,00:00:04
Wallace Christian Gomes Esteves   ,2026-09-25,75,00:00:03
Wallace Christian Gomes Esteves   ,2026-09-21,254,00:00:02
Wallace Christian Gomes Esteves   ,2026-09-21,219,00:00:54
Wallace Christian Gomes Esteves   ,2026-09-21,360,00:00:06
Wallace Christian Gomes Esteves   ,2026-09-21,378,00:00:02
Wallace Christian Gomes Esteves   ,2026-09-21,394,00:00:03
Wallace Christian Gomes Esteves   ,2026-09-21,382,00:00:04
Wallace Christian Gomes Esteves   ,2026-09-21,360,00:00:07
Wallace Christian Gomes Esteves   ,2026-09-21,218,00:00:13
Wallace Christian Gomes Esteves   ,2026-09-21,331,00:00:02
Wallace Christian Gomes Esteves   ,2026-09-21,378,00:00:02
Wallace Christian Gomes Esteves   ,2026-09-22,67,00:00:02
Wallace Christian Gomes Esteves   ,2026-09-22,85,00:00:20
Wallace Christian Gomes Esteves   ,2026-09-22,75,00:00:04
Wallace Christian Gomes Esteves   ,2026-09-22,49,00:00:02
Wallace Christian Gomes Esteves   ,2026-09-22,75,00:00:02
Wallace Christian Gomes Esteves   ,2026-09-22,75,00:00:02
Wallace Christian Gomes Esteves   ,2026-09-22,75,00:00:02
Wallace Christian Gomes Esteves   ,2026-09-24,84,00:00:07
Wallace Christian Gomes Esteves   ,2026-09-24,74,00:00:02
Wallace Christian Gomes Esteves   ,2026-09-24,89,00:00:02
Wallace Christian Gomes Esteves   ,2026-09-24,66,00:00:03
Wallace Christian Gomes Esteves   ,2026-09-24,65,00:00:02
Wallace Christian Gomes Esteves   ,2026-09-24,41,00:00:02
Wallace Christian Gomes Esteves   ,2026-09-24,75,00:00:04
Wallace Christian Gomes Esteves   ,2026-09-24,137,00:00:08
Wallace Christian Gomes Esteves   ,2026-09-24,20,00:00:03
Wallace Christian Gomes Esteves   ,2026-09-28,75,00:00:03
Wallace Christian Gomes Esteves   ,2026-09-28,75,00:00:03
Wallace Christian Gomes Esteves   ,2026-09-28,75,00:00:03
Wallace Christian Gomes Esteves   ,2026-09-28,75,00:00:02
Wallace Christian Gomes Esteves   ,2026-09-28,75,00:00:03
Wallace Christian Gomes Esteves   ,2026-09-28,118,00:00:02
Wallace Christian Gomes Esteves   ,2026-09-28,14,00:00:02
Wallace Christian Gomes Esteves   ,2026-09-28,55,00:00:02
Wallace Christian Gomes Esteves   ,2026-09-28,79,00:00:02
Wallace Christian Gomes Esteves   ,2026-09-28,75,00:00:24
Wallace Christian Gomes Esteves   ,2026-09-30,32,00:00:18
Wallace Christian Gomes Esteves   ,2026-09-30,310,00:00:02
Wallace Christian Gomes Esteves   ,2026-09-30,186,00:00:05
Wallace Christian Gomes Esteves   ,2026-09-30,89,00:00:02
Wallace Christian Gomes Esteves   ,2026-09-30,254,00:00:04
Wallace Christian Gomes Esteves   ,2026-09-30,112,00:00:02
Wallace Christian Gomes Esteves   ,2026-09-30,75,00:00:17
Wallace Christian Gomes Esteves   ,2026-09-30,71,00:00:02
Wallace Christian Gomes Esteves   ,2026-09-30,76,00:00:03
Wallace Christian Gomes Esteves   ,2026-09-30,75,00:00:03
Alexsander Campos Silva,2026-10-02,48,00:00:04
Alexsander Campos Silva,2026-10-02,28,00:00:02
Alexsander Campos Silva,2026-10-02,36,00:00:03
Alexsander Campos Silva,2026-10-02,75,00:00:03
Alexsander Campos Silva,2026-10-02,158,00:00:10
Alexsander Campos Silva,2026-10-02,177,00:00:22
Alexsander Campos Silva,2026-10-02,206,00:00:05
Alexsander Campos Silva,2026-10-02,75,00:00:02
Alexsander Campos Silva,2026-10-02,60,00:00:04
Alexsander Campos Silva,2026-10-02,67,00:00:04
Alexsander Campos Silva,2026-10-01,132,00:00:04
Alexsander Campos Silva,2026-10-01,139,00:00:03
Alexsander Campos Silva,2026-10-01,41,00:00:03
Alexsander Campos Silva,2026-10-01,75,00:00:04
Alexsander Campos Silva,2026-10-01,41,00:00:03
Alexsander Campos Silva,2026-10-01,65,00:00:03
Alexsander Campos Silva,2026-10-01,29,00:00:03
Alexsander Campos Silva,2026-10-05,75,00:00:07
Alexsander Campos Silva,2026-10-05,75,00:00:10
Alexsander Campos Silva,2026-10-05,69,00:00:15
Alexsander Campos Silva,2026-10-05,48,00:00:08
Alexsander Campos Silva,2026-10-05,75,00:00:02
Alexsander Campos Silva,2026-10-05,75,00:00:02
Alexsander Campos Silva,2026-10-05,289,00:00:02
Alexsander Campos Silva,2026-10-05,76,00:00:02
Alexsander Campos Silva,2026-10-05,75,00:00:02
Alexsander Campos Silva,2026-10-05,68,00:00:03
Wanderson Felipe De Almeida Santos,2026-10-02,75,00:00:03
Wanderson Felipe De Almeida Santos,2026-10-02,300,00:00:06
Wanderson Felipe De Almeida Santos,2026-10-02,94,00:00:02
Wanderson Felipe De Almeida Santos,2026-10-02,32,00:00:01
Wanderson Felipe De Almeida Santos,2026-10-02,50,00:00:03
Wanderson Felipe De Almeida Santos,2026-10-02,138,00:00:09
Wanderson Felipe De Almeida Santos,2026-10-02,75,00:00:02
Wanderson Felipe De Almeida Santos,2026-10-02,25,00:00:02
Wanderson Felipe De Almeida Santos,2026-10-02,146,00:00:02
Wanderson Felipe De Almeida Santos,2026-10-02,275,00:00:02
Wanderson Felipe De Almeida Santos,2026-10-02,202,00:00:02
Wanderson Felipe De Almeida Santos,2026-10-02,311,00:00:02
Wanderson Felipe De Almeida Santos,2026-10-02,76,00:00:02
Wanderson Felipe De Almeida Santos,2026-10-02,151,00:00:02
Wanderson Felipe De Almeida Santos,2026-10-02,75,00:00:02
Wanderson Felipe De Almeida Santos,2026-10-02,13,00:00:02
Wanderson Felipe De Almeida Santos,2026-10-02,73,00:00:01
Wanderson Felipe De Almeida Santos,2026-10-02,50,00:00:02
Wanderson Felipe De Almeida Santos,2026-10-02,24,00:00:02
Wanderson Felipe De Almeida Santos,2026-10-02,17,00:00:02
Wallace Christian Gomes Esteves   ,2026-09-16,28,00:00:13
Wallace Christian Gomes Esteves   ,2026-09-16,260,00:00:03
Wallace Christian Gomes Esteves   ,2026-09-24,198,00:00:02
Wallace Christian Gomes Esteves   ,2026-09-24,203,00:00:02
Wallace Christian Gomes Esteves   ,2026-09-24,52,00:00:02
Wallace Christian Gomes Esteves   ,2026-09-24,70,00:00:02
Wallace Christian Gomes Esteves   ,2026-09-24,20,00:00:04
Wallace Christian Gomes Esteves   ,2026-09-24,10,00:00:03
Wallace Christian Gomes Esteves   ,2026-09-24,50,00:00:02
Wallace Christian Gomes Esteves   ,2026-09-24,55,00:00:03
Wallace Christian Gomes Esteves   ,2026-09-24,264,00:00:02
Wallace Christian Gomes Esteves   ,2026-09-24,42,00:00:03
Wallace Christian Gomes Esteves   ,2026-09-24,264,00:00:02
Wallace Christian Gomes Esteves   ,2026-09-24,120,00:00:03
Wallace Christian Gomes Esteves   ,2026-09-21,63,00:00:14
Wallace Christian Gomes Esteves   ,2026-09-21,44,00:00:02
Wallace Christian Gomes Esteves   ,2026-09-21,130,00:00:03
Wallace Christian Gomes Esteves   ,2026-09-21,217,00:00:04
Wallace Christian Gomes Esteves   ,2026-09-21,75,00:00:05
Wallace Christian Gomes Esteves   ,2026-09-21,132,00:00:03
Wallace Christian Gomes Esteves   ,2026-09-21,75,00:00:03
Wallace Christian Gomes Esteves   ,2026-09-21,291,00:00:02
Wallace Christian Gomes Esteves   ,2026-09-21,340,00:00:02
Wallace Christian Gomes Esteves   ,2026-09-21,348,00:00:02
Wallace Christian Gomes Esteves   ,2026-09-21,75,00:00:05
Wallace Christian Gomes Esteves   ,2026-09-21,61,00:00:02
Wallace Christian Gomes Esteves   ,2026-09-30,264,00:00:04
Wallace Christian Gomes Esteves   ,2026-09-30,84,00:00:02
Wallace Christian Gomes Esteves   ,2026-09-30,84,00:00:02
Wallace Christian Gomes Esteves   ,2026-09-30,84,00:00:02
Wallace Christian Gomes Esteves   ,2026-09-30,84,00:00:01
Wallace Christian Gomes Esteves   ,2026-09-30,260,00:00:02
Wallace Christian Gomes Esteves   ,2026-09-30,203,00:00:02
Wallace Christian Gomes Esteves   ,2026-09-30,205,00:00:02
Wallace Christian Gomes Esteves   ,2026-09-30,69,00:00:01
Wallace Christian Gomes Esteves   ,2026-09-30,75,00:00:04
Wallace Christian Gomes Esteves   ,2026-09-30,53,00:00:03
Wallace Christian Gomes Esteves   ,2026-09-30,64,00:00:01
Wallace Christian Gomes Esteves   ,2026-09-30,29,00:00:01
Wallace Christian Gomes Esteves   ,2026-09-30,96,00:00:02
Wallace Christian Gomes Esteves   ,2026-09-30,221,00:00:02
Wallace Christian Gomes Esteves   ,2026-09-30,120,00:00:03
Wallace Christian Gomes Esteves   ,2026-09-30,75,00:00:02
Wallace Christian Gomes Esteves   ,2026-09-30,75,00:00:02
Wallace Christian Gomes Esteves   ,2026-09-30,75,00:00:02
Wallace Christian Gomes Esteves   ,2026-09-30,187,00:00:02
Wallace Christian Gomes Esteves   ,2026-09-30,206,00:00:01
Wallace Christian Gomes Esteves   ,2026-09-30,251,00:00:02
Wallace Christian Gomes Esteves   ,2026-09-30,76,00:00:01
Wallace Christian Gomes Esteves   ,2026-09-30,57,00:00:03
Wanderson Felipe De Almeida Santos,2026-10-02,172,00:13:32
Luciano Costa De Aguilar,2026-10-02,15,00:00:14
Alexsander Campos Silva,2026-10-02,293,00:00:03
Alexsander Campos Silva,2026-10-02,60,00:00:03
Alexsander Campos Silva,2026-10-02,2,00:00:03
Alexsander Campos Silva,2026-10-02,70,00:00:03
Alexsander Campos Silva,2026-10-02,75,00:00:03
Wallace Christian Gomes Esteves   ,2026-09-14,75,00:00:03
Wallace Christian Gomes Esteves   ,2026-09-14,75,00:00:06
Wallace Christian Gomes Esteves   ,2026-09-14,42,00:00:02
Wallace Christian Gomes Esteves   ,2026-09-14,75,00:00:05
Wallace Christian Gomes Esteves   ,2026-09-14,75,00:00:03
Wallace Christian Gomes Esteves   ,2026-09-14,75,00:00:03
Wallace Christian Gomes Esteves   ,2026-09-14,75,00:00:04
Wallace Christian Gomes Esteves   ,2026-09-14,93,00:00:03
Wallace Christian Gomes Esteves   ,2026-09-14,75,00:00:04
Wallace Christian Gomes Esteves   ,2026-09-14,75,00:00:21
Wallace Christian Gomes Esteves   ,2026-09-22,75,00:00:02
Wallace Christian Gomes Esteves   ,2026-09-22,75,00:00:03
Wallace Christian Gomes Esteves   ,2026-09-22,10,00:00:12
Wallace Christian Gomes Esteves   ,2026-09-22,269,00:00:06
Wallace Christian Gomes Esteves   ,2026-09-22,112,00:00:34
Wallace Christian Gomes Esteves   ,2026-09-22,88,00:00:03
Wallace Christian Gomes Esteves   ,2026-09-22,75,00:00:06
Wallace Christian Gomes Esteves   ,2026-09-22,41,00:00:03
Wallace Christian Gomes Esteves   ,2026-09-22,20,00:00:02
Wallace Christian Gomes Esteves   ,2026-09-22,67,00:00:03
Alexsander Campos Silva,2026-10-02,62,00:00:03
Alexsander Campos Silva,2026-10-02,52,00:00:02
Alexsander Campos Silva,2026-10-02,110,00:00:03
Alexsander Campos Silva,2026-10-02,47,00:00:02
Alexsander Campos Silva,2026-10-02,75,00:00:02
Wallace Christian Gomes Esteves   ,2026-09-30,20,00:00:02
Wallace Christian Gomes Esteves   ,2026-09-30,95,00:00:03
Wallace Christian Gomes Esteves   ,2026-09-30,75,00:00:04
Wallace Christian Gomes Esteves   ,2026-09-30,120,00:00:08
Wallace Christian Gomes Esteves   ,2026-09-30,47,00:00:03
Wallace Christian Gomes Esteves   ,2026-09-30,66,00:00:02
Wallace Christian Gomes Esteves   ,2026-09-30,32,00:00:10
Wallace Christian Gomes Esteves   ,2026-09-30,89,00:00:03
Wallace Christian Gomes Esteves   ,2026-09-30,27,00:00:03
Wallace Christian Gomes Esteves   ,2026-09-30,120,00:00:12
Alexsander Campos Silva,2026-10-05,238,00:00:03
Alexsander Campos Silva,2026-10-05,32,00:00:02
Alexsander Campos Silva,2026-10-05,264,00:00:18
Alexsander Campos Silva,2026-10-05,27,00:00:02
Alexsander Campos Silva,2026-10-05,140,00:00:27
Alexsander Campos Silva,2026-10-05,75,00:00:04
Alexsander Campos Silva,2026-10-05,195,00:00:04
Alexsander Campos Silva,2026-10-05,90,00:01:03
Alexsander Campos Silva,2026-10-05,260,00:00:03
Alexsander Campos Silva,2026-10-05,36,00:00:02
Alexsander Campos Silva,2026-09-23,75,00:00:03
Alexsander Campos Silva,2026-09-23,308,00:00:08
Alexsander Campos Silva,2026-09-23,75,00:00:55
Alexsander Campos Silva,2026-09-23,75,00:00:04
Alexsander Campos Silva,2026-09-23,75,00:00:03
Alexsander Campos Silva,2026-09-23,75,00:00:04
Alexsander Campos Silva,2026-09-23,75,00:00:03
Alexsander Campos Silva,2026-09-23,75,00:00:03
Alexsander Campos Silva,2026-09-23,75,00:00:03
Alexsander Campos Silva,2026-09-23,75,00:00:04
Alexsander Campos Silva,2026-09-23,75,00:00:03
Alexsander Campos Silva,2026-09-23,75,00:00:02
Alexsander Campos Silva,2026-09-23,437,00:00:12
Alexsander Campos Silva,2026-09-23,308,00:00:06
Alexsander Campos Silva,2026-09-23,75,00:00:02
Alexsander Campos Silva,2026-09-23,75,00:00:04
Wallace Christian Gomes Esteves   ,2026-09-25,75,00:00:02
Wallace Christian Gomes Esteves   ,2026-09-25,75,00:00:03
Wallace Christian Gomes Esteves   ,2026-09-25,75,00:00:03
Wallace Christian Gomes Esteves   ,2026-09-25,60,00:00:02
Wallace Christian Gomes Esteves   ,2026-09-25,75,00:00:02
Wallace Christian Gomes Esteves   ,2026-09-25,75,00:00:03
Wallace Christian Gomes Esteves   ,2026-09-25,360,00:00:02
Wallace Christian Gomes Esteves   ,2026-09-25,120,00:00:02
Wallace Christian Gomes Esteves   ,2026-09-25,13,00:00:03
Wallace Christian Gomes Esteves   ,2026-09-25,155,00:00:02
Wallace Christian Gomes Esteves   ,2026-09-25,75,00:00:04
Wallace Christian Gomes Esteves   ,2026-09-25,120,00:00:03
Wallace Christian Gomes Esteves   ,2026-09-25,120,00:00:04
Wallace Christian Gomes Esteves   ,2026-09-25,75,00:00:02
Wallace Christian Gomes Esteves   ,2026-09-25,75,00:00:02
Wallace Christian Gomes Esteves   ,2026-09-30,75,00:00:02
Wallace Christian Gomes Esteves   ,2026-09-30,75,00:00:02
Wallace Christian Gomes Esteves   ,2026-09-30,75,00:00:01
Wallace Christian Gomes Esteves   ,2026-09-30,75,00:00:02
Wallace Christian Gomes Esteves   ,2026-09-30,75,00:00:04
Wallace Christian Gomes Esteves   ,2026-09-30,75,00:00:02
Wallace Christian Gomes Esteves   ,2026-09-30,75,00:00:02
Wallace Christian Gomes Esteves   ,2026-09-30,75,00:00:02
Wallace Christian Gomes Esteves   ,2026-09-30,75,00:00:02
Wallace Christian Gomes Esteves   ,2026-09-30,230,00:00:01
Wallace Christian Gomes Esteves   ,2026-09-30,72,00:00:01
Wallace Christian Gomes Esteves   ,2026-09-30,75,00:00:04
Luciano Costa De Aguilar,2026-10-01,177,00:00:02
Luciano Costa De Aguilar,2026-10-01,42,00:00:03
Luciano Costa De Aguilar,2026-10-01,212,00:00:02
Luciano Costa De Aguilar,2026-10-01,276,00:00:02
Luciano Costa De Aguilar,2026-10-01,47,00:00:02
Luciano Costa De Aguilar,2026-10-01,296,00:00:01
Alexsander Campos Silva,2026-10-02,16,00:00:03
Alexsander Campos Silva,2026-10-02,14,00:00:02
Alexsander Campos Silva,2026-10-02,26,00:00:02
Alexsander Campos Silva,2026-10-02,30,00:00:02
Alexsander Campos Silva,2026-10-02,19,00:00:03
Alexsander Campos Silva,2026-10-02,22,00:00:02
Alexsander Campos Silva,2026-10-02,58,00:00:03
Alexsander Campos Silva,2026-10-02,110,00:00:02
