TRANSPORTE,DATA_OPERACAO,TOTAL_PALETES_MISTOS,LISTA,MONTADOR,CAIXAS,TEMPO_MONTAGEM_POR_USUARIO,TRANSPORTE,TEMPO_MONTAGEM_POR_TRANSPORTE
000-7371401,2026-09-14,7,KKJ5170D2,Felipe Rogerio Estevam Da Silva ,148,00:37:18,000-7371401,03:56:20
000-7371401,2026-09-14,7,KKJ5170E1,Marcos Vinicio Alves Pessoa,71,00:43:21,000-7371401,03:56:20
000-7371401,2026-09-14,7,KKJ5170D1,Leonardo Caetano Rodrigues,222,00:23:34,000-7371401,03:56:20
000-7371401,2026-09-14,7,KKJ5170E2,Geraldo Teixeira Baia Junior,324,01:06:53,000-7371401,03:56:20
000-7371401,2026-09-14,7,KKJ5170D3,Pedro Lucas Procópio dos Santos,230,00:43:49,000-7371401,03:56:20
000-7371401,2026-09-14,7,KKJ5170E3,Natan Silva Medeiros Júnior,54,00:21:25,000-7371401,03:56:20
000-7141401,2026-09-14,7,HAI2518D3,Denilton Batista Dos Santos,151,02:03:21,000-7141401,03:37:58
000-7141401,2026-09-14,7,HAI2518E3,Pedro Lucas Procópio dos Santos,37,00:12:39,000-7141401,03:37:58
000-7141401,2026-09-14,7,HAI2518D1,Leonardo Caetano Rodrigues,39,00:03:34,000-7141401,03:37:58
000-7141401,2026-09-14,7,HAI2518E1,Felipe Rogerio Estevam Da Silva ,58,00:20:54,000-7141401,03:37:58
000-7141401,2026-09-14,7,HAI2518D2,Natan Silva Medeiros Júnior,201,00:43:11,000-7141401,03:37:58
000-7141401,2026-09-14,7,HAI2518E2,Natan Silva Medeiros Júnior,52,00:14:19,000-7141401,03:37:58
000-7231401,2026-09-14,9,TCB7H85E5,Felipe Rogerio Estevam Da Silva ,60,00:05:01,000-7231401,02:31:32
000-7231401,2026-09-14,9,TCB7H85D5,Felipe Rogerio Estevam Da Silva ,48,00:11:39,000-7231401,02:31:32
000-7231401,2026-09-14,9,TCB7H85E2,Gianmiller Moraes,171,00:47:43,000-7231401,02:31:32
000-7231401,2026-09-14,9,TCB7H85D4,Pedro Lucas Procópio dos Santos,27,00:09:12,000-7231401,02:31:32
000-7231401,2026-09-14,9,TCB7H85D2,Leonardo Caetano Rodrigues,32,00:10:31,000-7231401,02:31:32
000-7231401,2026-09-14,9,TCB7H85E3,Denilton Batista Dos Santos,163,00:43:02,000-7231401,02:31:32
000-7231401,2026-09-14,9,TCB7H85E4,Adilson José Gonçalves,115,00:18:03,000-7231401,02:31:32
000-7231401,2026-09-14,9,TCB7H85D3,Natan Silva Medeiros Júnior,20,00:06:21,000-7231401,02:31:32
000-7411401,2026-09-14,7,OWQ4406D2,Natan Silva Medeiros Júnior,70,00:41:31,000-7411401,02:22:53
000-7411401,2026-09-14,7,OWQ4406E3,Leonardo Caetano Rodrigues,40,00:17:51,000-7411401,02:22:53
000-7411401,2026-09-14,7,OWQ4406E2,Felipe Rogerio Estevam Da Silva ,62,00:17:03,000-7411401,02:22:53
000-7411401,2026-09-14,7,OWQ4406E1,Denilton Batista Dos Santos,185,00:44:00,000-7411401,02:22:53
000-7411401,2026-09-14,7,OWQ4406D3,Marcos Vinicio Alves Pessoa,10,00:06:30,000-7411401,02:22:53
000-7411401,2026-09-14,7,OWQ4406D1,Pedro Lucas Procópio dos Santos,59,00:15:58,000-7411401,02:22:53
000-7321401,2026-09-14,12,QXO9C83E5,Geraldo Teixeira Baia Junior,44,00:14:32,000-7321401,04:17:52
000-7321401,2026-09-14,12,QXO9C83D3,Marcos Vinicio Alves Pessoa,208,00:35:18,000-7321401,04:17:52
000-7321401,2026-09-14,12,QXO9C83E6,Natan Silva Medeiros Júnior,133,00:35:45,000-7321401,04:17:52
000-7321401,2026-09-14,12,QXO9C83D1,Geraldo Teixeira Baia Junior,295,00:34:38,000-7321401,04:17:52
000-7321401,2026-09-14,12,QXO9C83E3,Leonardo Caetano Rodrigues,226,00:28:47,000-7321401,04:17:52
000-7321401,2026-09-14,12,QXO9C83E2,Pedro Lucas Procópio dos Santos,82,00:24:51,000-7321401,04:17:52
000-7321401,2026-09-14,12,QXO9C83E1,Wallace Christian Gomes Esteves   ,84,00:12:36,000-7321401,04:17:52
000-7321401,2026-09-14,12,QXO9C83E4,Geraldo Teixeira Baia Junior,49,00:03:21,000-7321401,04:17:52
000-7321401,2026-09-14,12,QXO9C83D4,Geraldo Teixeira Baia Junior,59,00:11:30,000-7321401,04:17:52
000-7321401,2026-09-14,12,QXO9C83D5,Geraldo Teixeira Baia Junior,331,00:33:22,000-7321401,04:17:52
000-7321401,2026-09-14,12,QXO9C83D6,Felipe Rogerio Estevam Da Silva ,194,00:23:12,000-7321401,04:17:52
000-7131401,2026-09-14,7,JXS4C69E1,Marcos Vinicio Alves Pessoa,181,00:41:42,000-7131401,03:25:14
000-7131401,2026-09-14,7,JXS4C69E2,Leonardo Caetano Rodrigues,366,00:58:49,000-7131401,03:25:14
000-7131401,2026-09-14,7,JXS4C69D1,Felipe Rogerio Estevam Da Silva ,280,00:24:24,000-7131401,03:25:14
000-7131401,2026-09-14,7,JXS4C69E3,Felipe Rogerio Estevam Da Silva ,48,00:15:39,000-7131401,03:25:14
000-7131401,2026-09-14,7,JXS4C69D2,Adilson José Gonçalves,140,00:39:58,000-7131401,03:25:14
000-7131401,2026-09-14,7,JXS4C69D3,Pedro Lucas Procópio dos Santos,67,00:24:42,000-7131401,03:25:14
000-7181401,2026-09-14,7,RFP8G80E2,Natan Silva Medeiros Júnior,64,00:36:06,000-7181401,03:27:00
000-7181401,2026-09-14,7,RFP8G80E1,Marcos Vinicio Alves Pessoa,227,00:57:33,000-7181401,03:27:00
000-7181401,2026-09-14,7,RFP8G80D2,Felipe Rogerio Estevam Da Silva ,313,00:34:35,000-7181401,03:27:00
000-7181401,2026-09-14,7,RFP8G80D3,Denilton Batista Dos Santos,117,00:52:46,000-7181401,03:27:00
000-7181401,2026-09-14,7,RFP8G80D1,Felipe Rogerio Estevam Da Silva ,67,00:14:17,000-7181401,03:27:00
000-7181401,2026-09-14,7,RFP8G80E3,Leonardo Caetano Rodrigues,40,00:11:43,000-7181401,03:27:00
000-7171401,2026-09-14,6,HOB4C81E2,Felipe Rogerio Estevam Da Silva ,177,00:24:00,000-7171401,02:14:17
000-7171401,2026-09-14,6,HOB4C81D2,Pedro Lucas Procópio dos Santos,50,00:14:28,000-7171401,02:14:17
000-7171401,2026-09-14,6,HOB4C81E1,Natan Silva Medeiros Júnior,62,00:15:32,000-7171401,02:14:17
000-7171401,2026-09-14,6,HOB4C81D1,Adilson José Gonçalves,192,00:20:09,000-7171401,02:14:17
000-7171401,2026-09-14,6,HOB4C81D3,Leonardo Caetano Rodrigues,74,00:21:52,000-7171401,02:14:17
000-7171401,2026-09-14,6,HOB4C81E3,Marcos Vinicio Alves Pessoa,253,00:38:16,000-7171401,02:14:17
000-7121401,2026-09-14,7,DJB5C58D2,Marcos Vinicio Alves Pessoa,187,00:21:50,000-7121401,03:35:05
000-7121401,2026-09-14,7,DJB5C58E1,Felipe Rogerio Estevam Da Silva ,192,00:24:43,000-7121401,03:35:05
000-7121401,2026-09-14,7,DJB5C58E3,Adilson José Gonçalves,193,00:34:00,000-7121401,03:35:05
000-7121401,2026-09-14,7,DJB5C58D1,Gianmiller Moraes,325,01:16:40,000-7121401,03:35:05
000-7121401,2026-09-14,7,DJB5C58E2,Pedro Lucas Procópio dos Santos,50,00:14:51,000-7121401,03:35:05
000-7121401,2026-09-14,7,DJB5C58D3,Denilton Batista Dos Santos,56,00:43:01,000-7121401,03:35:05
000-7261401,2026-09-14,2,TCL0I22D5,Leonardo Caetano Rodrigues,42,00:14:10,000-7261401,00:42:38
000-7261401,2026-09-14,2,TCL0I22E5,Adilson José Gonçalves,93,00:28:28,000-7261401,00:42:38
000-7151401,2026-09-14,7,MQU8E71D3,Marcos Vinicio Alves Pessoa,299,01:41:09,000-7151401,05:32:07
000-7151401,2026-09-14,7,MQU8E71D2,Gianmiller Moraes,232,02:39:32,000-7151401,05:32:07
000-7151401,2026-09-14,7,MQU8E71E2,Pedro Lucas Procópio dos Santos,49,00:19:09,000-7151401,05:32:07
000-7151401,2026-09-14,7,MQU8E71E3,Adilson José Gonçalves,72,00:18:47,000-7151401,05:32:07
000-7151401,2026-09-14,7,MQU8E71D1,Leonardo Caetano Rodrigues,181,00:26:08,000-7151401,05:32:07
000-7151401,2026-09-14,7,MQU8E71E1,Marcos Vinicio Alves Pessoa,35,00:07:22,000-7151401,05:32:07
000-7191401,2026-09-14,9,KZX0905D2,Pedro Lucas Procópio dos Santos,216,00:34:33,000-7191401,01:52:03
000-7191401,2026-09-14,9,KZX0905D4,Leonardo Caetano Rodrigues,133,00:17:35,000-7191401,01:52:03
000-7191401,2026-09-14,9,KZX0905D1,Felipe Rogerio Estevam Da Silva ,74,00:04:29,000-7191401,01:52:03
000-7191401,2026-09-14,9,KZX0905E2,Felipe Rogerio Estevam Da Silva ,29,00:04:47,000-7191401,01:52:03
000-7191401,2026-09-14,9,KZX0905E3,Felipe Rogerio Estevam Da Silva ,29,00:03:13,000-7191401,01:52:03
000-7191401,2026-09-14,9,KZX0905D3,Felipe Rogerio Estevam Da Silva ,138,00:20:44,000-7191401,01:52:03
000-7191401,2026-09-14,9,KZX0905E1,Natan Silva Medeiros Júnior,48,00:06:10,000-7191401,01:52:03
000-7191401,2026-09-14,9,KZX0905E4,Leonardo Caetano Rodrigues,79,00:20:32,000-7191401,01:52:03
000-7341401,2026-09-14,7,TYE8D59D3,Geraldo Teixeira Baia Junior,176,00:46:37,000-7341401,03:32:01
000-7341401,2026-09-14,7,TYE8D59E3,Gianmiller Moraes,232,01:12:12,000-7341401,03:32:01
000-7341401,2026-09-14,7,TYE8D59D1,Adilson José Gonçalves,190,00:19:22,000-7341401,03:32:01
000-7341401,2026-09-14,7,TYE8D59E2,Felipe Rogerio Estevam Da Silva ,37,00:11:19,000-7341401,03:32:01
000-7341401,2026-09-14,7,TYE8D59D2,Denilton Batista Dos Santos,259,00:45:27,000-7341401,03:32:01
000-7341401,2026-09-14,7,TYE8D59E1,Natan Silva Medeiros Júnior,70,00:17:04,000-7341401,03:32:01
000-7381401,2026-09-14,7,KKJ5250E3,Pedro Lucas Procópio dos Santos,314,01:04:34,000-7381401,04:16:44
000-7381401,2026-09-14,7,KKJ5250D2,Marcos Vinicio Alves Pessoa,86,00:15:48,000-7381401,04:16:44
000-7381401,2026-09-14,7,KKJ5250E2,Gianmiller Moraes,89,00:51:38,000-7381401,04:16:44
000-7381401,2026-09-14,7,KKJ5250E1,Leonardo Miguel,48,00:14:23,000-7381401,04:16:44
000-7381401,2026-09-14,7,KKJ5250D1,Natan Silva Medeiros Júnior,207,00:57:47,000-7381401,04:16:44
000-7381401,2026-09-14,7,KKJ5250D3,Felipe Rogerio Estevam Da Silva ,253,00:52:34,000-7381401,04:16:44
000-7160701,2026-10-07,7,MQL5679D1,Marcos Vinicio Alves Pessoa,108,00:44:09,000-7160701,03:56:35
000-7160701,2026-10-07,7,MQL5679D3,Gianmiller Moraes,106,00:56:02,000-7160701,03:56:35
000-7160701,2026-10-07,7,MQL5679E3,Natan Silva Medeiros Júnior,69,00:23:06,000-7160701,03:56:35
000-7160701,2026-10-07,7,MQL5679E2,Freelancer 01,33,00:11:58,000-7160701,03:56:35
000-7160701,2026-10-07,7,MQL5679D2,Leonardo Caetano Rodrigues,318,00:39:37,000-7160701,03:56:35
000-7160701,2026-10-07,7,MQL5679E1,Freelancer 04,196,01:01:43,000-7160701,03:56:35
000-7320701,2026-10-07,13,QXO9C83D4,Marcos Vinicio Alves Pessoa,253,01:07:01,000-7320701,07:17:45
000-7320701,2026-10-07,13,QXO9C83E6,Leonardo Caetano Rodrigues,458,00:46:04,000-7320701,07:17:45
000-7320701,2026-10-07,13,QXO9C83D1,Denilton Batista Dos Santos,330,00:22:08,000-7320701,07:17:45
000-7320701,2026-10-07,13,QXO9C83E2,Natan Silva Medeiros Júnior,84,00:06:56,000-7320701,07:17:45
000-7320701,2026-10-07,13,QXO9C83E3,Natan Silva Medeiros Júnior,58,00:25:36,000-7320701,07:17:45
000-7320701,2026-10-07,13,QXO9C83E4,Felipe Rogerio Estevam Da Silva ,219,00:41:40,000-7320701,07:17:45
000-7320701,2026-10-07,13,QXO9C83D6,Adilson José Gonçalves,126,00:22:54,000-7320701,07:17:45
000-7320701,2026-10-07,13,QXO9C83D5,Gianmiller Moraes,245,01:32:18,000-7320701,07:17:45
000-7320701,2026-10-07,13,QXO9C83D2,Freelancer 04,84,00:13:34,000-7320701,07:17:45
000-7320701,2026-10-07,13,QXO9C83E1,Freelancer 01,84,00:06:58,000-7320701,07:17:45
000-7320701,2026-10-07,13,QXO9C83D3,Freelancer 02,98,00:18:29,000-7320701,07:17:45
000-7320701,2026-10-07,13,QXO9C83E5,Paulo Rozani Lopes Da Silva,117,01:14:07,000-7320701,07:17:45
000-7300701,2026-10-07,11,OWV8A20E6,Freelancer 04,417,02:02:23,000-7300701,06:22:41
000-7300701,2026-10-07,11,OWV8A20D5,Freelancer 01,308,00:30:00,000-7300701,06:22:41
000-7300701,2026-10-07,11,OWV8A20E3,Paulo Rozani Lopes Da Silva,75,00:44:55,000-7300701,06:22:41
000-7300701,2026-10-07,11,OWV8A20E5,Leonardo Caetano Rodrigues,69,00:20:32,000-7300701,06:22:41
000-7300701,2026-10-07,11,OWV8A20D6,Freelancer 01,50,00:15:53,000-7300701,06:22:41
000-7300701,2026-10-07,11,OWV8A20E2,Leonardo Caetano Rodrigues,273,00:20:18,000-7300701,06:22:41
000-7300701,2026-10-07,11,OWV8A20D3,Felipe Rogerio Estevam Da Silva ,258,00:36:19,000-7300701,06:22:41
000-7300701,2026-10-07,11,OWV8A20E4,Freelancer 02,175,00:47:15,000-7300701,06:22:41
000-7300701,2026-10-07,11,OWV8A20D2,Adilson José Gonçalves,109,00:16:23,000-7300701,06:22:41
000-7300701,2026-10-07,11,OWV8A20D4,Marcos Vinicio Alves Pessoa,80,00:28:43,000-7300701,06:22:41
000-7130701,2026-10-07,7,JXS4C69E1,Leonardo Caetano Rodrigues,69,00:09:16,000-7130701,02:16:15
000-7130701,2026-10-07,7,JXS4C69D3,Felipe Rogerio Estevam Da Silva ,51,00:27:59,000-7130701,02:16:15
000-7130701,2026-10-07,7,JXS4C69D1,Freelancer 01,40,00:05:18,000-7130701,02:16:15
000-7130701,2026-10-07,7,JXS4C69E3,Freelancer 04,198,00:45:34,000-7130701,02:16:15
000-7130701,2026-10-07,7,JXS4C69E2,Gianmiller Moraes,54,00:27:49,000-7130701,02:16:15
000-7130701,2026-10-07,7,JXS4C69D2,Freelancer 01,122,00:20:19,000-7130701,02:16:15
000-7190701,2026-10-07,7,KZX0905E4,Marcos Vinicio Alves Pessoa,154,00:52:58,000-7190701,02:29:30
000-7190701,2026-10-07,7,KZX0905E3,Felipe Rogerio Estevam Da Silva ,62,00:23:25,000-7190701,02:29:30
000-7190701,2026-10-07,7,KZX0905E2,Leonardo Caetano Rodrigues,25,00:03:00,000-7190701,02:29:30
000-7190701,2026-10-07,7,KZX0905D3,Natan Silva Medeiros Júnior,118,00:38:46,000-7190701,02:29:30
000-7190701,2026-10-07,7,KZX0905D2,Freelancer 04,37,00:16:04,000-7190701,02:29:30
000-7190701,2026-10-07,7,KZX0905D4,Gianmiller Moraes,10,00:15:17,000-7190701,02:29:30
000-7250701,2026-10-07,10,TCL0I17D2,Natan Silva Medeiros Júnior,219,00:40:54,000-7250701,03:18:43
000-7250701,2026-10-07,10,TCL0I17D3,Leonardo Caetano Rodrigues,177,00:16:48,000-7250701,03:18:43
000-7250701,2026-10-07,10,TCL0I17E2,Freelancer 01,98,00:17:53,000-7250701,03:18:43
000-7250701,2026-10-07,10,TCL0I17E4,Gianmiller Moraes,64,00:24:47,000-7250701,03:18:43
000-7250701,2026-10-07,10,TCL0I17E5,Freelancer 04,41,00:15:37,000-7250701,03:18:43
000-7250701,2026-10-07,10,TCL0I17D5,Felipe Rogerio Estevam Da Silva ,37,00:44:02,000-7250701,03:18:43
000-7250701,2026-10-07,10,TCL0I17D4,Marcos Vinicio Alves Pessoa,27,00:10:38,000-7250701,03:18:43
000-7250701,2026-10-07,10,TCL0I17E1,Felipe Rogerio Estevam Da Silva ,65,00:11:44,000-7250701,03:18:43
000-7250701,2026-10-07,10,TCL0I17E3,Freelancer 01,25,00:16:20,000-7250701,03:18:43
000-7410701,2026-10-07,7,OWQ4406E3,Felipe Rogerio Estevam Da Silva ,34,00:11:33,000-7410701,03:24:50
000-7410701,2026-10-07,7,OWQ4406D2,Leonardo Caetano Rodrigues,222,00:46:03,000-7410701,03:24:50
000-7410701,2026-10-07,7,OWQ4406D3,Felipe Rogerio Estevam Da Silva ,115,00:28:25,000-7410701,03:24:50
000-7410701,2026-10-07,7,OWQ4406E1,Freelancer 01,187,00:32:58,000-7410701,03:24:50
000-7410701,2026-10-07,7,OWQ4406D1,Leonardo Caetano Rodrigues,69,00:13:08,000-7410701,03:24:50
000-7410701,2026-10-07,7,OWQ4406E2,Paulo Rozani Lopes Da Silva,311,01:12:43,000-7410701,03:24:50
000-7290701,2026-10-07,12,OWV5H27E2,Marcos Vinicio Alves Pessoa,206,00:43:04,000-7290701,03:01:50
000-7290701,2026-10-07,12,OWV5H27D6,Felipe Rogerio Estevam Da Silva ,11,00:06:01,000-7290701,03:01:50
000-7290701,2026-10-07,12,OWV5H27D2,Freelancer 01,72,00:10:53,000-7290701,03:01:50
000-7290701,2026-10-07,12,OWV5H27E4,Freelancer 04,205,00:30:00,000-7290701,03:01:50
000-7290701,2026-10-07,12,OWV5H27E5,Felipe Rogerio Estevam Da Silva ,140,00:20:33,000-7290701,03:01:50
000-7290701,2026-10-07,12,OWV5H27E6,Gianmiller Moraes,55,00:15:59,000-7290701,03:01:50
000-7290701,2026-10-07,12,OWV5H27E3,Freelancer 01,207,00:16:51,000-7290701,03:01:50
000-7290701,2026-10-07,12,OWV5H27E1,Natan Silva Medeiros Júnior,81,00:13:58,000-7290701,03:01:50
000-7290701,2026-10-07,12,OWV5H27D4,Freelancer 01,43,00:08:32,000-7290701,03:01:50
000-7290701,2026-10-07,12,OWV5H27D5,Leonardo Caetano Rodrigues,73,00:12:11,000-7290701,03:01:50
000-7290701,2026-10-07,12,OWV5H27D3,Leonardo Caetano Rodrigues,25,00:03:48,000-7290701,03:01:50
000-7180701,2026-10-07,6,RFP8G80D3,Freelancer 01,161,00:26:58,000-7180701,01:13:15
000-7180701,2026-10-07,6,RFP8G80E1,Felipe Rogerio Estevam Da Silva ,72,00:10:48,000-7180701,01:13:15
000-7180701,2026-10-07,6,RFP8G80E3,Felipe Rogerio Estevam Da Silva ,21,00:04:22,000-7180701,01:13:15
000-7180701,2026-10-07,6,RFP8G80E2,Leonardo Caetano Rodrigues,138,00:30:17,000-7180701,01:13:15
000-7180701,2026-10-07,6,RFP8G80D2,Felipe Rogerio Estevam Da Silva ,30,00:00:50,000-7180701,01:13:15
000-7140701,2026-10-07,7,HAI2518E1,Marcos Vinicio Alves Pessoa,72,00:17:31,000-7140701,02:14:18
000-7140701,2026-10-07,7,HAI2518E3,Gianmiller Moraes,46,00:18:04,000-7140701,02:14:18
000-7140701,2026-10-07,7,HAI2518E2,Leonardo Caetano Rodrigues,205,00:42:06,000-7140701,02:14:18
000-7140701,2026-10-07,7,HAI2518D3,Felipe Rogerio Estevam Da Silva ,58,00:25:49,000-7140701,02:14:18
000-7140701,2026-10-07,7,HAI2518D2,Freelancer 01,144,00:23:37,000-7140701,02:14:18
000-7140701,2026-10-07,7,HAI2518D1,Freelancer 04,40,00:07:11,000-7140701,02:14:18
000-7240701,2026-10-07,10,TCB7I34D2,Freelancer 04,241,00:36:18,000-7240701,03:38:21
000-7240701,2026-10-07,10,TCB7I34E5,Denilton Batista Dos Santos,197,00:55:43,000-7240701,03:38:21
000-7240701,2026-10-07,10,TCB7I34D4,Freelancer 01,183,00:29:24,000-7240701,03:38:21
000-7240701,2026-10-07,10,TCB7I34E2,Adilson José Gonçalves,115,00:26:40,000-7240701,03:38:21
000-7240701,2026-10-07,10,TCB7I34D5,Freelancer 02,96,00:13:00,000-7240701,03:38:21
000-7240701,2026-10-07,10,TCB7I34E1,Felipe Rogerio Estevam Da Silva ,56,00:11:46,000-7240701,03:38:21
000-7240701,2026-10-07,10,TCB7I34D3,Leonardo Caetano Rodrigues,38,00:05:01,000-7240701,03:38:21
000-7240701,2026-10-07,10,TCB7I34E3,Natan Silva Medeiros Júnior,55,00:37:18,000-7240701,03:38:21
000-7240701,2026-10-07,10,TCB7I34E4,Freelancer 02,23,00:03:11,000-7240701,03:38:21
000-7120701,2026-10-07,7,DJB5C58D2,Freelancer 01,44,00:20:37,000-7120701,03:23:33
000-7120701,2026-10-07,7,DJB5C58E2,Natan Silva Medeiros Júnior,173,00:55:05,000-7120701,03:23:33
000-7120701,2026-10-07,7,DJB5C58D3,Adilson José Gonçalves,318,01:07:52,000-7120701,03:23:33
000-7120701,2026-10-07,7,DJB5C58E1,Leonardo Caetano Rodrigues,40,00:00:27,000-7120701,03:23:33
000-7120701,2026-10-07,7,DJB5C58D1,Felipe Rogerio Estevam Da Silva ,69,00:25:22,000-7120701,03:23:33
000-7120701,2026-10-07,7,DJB5C58E3,Marcos Vinicio Alves Pessoa,101,00:34:10,000-7120701,03:23:33
000-7401501,2026-09-15,9,PUN0E10D3,Gianmiller Moraes,46,00:55:19,000-7401501,04:17:49
000-7401501,2026-09-15,9,PUN0E10E2,Gianmiller Moraes,50,00:04:03,000-7401501,04:17:49
000-7401501,2026-09-15,9,PUN0E10D4,Natan Silva Medeiros Júnior,103,00:48:44,000-7401501,04:17:49
000-7401501,2026-09-15,9,PUN0E10E5,Marcos Vinicio Alves Pessoa,132,00:49:33,000-7401501,04:17:49
000-7401501,2026-09-15,9,PUN0E10D2,Pedro Lucas Procópio dos Santos,43,00:28:47,000-7401501,04:17:49
000-7401501,2026-09-15,9,PUN0E10E4,Pedro Lucas Procópio dos Santos,60,00:20:20,000-7401501,04:17:49
000-7401501,2026-09-15,9,PUN0E10D5,Felipe Rogerio Estevam Da Silva ,85,00:24:28,000-7401501,04:17:49
000-7401501,2026-09-15,9,PUN0E10E3,Leonardo Caetano Rodrigues,77,00:26:35,000-7401501,04:17:49
000-7121501,2026-09-15,7,DJB5C58E1,Felipe Rogerio Estevam Da Silva ,54,00:14:35,000-7121501,01:59:05
000-7121501,2026-09-15,7,DJB5C58E3,Pedro Lucas Procópio dos Santos,45,00:14:56,000-7121501,01:59:05
000-7121501,2026-09-15,7,DJB5C58D1,Gianmiller Moraes,40,00:02:39,000-7121501,01:59:05
000-7121501,2026-09-15,7,DJB5C58E2,Leonardo Caetano Rodrigues,88,00:20:17,000-7121501,01:59:05
000-7121501,2026-09-15,7,DJB5C58D3,Natan Silva Medeiros Júnior,42,00:17:35,000-7121501,01:59:05
000-7121501,2026-09-15,7,DJB5C58D2,Marcos Vinicio Alves Pessoa,154,00:49:03,000-7121501,01:59:05
000-7141501,2026-09-15,7,HAI2518E1,Pedro Lucas Procópio dos Santos,59,00:11:50,000-7141501,03:02:12
000-7141501,2026-09-15,7,HAI2518D2,Marcos Vinicio Alves Pessoa,184,01:11:11,000-7141501,03:02:12
000-7141501,2026-09-15,7,HAI2518E2,Leonardo Caetano Rodrigues,312,00:30:37,000-7141501,03:02:12
000-7141501,2026-09-15,7,HAI2518E3,Natan Silva Medeiros Júnior,58,00:40:16,000-7141501,03:02:12
000-7141501,2026-09-15,7,HAI2518D1,Felipe Rogerio Estevam Da Silva ,54,00:12:37,000-7141501,03:02:12
000-7141501,2026-09-15,7,HAI2518D3,Geraldo Teixeira Baia Junior,42,00:15:41,000-7141501,03:02:12
000-7131501,2026-09-15,7,JXS4C69D3,Natan Silva Medeiros Júnior,40,00:18:06,000-7131501,02:09:28
000-7131501,2026-09-15,7,JXS4C69E2,Pedro Lucas Procópio dos Santos,45,00:14:09,000-7131501,02:09:28
000-7131501,2026-09-15,7,JXS4C69D2,Gianmiller Moraes,119,00:44:47,000-7131501,02:09:28
000-7131501,2026-09-15,7,JXS4C69E3,Felipe Rogerio Estevam Da Silva ,207,00:42:43,000-7131501,02:09:28
000-7131501,2026-09-15,7,JXS4C69E1,Leonardo Caetano Rodrigues,68,00:09:32,000-7131501,02:09:28
000-7131501,2026-09-15,7,JXS4C69D1,Leonardo Caetano Rodrigues,40,00:00:11,000-7131501,02:09:28
000-7151501,2026-09-15,7,MQU8E71D2,Leonardo Caetano Rodrigues,40,00:07:59,000-7151501,04:11:10
000-7151501,2026-09-15,7,MQU8E71D3,Gianmiller Moraes,114,01:13:28,000-7151501,04:11:10
000-7151501,2026-09-15,7,MQU8E71E1,Felipe Rogerio Estevam Da Silva ,68,00:17:53,000-7151501,04:11:10
000-7151501,2026-09-15,7,MQU8E71E3,Leonardo Caetano Rodrigues,41,00:09:38,000-7151501,04:11:10
000-7151501,2026-09-15,7,MQU8E71E2,Pedro Lucas Procópio dos Santos,290,02:05:58,000-7151501,04:11:10
000-7151501,2026-09-15,7,MQU8E71D1,Leonardo Caetano Rodrigues,40,00:16:14,000-7151501,04:11:10
000-7191501,2026-09-15,8,KZX0905D2,Marcos Vinicio Alves Pessoa,145,00:54:21,000-7191501,03:04:08
000-7191501,2026-09-15,8,KZX0905D3,Leonardo Caetano Rodrigues,212,00:23:59,000-7191501,03:04:08
000-7191501,2026-09-15,8,KZX0905E3,Felipe Rogerio Estevam Da Silva ,114,00:21:22,000-7191501,03:04:08
000-7191501,2026-09-15,8,KZX0905D4,Gianmiller Moraes,93,00:40:17,000-7191501,03:04:08
000-7191501,2026-09-15,8,KZX0905E4,Felipe Rogerio Estevam Da Silva ,26,00:10:55,000-7191501,03:04:08
000-7191501,2026-09-15,8,KZX0905E2,Natan Silva Medeiros Júnior,31,00:16:15,000-7191501,03:04:08
000-7191501,2026-09-15,8,KZX0905E1,Felipe Rogerio Estevam Da Silva ,74,00:16:59,000-7191501,03:04:08
000-7251501,2026-09-15,7,TCL0I17D3,Natan Silva Medeiros Júnior,104,00:23:33,000-7251501,01:46:50
000-7251501,2026-09-15,7,TCL0I17E2,Leonardo Caetano Rodrigues,85,00:17:50,000-7251501,01:46:50
000-7251501,2026-09-15,7,TCL0I17D5,Marcos Vinicio Alves Pessoa,100,00:21:09,000-7251501,01:46:50
000-7251501,2026-09-15,7,TCL0I17E3,Gianmiller Moraes,25,00:16:30,000-7251501,01:46:50
000-7251501,2026-09-15,7,TCL0I17E4,Felipe Rogerio Estevam Da Silva ,34,00:10:45,000-7251501,01:46:50
000-7251501,2026-09-15,7,TCL0I17E5,Pedro Lucas Procópio dos Santos,27,00:08:24,000-7251501,01:46:50
000-7251501,2026-09-15,7,TCL0I17D4,Felipe Rogerio Estevam Da Silva ,75,00:08:39,000-7251501,01:46:50
000-7301602,2026-09-16,3,OWV8A20D1,Leonardo Caetano Rodrigues,28,00:12:37,000-7301602,00:54:21
000-7301602,2026-09-16,3,OWV8A20E1,Adilson José Gonçalves,260,00:41:44,000-7301602,00:54:21
000-7141601,2026-09-16,7,HAI2518E2,Felipe Rogerio Estevam Da Silva ,292,01:02:09,000-7141601,02:17:43
000-7141601,2026-09-16,7,HAI2518E1,Natan Silva Medeiros Júnior,63,00:11:09,000-7141601,02:17:43
000-7141601,2026-09-16,7,HAI2518D2,Pedro Lucas Procópio dos Santos,153,00:30:26,000-7141601,02:17:43
000-7141601,2026-09-16,7,HAI2518D3,Adilson José Gonçalves,42,00:12:31,000-7141601,02:17:43
000-7141601,2026-09-16,7,HAI2518D1,Adilson José Gonçalves,40,00:09:43,000-7141601,02:17:43
000-7141601,2026-09-16,7,HAI2518E3,Leonardo Caetano Rodrigues,40,00:11:45,000-7141601,02:17:43
000-7121601,2026-09-16,7,DJB5C58D2,Felipe Rogerio Estevam Da Silva ,197,01:06:48,000-7121601,03:26:32
000-7121601,2026-09-16,7,DJB5C58E1,Felipe Rogerio Estevam Da Silva ,40,00:09:46,000-7121601,03:26:32
000-7121601,2026-09-16,7,DJB5C58D1,Marcos Vinicio Alves Pessoa,64,00:36:36,000-7121601,03:26:32
000-7121601,2026-09-16,7,DJB5C58D3,Marcos Vinicio Alves Pessoa,58,00:35:55,000-7121601,03:26:32
000-7121601,2026-09-16,7,DJB5C58E3,Leonardo Caetano Rodrigues,146,00:26:33,000-7121601,03:26:32
000-7121601,2026-09-16,7,DJB5C58E2,Adilson José Gonçalves,297,00:30:54,000-7121601,03:26:32
000-7151601,2026-09-16,7,MQU8E71E3,Adilson José Gonçalves,84,00:20:05,000-7151601,02:12:40
000-7151601,2026-09-16,7,MQU8E71D1,Leonardo Caetano Rodrigues,61,00:15:40,000-7151601,02:12:40
000-7151601,2026-09-16,7,MQU8E71E2,Natan Silva Medeiros Júnior,44,00:11:00,000-7151601,02:12:40
000-7151601,2026-09-16,7,MQU8E71D2,Denilton Batista Dos Santos,179,00:51:22,000-7151601,02:12:40
000-7151601,2026-09-16,7,MQU8E71E1,Marcos Vinicio Alves Pessoa,40,00:03:10,000-7151601,02:12:40
000-7151601,2026-09-16,7,MQU8E71D3,Felipe Rogerio Estevam Da Silva ,267,00:31:23,000-7151601,02:12:40
000-7411601,2026-09-16,7,OWQ4406D2,Marcos Vinicio Alves Pessoa,231,00:36:43,000-7411601,02:43:13
000-7411601,2026-09-16,7,OWQ4406D3,Pedro Lucas Procópio dos Santos,76,00:28:24,000-7411601,02:43:13
000-7411601,2026-09-16,7,OWQ4406E2,Adilson José Gonçalves,150,00:15:18,000-7411601,02:43:13
000-7411601,2026-09-16,7,OWQ4406D1,Gianmiller Moraes,65,00:32:02,000-7411601,02:43:13
000-7411601,2026-09-16,7,OWQ4406E1,Natan Silva Medeiros Júnior,119,00:31:56,000-7411601,02:43:13
000-7411601,2026-09-16,7,OWQ4406E3,Leonardo Caetano Rodrigues,46,00:18:50,000-7411601,02:43:13
000-7251601,2026-09-16,10,TCL0I17D2,Adilson José Gonçalves,177,00:12:59,000-7251601,02:42:52
000-7251601,2026-09-16,10,TCL0I17E3,Leonardo Caetano Rodrigues,168,00:23:38,000-7251601,02:42:52
000-7251601,2026-09-16,10,TCL0I17E2,Marcos Vinicio Alves Pessoa,146,00:21:44,000-7251601,02:42:52
000-7251601,2026-09-16,10,TCL0I17E1,Pedro Lucas Procópio dos Santos,117,00:16:47,000-7251601,02:42:52
000-7251601,2026-09-16,10,TCL0I17E5,Adilson José Gonçalves,86,00:18:21,000-7251601,02:42:52
000-7251601,2026-09-16,10,TCL0I17D4,Adilson José Gonçalves,120,00:16:29,000-7251601,02:42:52
000-7251601,2026-09-16,10,TCL0I17E4,Natan Silva Medeiros Júnior,68,00:43:12,000-7251601,02:42:52
000-7251601,2026-09-16,10,TCL0I17D3,Marcos Vinicio Alves Pessoa,24,00:03:10,000-7251601,02:42:52
000-7251601,2026-09-16,10,TCL0I17D5,Felipe Rogerio Estevam Da Silva ,12,00:06:32,000-7251601,02:42:52
000-7291601,2026-09-16,13,OWV5H27E4,Adilson José Gonçalves,43,00:04:21,000-7291601,01:57:35
000-7291601,2026-09-16,13,OWV5H27E6,Leonardo Caetano Rodrigues,12,00:04:11,000-7291601,01:57:35
000-7291601,2026-09-16,13,OWV5H27D1,Pedro Lucas Procópio dos Santos,15,00:10:24,000-7291601,01:57:35
000-7291601,2026-09-16,13,OWV5H27E5,Felipe Rogerio Estevam Da Silva ,25,00:07:56,000-7291601,01:57:35
000-7291601,2026-09-16,13,OWV5H27D6,Adilson José Gonçalves,28,00:04:45,000-7291601,01:57:35
000-7291601,2026-09-16,13,OWV5H27E2,Marcos Vinicio Alves Pessoa,24,00:09:13,000-7291601,01:57:35
000-7291601,2026-09-16,13,OWV5H27D2,Leonardo Caetano Rodrigues,124,00:14:07,000-7291601,01:57:35
000-7291601,2026-09-16,13,OWV5H27E1,Marcos Vinicio Alves Pessoa,151,00:18:58,000-7291601,01:57:35
000-7291601,2026-09-16,13,OWV5H27D5,Felipe Rogerio Estevam Da Silva ,83,00:16:58,000-7291601,01:57:35
000-7291601,2026-09-16,13,OWV5H27E3,Leonardo Caetano Rodrigues,33,00:06:15,000-7291601,01:57:35
000-7291601,2026-09-16,13,OWV5H27D4,Gianmiller Moraes,42,00:07:23,000-7291601,01:57:35
000-7291601,2026-09-16,13,OWV5H27D3,Pedro Lucas Procópio dos Santos,82,00:13:04,000-7291601,01:57:35
000-7161601,2026-09-16,7,MQL5679D2,Natan Silva Medeiros Júnior,67,00:20:55,000-7161601,03:06:10
000-7161601,2026-09-16,7,MQL5679E1,Pedro Lucas Procópio dos Santos,40,00:05:40,000-7161601,03:06:10
000-7161601,2026-09-16,7,MQL5679D1,Felipe Rogerio Estevam Da Silva ,43,00:02:05,000-7161601,03:06:10
000-7161601,2026-09-16,7,MQL5679D3,Marcos Vinicio Alves Pessoa,56,00:36:07,000-7161601,03:06:10
000-7161601,2026-09-16,7,MQL5679E3,Gianmiller Moraes,130,00:47:15,000-7161601,03:06:10
000-7161601,2026-09-16,7,MQL5679E2,Denilton Batista Dos Santos,141,01:14:08,000-7161601,03:06:10
000-7191601,2026-09-16,7,KZX0905E4,Adilson José Gonçalves,98,00:22:35,000-7191601,01:32:34
000-7191601,2026-09-16,7,KZX0905E2,Felipe Rogerio Estevam Da Silva ,75,00:17:19,000-7191601,01:32:34
000-7191601,2026-09-16,7,KZX0905E3,Felipe Rogerio Estevam Da Silva ,77,00:09:35,000-7191601,01:32:34
000-7191601,2026-09-16,7,KZX0905D3,Pedro Lucas Procópio dos Santos,23,00:16:26,000-7191601,01:32:34
000-7191601,2026-09-16,7,KZX0905D2,Natan Silva Medeiros Júnior,36,00:11:35,000-7191601,01:32:34
000-7191601,2026-09-16,7,KZX0905D4,Leonardo Caetano Rodrigues,62,00:15:04,000-7191601,01:32:34
000-7381601,2026-09-16,7,KKJ5250E2,Denilton Batista Dos Santos,109,00:38:56,000-7381601,01:40:47
000-7381601,2026-09-16,7,KKJ5250E3,Leonardo Caetano Rodrigues,51,00:13:26,000-7381601,01:40:47
000-7381601,2026-09-16,7,KKJ5250D3,Adilson José Gonçalves,109,00:24:43,000-7381601,01:40:47
000-7381601,2026-09-16,7,KKJ5250D2,Felipe Rogerio Estevam Da Silva ,44,00:08:51,000-7381601,01:40:47
000-7381601,2026-09-16,7,KKJ5250E1,Natan Silva Medeiros Júnior,42,00:12:29,000-7381601,01:40:47
000-7381601,2026-09-16,7,KKJ5250D1,Pedro Lucas Procópio dos Santos,35,00:02:22,000-7381601,01:40:47
000-7181601,2026-09-16,6,RFP8G80D2,Gianmiller Moraes,91,00:36:47,000-7181601,02:32:49
000-7181601,2026-09-16,6,RFP8G80E2,Leonardo Caetano Rodrigues,60,00:15:29,000-7181601,02:32:49
000-7181601,2026-09-16,6,RFP8G80E1,Natan Silva Medeiros Júnior,43,00:16:05,000-7181601,02:32:49
000-7181601,2026-09-16,6,RFP8G80D3,Pedro Lucas Procópio dos Santos,173,00:33:00,000-7181601,02:32:49
000-7181601,2026-09-16,6,RFP8G80E3,Marcos Vinicio Alves Pessoa,262,00:51:28,000-7181601,02:32:49
000-7241601,2026-09-16,9,TCB7I34E2,Felipe Rogerio Estevam Da Silva ,300,00:30:57,000-7241601,03:31:15
000-7241601,2026-09-16,9,TCB7I34D5,Denilton Batista Dos Santos,75,00:46:04,000-7241601,03:31:15
000-7241601,2026-09-16,9,TCB7I34E3,Marcos Vinicio Alves Pessoa,175,00:23:31,000-7241601,03:31:15
000-7241601,2026-09-16,9,TCB7I34E4,Adilson José Gonçalves,29,00:07:51,000-7241601,03:31:15
000-7241601,2026-09-16,9,TCB7I34D3,Pedro Lucas Procópio dos Santos,102,00:28:57,000-7241601,03:31:15
000-7241601,2026-09-16,9,TCB7I34E5,Leonardo Caetano Rodrigues,80,00:15:00,000-7241601,03:31:15
000-7241601,2026-09-16,9,TCB7I34D4,Natan Silva Medeiros Júnior,46,00:11:34,000-7241601,03:31:15
000-7241601,2026-09-16,9,TCB7I34D2,Gianmiller Moraes,111,00:47:21,000-7241601,03:31:15
000-7241701,2026-09-17,11,TCB7I34D4,Marcos Vinicio Alves Pessoa,29,00:17:57,000-7241701,02:15:12
000-7241701,2026-09-17,11,TCB7I34E3,Leonardo Caetano Rodrigues,25,00:06:59,000-7241701,02:15:12
000-7241701,2026-09-17,11,TCB7I34D5,Adilson José Gonçalves,28,00:07:27,000-7241701,02:15:12
000-7241701,2026-09-17,11,TCB7I34D3,Natan Silva Medeiros Júnior,35,00:13:25,000-7241701,02:15:12
000-7241701,2026-09-17,11,TCB7I34E2,Leonardo Caetano Rodrigues,133,00:23:48,000-7241701,02:15:12
000-7241701,2026-09-17,11,TCB7I34E5,Felipe Rogerio Estevam Da Silva ,34,00:09:24,000-7241701,02:15:12
000-7241701,2026-09-17,11,TCB7I34D1,Adilson José Gonçalves,40,00:03:46,000-7241701,02:15:12
000-7241701,2026-09-17,11,TCB7I34D2,Gianmiller Moraes,134,00:32:48,000-7241701,02:15:12
000-7241701,2026-09-17,11,TCB7I34E4,Felipe Rogerio Estevam Da Silva ,75,00:12:52,000-7241701,02:15:12
000-7241701,2026-09-17,11,TCB7I34E1,Marcos Vinicio Alves Pessoa,58,00:06:46,000-7241701,02:15:12
000-7251701,2026-09-17,10,TCL0I17E3,Adilson José Gonçalves,20,00:11:37,000-7251701,02:56:29
000-7251701,2026-09-17,10,TCL0I17D3,Leonardo Caetano Rodrigues,23,00:02:17,000-7251701,02:56:29
000-7251701,2026-09-17,10,TCL0I17E2,Felipe Rogerio Estevam Da Silva ,157,00:23:55,000-7251701,02:56:29
000-7251701,2026-09-17,10,TCL0I17D2,Denilton Batista Dos Santos,39,00:14:19,000-7251701,02:56:29
000-7251701,2026-09-17,10,TCL0I17D5,Marcos Vinicio Alves Pessoa,56,00:17:04,000-7251701,02:56:29
000-7251701,2026-09-17,10,TCL0I17E5,Gianmiller Moraes,72,00:49:56,000-7251701,02:56:29
000-7251701,2026-09-17,10,TCL0I17E1,Leonardo Caetano Rodrigues,75,00:07:57,000-7251701,02:56:29
000-7251701,2026-09-17,10,TCL0I17E4,Adilson José Gonçalves,101,00:14:33,000-7251701,02:56:29
000-7251701,2026-09-17,10,TCL0I17D4,Natan Silva Medeiros Júnior,97,00:34:51,000-7251701,02:56:29
000-7291701,2026-09-17,11,OWV5H27E2,Natan Silva Medeiros Júnior,50,00:07:28,000-7291701,03:16:30
000-7291701,2026-09-17,11,OWV5H27E3,Adilson José Gonçalves,32,00:09:42,000-7291701,03:16:30
000-7291701,2026-09-17,11,OWV5H27D2,Leonardo Caetano Rodrigues,288,00:15:28,000-7291701,03:16:30
000-7291701,2026-09-17,11,OWV5H27D3,Adilson José Gonçalves,238,00:22:47,000-7291701,03:16:30
000-7291701,2026-09-17,11,OWV5H27D6,Denilton Batista Dos Santos,237,00:55:40,000-7291701,03:16:30
000-7291701,2026-09-17,11,OWV5H27E4,Marcos Vinicio Alves Pessoa,20,00:07:02,000-7291701,03:16:30
000-7291701,2026-09-17,11,OWV5H27D5,Leonardo Caetano Rodrigues,57,00:22:11,000-7291701,03:16:30
000-7291701,2026-09-17,11,OWV5H27E5,Felipe Rogerio Estevam Da Silva ,247,00:25:48,000-7291701,03:16:30
000-7291701,2026-09-17,11,OWV5H27D4,Marcos Vinicio Alves Pessoa,73,00:23:44,000-7291701,03:16:30
000-7291701,2026-09-17,11,OWV5H27E6,Felipe Rogerio Estevam Da Silva ,37,00:06:40,000-7291701,03:16:30
000-7151701,2026-09-17,7,MQU8E71D2,Leonardo Caetano Rodrigues,254,00:29:53,000-7151701,03:00:14
000-7151701,2026-09-17,7,MQU8E71E1,Pedro Lucas Procópio dos Santos,69,00:03:59,000-7151701,03:00:14
000-7151701,2026-09-17,7,MQU8E71E2,Denilton Batista Dos Santos,140,00:58:34,000-7151701,03:00:14
000-7151701,2026-09-17,7,MQU8E71D1,Marcos Vinicio Alves Pessoa,51,00:20:29,000-7151701,03:00:14
000-7151701,2026-09-17,7,MQU8E71D3,Natan Silva Medeiros Júnior,150,00:50:48,000-7151701,03:00:14
000-7151701,2026-09-17,7,MQU8E71E3,Gianmiller Moraes,43,00:16:31,000-7151701,03:00:14
000-7161701,2026-09-17,7,MQL5679E1,Denilton Batista Dos Santos,256,01:03:24,000-7161701,03:04:49
000-7161701,2026-09-17,7,MQL5679E3,Marcos Vinicio Alves Pessoa,216,00:40:24,000-7161701,03:04:49
000-7161701,2026-09-17,7,MQL5679D3,Felipe Rogerio Estevam Da Silva ,65,00:17:23,000-7161701,03:04:49
000-7161701,2026-09-17,7,MQL5679D2,Natan Silva Medeiros Júnior,48,00:15:57,000-7161701,03:04:49
000-7161701,2026-09-17,7,MQL5679E2,Adilson José Gonçalves,121,00:31:22,000-7161701,03:04:49
000-7161701,2026-09-17,7,MQL5679D1,Leonardo Caetano Rodrigues,69,00:16:19,000-7161701,03:04:49
000-7131701,2026-09-17,7,JXS4C69E3,Gianmiller Moraes,40,00:10:17,000-7131701,02:11:11
000-7131701,2026-09-17,7,JXS4C69D3,Felipe Rogerio Estevam Da Silva ,220,00:36:46,000-7131701,02:11:11
000-7131701,2026-09-17,7,JXS4C69E2,Natan Silva Medeiros Júnior,37,00:11:42,000-7131701,02:11:11
000-7131701,2026-09-17,7,JXS4C69D2,Denilton Batista Dos Santos,133,00:37:46,000-7131701,02:11:11
000-7131701,2026-09-17,7,JXS4C69E1,Marcos Vinicio Alves Pessoa,61,00:29:53,000-7131701,02:11:11
000-7131701,2026-09-17,7,JXS4C69D1,Natan Silva Medeiros Júnior,40,00:04:47,000-7131701,02:11:11
000-7191701,2026-09-17,8,KZX0905E4,Marcos Vinicio Alves Pessoa,115,00:28:54,000-7191701,01:33:51
000-7191701,2026-09-17,8,KZX0905E2,Gianmiller Moraes,32,00:10:32,000-7191701,01:33:51
000-7191701,2026-09-17,8,KZX0905D3,Adilson José Gonçalves,138,00:29:06,000-7191701,01:33:51
000-7191701,2026-09-17,8,KZX0905E3,Pedro Lucas Procópio dos Santos,29,00:04:35,000-7191701,01:33:51
000-7191701,2026-09-17,8,KZX0905E1,Pedro Lucas Procópio dos Santos,43,00:04:39,000-7191701,01:33:51
000-7191701,2026-09-17,8,KZX0905D2,Leonardo Caetano Rodrigues,57,00:09:29,000-7191701,01:33:51
000-7191701,2026-09-17,8,KZX0905D4,Leonardo Caetano Rodrigues,55,00:06:36,000-7191701,01:33:51
000-7141701,2026-09-17,7,HAI2518D2,Pedro Lucas Procópio dos Santos,45,00:32:31,000-7141701,02:19:49
000-7141701,2026-09-17,7,HAI2518E1,Gianmiller Moraes,48,00:25:47,000-7141701,02:19:49
000-7141701,2026-09-17,7,HAI2518D1,Pedro Lucas Procópio dos Santos,40,00:00:18,000-7141701,02:19:49
000-7141701,2026-09-17,7,HAI2518E2,Felipe Rogerio Estevam Da Silva ,176,00:25:46,000-7141701,02:19:49
000-7141701,2026-09-17,7,HAI2518D3,Pedro Lucas Procópio dos Santos,43,00:20:09,000-7141701,02:19:49
000-7141701,2026-09-17,7,HAI2518E3,Adilson José Gonçalves,221,00:35:18,000-7141701,02:19:49
000-7121701,2026-09-17,7,DJB5C58D1,Marcos Vinicio Alves Pessoa,40,00:14:22,000-7121701,02:41:37
000-7121701,2026-09-17,7,DJB5C58E3,Leonardo Caetano Rodrigues,134,00:25:22,000-7121701,02:41:37
000-7121701,2026-09-17,7,DJB5C58E2,Marcos Vinicio Alves Pessoa,214,01:12:54,000-7121701,02:41:37
000-7121701,2026-09-17,7,DJB5C58D2,Felipe Rogerio Estevam Da Silva ,66,00:12:58,000-7121701,02:41:37
000-7121701,2026-09-17,7,DJB5C58D3,Denilton Batista Dos Santos,41,00:14:24,000-7121701,02:41:37
000-7121701,2026-09-17,7,DJB5C58E1,Adilson José Gonçalves,144,00:21:37,000-7121701,02:41:37
000-7381701,2026-09-17,7,KKJ5250E3,Natan Silva Medeiros Júnior,86,00:28:06,000-7381701,02:22:55
000-7381701,2026-09-17,7,KKJ5250D2,Leonardo Caetano Rodrigues,140,00:28:03,000-7381701,02:22:55
000-7381701,2026-09-17,7,KKJ5250D3,Adilson José Gonçalves,138,00:29:34,000-7381701,02:22:55
000-7381701,2026-09-17,7,KKJ5250D1,Gianmiller Moraes,40,00:12:11,000-7381701,02:22:55
000-7381701,2026-09-17,7,KKJ5250E1,Marcos Vinicio Alves Pessoa,68,00:18:10,000-7381701,02:22:55
000-7381701,2026-09-17,7,KKJ5250E2,Denilton Batista Dos Santos,39,00:26:51,000-7381701,02:22:55
000-7411701,2026-09-17,7,OWQ4406D2,Gianmiller Moraes,62,00:34:43,000-7411701,02:52:07
000-7411701,2026-09-17,7,OWQ4406D1,Natan Silva Medeiros Júnior,69,00:10:07,000-7411701,02:52:07
000-7411701,2026-09-17,7,OWQ4406D3,Felipe Rogerio Estevam Da Silva ,307,00:47:46,000-7411701,02:52:07
000-7411701,2026-09-17,7,OWQ4406E3,Geraldo Teixeira Baia Junior,70,00:34:26,000-7411701,02:52:07
000-7411701,2026-09-17,7,OWQ4406E2,Adilson José Gonçalves,61,00:13:26,000-7411701,02:52:07
000-7411701,2026-09-17,7,OWQ4406E1,Leonardo Caetano Rodrigues,162,00:31:39,000-7411701,02:52:07
000-7181801,2026-09-18,6,RFP8G80E1,Natan Silva Medeiros Júnior,39,00:08:47,000-7181801,01:27:25
000-7181801,2026-09-18,6,RFP8G80E3,Leonardo Caetano Rodrigues,162,00:19:35,000-7181801,01:27:25
000-7181801,2026-09-18,6,RFP8G80D3,Leonardo Miguel,35,00:06:19,000-7181801,01:27:25
000-7181801,2026-09-18,6,RFP8G80D2,Leonardo Miguel,54,00:08:40,000-7181801,01:27:25
000-7181801,2026-09-18,6,RFP8G80E2,Denilton Batista Dos Santos,131,00:44:04,000-7181801,01:27:25
000-7191801,2026-09-18,7,KZX0905E4,Leonardo Caetano Rodrigues,76,00:08:26,000-7191801,01:22:50
000-7191801,2026-09-18,7,KZX0905D2,Leonardo Miguel,68,00:11:11,000-7191801,01:22:50
000-7191801,2026-09-18,7,KZX0905D3,Gianmiller Moraes,60,00:25:27,000-7191801,01:22:50
000-7191801,2026-09-18,7,KZX0905E3,Leonardo Miguel,26,00:13:43,000-7191801,01:22:50
000-7191801,2026-09-18,7,KZX0905D4,Leonardo Caetano Rodrigues,44,00:06:07,000-7191801,01:22:50
000-7191801,2026-09-18,7,KZX0905E2,Natan Silva Medeiros Júnior,42,00:17:56,000-7191801,01:22:50
000-7411801,2026-09-18,7,OWQ4406D3,Adilson José Gonçalves,301,00:37:58,000-7411801,02:35:11
000-7411801,2026-09-18,7,OWQ4406D2,Leonardo Caetano Rodrigues,28,00:06:29,000-7411801,02:35:11
000-7411801,2026-09-18,7,OWQ4406E2,Denilton Batista Dos Santos,34,00:12:22,000-7411801,02:35:11
000-7411801,2026-09-18,7,OWQ4406D1,Pedro Lucas Procópio dos Santos,64,00:20:59,000-7411801,02:35:11
000-7411801,2026-09-18,7,OWQ4406E3,Marcos Vinicio Alves Pessoa,126,00:49:40,000-7411801,02:35:11
000-7411801,2026-09-18,7,OWQ4406E1,Natan Silva Medeiros Júnior,215,00:27:43,000-7411801,02:35:11
000-7141801,2026-09-18,7,HAI2518E2,Leonardo Caetano Rodrigues,144,00:26:24,000-7141801,02:36:25
000-7141801,2026-09-18,7,HAI2518E1,Marcos Vinicio Alves Pessoa,55,00:29:39,000-7141801,02:36:25
000-7141801,2026-09-18,7,HAI2518D3,Gianmiller Moraes,42,00:32:28,000-7141801,02:36:25
000-7141801,2026-09-18,7,HAI2518D2,Pedro Lucas Procópio dos Santos,39,00:23:00,000-7141801,02:36:25
000-7141801,2026-09-18,7,HAI2518D1,Leonardo Miguel,40,00:00:14,000-7141801,02:36:25
000-7141801,2026-09-18,7,HAI2518E3,Denilton Batista Dos Santos,126,00:44:40,000-7141801,02:36:25
000-7121801,2026-09-18,7,DJB5C58E1,Denilton Batista Dos Santos,69,00:23:07,000-7121801,02:22:53
000-7121801,2026-09-18,7,DJB5C58E2,Leonardo Caetano Rodrigues,67,00:20:00,000-7121801,02:22:53
000-7121801,2026-09-18,7,DJB5C58D2,Leonardo Caetano Rodrigues,127,00:16:25,000-7121801,02:22:53
000-7121801,2026-09-18,7,DJB5C58D1,Denilton Batista Dos Santos,40,00:08:33,000-7121801,02:22:53
000-7121801,2026-09-18,7,DJB5C58D3,Gianmiller Moraes,173,00:57:51,000-7121801,02:22:53
000-7121801,2026-09-18,7,DJB5C58E3,Natan Silva Medeiros Júnior,53,00:16:57,000-7121801,02:22:53
000-7251801,2026-09-18,11,TCL0I17E2,Marcos Vinicio Alves Pessoa,132,00:29:29,000-7251801,01:42:38
000-7251801,2026-09-18,11,TCL0I17E5,Natan Silva Medeiros Júnior,31,00:04:36,000-7251801,01:42:38
000-7251801,2026-09-18,11,TCL0I17D1,Natan Silva Medeiros Júnior,75,00:06:15,000-7251801,01:42:38
000-7251801,2026-09-18,11,TCL0I17D3,Leonardo Caetano Rodrigues,80,00:09:22,000-7251801,01:42:38
000-7251801,2026-09-18,11,TCL0I17D2,Gianmiller Moraes,73,00:25:19,000-7251801,01:42:38
000-7251801,2026-09-18,11,TCL0I17E3,Leonardo Caetano Rodrigues,19,00:05:09,000-7251801,01:42:38
000-7251801,2026-09-18,11,TCL0I17D4,Adilson José Gonçalves,31,00:08:27,000-7251801,01:42:38
000-7251801,2026-09-18,11,TCL0I17E1,Natan Silva Medeiros Júnior,25,00:03:42,000-7251801,01:42:38
000-7251801,2026-09-18,11,TCL0I17D5,Pedro Lucas Procópio dos Santos,10,00:02:02,000-7251801,01:42:38
000-7251801,2026-09-18,11,TCL0I17E4,Leonardo Caetano Rodrigues,50,00:08:17,000-7251801,01:42:38
000-7151801,2026-09-18,7,MQU8E71E3,Leonardo Miguel,39,00:04:48,000-7151801,01:49:40
000-7151801,2026-09-18,7,MQU8E71D1,Denilton Batista Dos Santos,40,00:05:59,000-7151801,01:49:40
000-7151801,2026-09-18,7,MQU8E71E2,Leonardo Caetano Rodrigues,195,00:21:39,000-7151801,01:49:40
000-7151801,2026-09-18,7,MQU8E71E1,Leonardo Miguel,62,00:09:08,000-7151801,01:49:40
000-7151801,2026-09-18,7,MQU8E71D2,Marcos Vinicio Alves Pessoa,162,00:47:03,000-7151801,01:49:40
000-7151801,2026-09-18,7,MQU8E71D3,Gianmiller Moraes,36,00:21:03,000-7151801,01:49:40
000-7321801,2026-09-18,12,QXO9C83E2,Marcos Vinicio Alves Pessoa,42,00:07:35,000-7321801,02:36:47
000-7321801,2026-09-18,12,QXO9C83E6,Marcos Vinicio Alves Pessoa,62,00:15:53,000-7321801,02:36:47
000-7321801,2026-09-18,12,QXO9C83D4,Leonardo Caetano Rodrigues,35,00:10:15,000-7321801,02:36:47
000-7321801,2026-09-18,12,QXO9C83D6,Pedro Lucas Procópio dos Santos,6,00:02:09,000-7321801,02:36:47
000-7321801,2026-09-18,12,QXO9C83D5,Gianmiller Moraes,213,00:37:10,000-7321801,02:36:47
000-7321801,2026-09-18,12,QXO9C83E1,Denilton Batista Dos Santos,207,00:35:20,000-7321801,02:36:47
000-7321801,2026-09-18,12,QXO9C83D3,Leonardo Miguel,154,00:14:23,000-7321801,02:36:47
000-7321801,2026-09-18,12,QXO9C83D2,Leonardo Caetano Rodrigues,37,00:11:50,000-7321801,02:36:47
000-7321801,2026-09-18,12,QXO9C83E4,Leonardo Miguel,54,00:10:46,000-7321801,02:36:47
000-7321801,2026-09-18,12,QXO9C83E3,Leonardo Miguel,21,00:10:09,000-7321801,02:36:47
000-7321801,2026-09-18,12,QXO9C83E5,Leonardo Miguel,10,00:01:17,000-7321801,02:36:47
000-7241801,2026-09-18,10,TCB7I34D3,Leonardo Caetano Rodrigues,21,00:02:23,000-7241801,01:54:45
000-7241801,2026-09-18,10,TCB7I34D5,Natan Silva Medeiros Júnior,91,00:13:24,000-7241801,01:54:45
000-7241801,2026-09-18,10,TCB7I34E3,Adilson José Gonçalves,155,00:16:42,000-7241801,01:54:45
000-7241801,2026-09-18,10,TCB7I34E2,Denilton Batista Dos Santos,111,00:39:08,000-7241801,01:54:45
000-7241801,2026-09-18,10,TCB7I34D4,Natan Silva Medeiros Júnior,17,00:05:19,000-7241801,01:54:45
000-7241801,2026-09-18,10,TCB7I34D2,Gianmiller Moraes,29,00:07:25,000-7241801,01:54:45
000-7241801,2026-09-18,10,TCB7I34E5,Leonardo Caetano Rodrigues,19,00:07:08,000-7241801,01:54:45
000-7241801,2026-09-18,10,TCB7I34E1,Marcos Vinicio Alves Pessoa,42,00:16:09,000-7241801,01:54:45
000-7241801,2026-09-18,10,TCB7I34E4,Leonardo Caetano Rodrigues,77,00:07:07,000-7241801,01:54:45
000-7381801,2026-09-18,7,KKJ5250E2,Pedro Lucas Procópio dos Santos,39,00:01:42,000-7381801,01:57:46
000-7381801,2026-09-18,7,KKJ5250E3,Leonardo Caetano Rodrigues,38,00:10:40,000-7381801,01:57:46
000-7381801,2026-09-18,7,KKJ5250D2,Marcos Vinicio Alves Pessoa,75,00:26:00,000-7381801,01:57:46
000-7381801,2026-09-18,7,KKJ5250E1,Pedro Lucas Procópio dos Santos,42,00:32:33,000-7381801,01:57:46
000-7381801,2026-09-18,7,KKJ5250D3,Natan Silva Medeiros Júnior,159,00:45:40,000-7381801,01:57:46
000-7381801,2026-09-18,7,KKJ5250D1,Pedro Lucas Procópio dos Santos,40,00:01:11,000-7381801,01:57:46
000-7131801,2026-09-18,7,JXS4C69D2,Marcos Vinicio Alves Pessoa,188,01:13:01,000-7131801,03:24:56
000-7131801,2026-09-18,7,JXS4C69E2,Leonardo Caetano Rodrigues,141,01:04:58,000-7131801,03:24:56
000-7131801,2026-09-18,7,JXS4C69E3,Gianmiller Moraes,37,00:10:05,000-7131801,03:24:56
000-7131801,2026-09-18,7,JXS4C69D3,Natan Silva Medeiros Júnior,68,00:17:30,000-7131801,03:24:56
000-7131801,2026-09-18,7,JXS4C69D1,Gianmiller Moraes,40,00:06:05,000-7131801,03:24:56
000-7131801,2026-09-18,7,JXS4C69E1,Denilton Batista Dos Santos,55,00:33:17,000-7131801,03:24:56
000-7382101,2026-09-21,7,KKJ5250E3,Denilton Batista Dos Santos,234,01:03:48,000-7382101,03:35:47
000-7382101,2026-09-21,7,KKJ5250D3,Felipe Rogerio Estevam Da Silva ,224,00:38:18,000-7382101,03:35:47
000-7382101,2026-09-21,7,KKJ5250E2,Gianmiller Moraes,71,00:47:18,000-7382101,03:35:47
000-7382101,2026-09-21,7,KKJ5250E1,Leonardo Caetano Rodrigues,45,00:09:08,000-7382101,03:35:47
000-7382101,2026-09-21,7,KKJ5250D2,Marcos Vinicio Alves Pessoa,253,00:39:18,000-7382101,03:35:47
000-7382101,2026-09-21,7,KKJ5250D1,Leonardo Caetano Rodrigues,198,00:17:57,000-7382101,03:35:47
000-7122101,2026-09-21,7,DJB5C58D2,Pedro Lucas Procópio dos Santos,55,00:27:00,000-7122101,03:39:30
000-7122101,2026-09-21,7,DJB5C58E3,Marcos Vinicio Alves Pessoa,312,01:16:21,000-7122101,03:39:30
000-7122101,2026-09-21,7,DJB5C58E1,Leonardo Caetano Rodrigues,165,00:24:01,000-7122101,03:39:30
000-7122101,2026-09-21,7,DJB5C58E2,Geraldo Teixeira Baia Junior,116,00:34:34,000-7122101,03:39:30
000-7122101,2026-09-21,7,DJB5C58D3,Natan Silva Medeiros Júnior,186,00:44:11,000-7122101,03:39:30
000-7122101,2026-09-21,7,DJB5C58D1,Adilson José Gonçalves,258,00:13:23,000-7122101,03:39:30
000-7302101,2026-09-21,11,OWV8A20E5,Geraldo Teixeira Baia Junior,63,00:23:00,000-7302101,04:50:12
000-7302101,2026-09-21,11,OWV8A20E4,Felipe Rogerio Estevam Da Silva ,44,00:11:59,000-7302101,04:50:12
000-7302101,2026-09-21,11,OWV8A20D2,Leonardo Caetano Rodrigues,130,00:14:17,000-7302101,04:50:12
000-7302101,2026-09-21,11,OWV8A20D3,Gianmiller Moraes,217,01:03:47,000-7302101,04:50:12
000-7302101,2026-09-21,11,OWV8A20D6,Natan Silva Medeiros Júnior,75,00:22:19,000-7302101,04:50:12
000-7302101,2026-09-21,11,OWV8A20E6,Geraldo Teixeira Baia Junior,132,00:22:00,000-7302101,04:50:12
000-7302101,2026-09-21,11,OWV8A20E3,Leonardo Caetano Rodrigues,291,00:26:01,000-7302101,04:50:12
000-7302101,2026-09-21,11,OWV8A20E2,Adilson José Gonçalves,340,00:41:55,000-7302101,04:50:12
000-7302101,2026-09-21,11,OWV8A20D5,Marcos Vinicio Alves Pessoa,348,00:57:53,000-7302101,04:50:12
000-7302101,2026-09-21,11,OWV8A20D4,Leonardo Caetano Rodrigues,61,00:07:01,000-7302101,04:50:12
000-7212101,2026-09-21,10,JJB9B08D2,Adilson José Gonçalves,198,00:30:19,000-7212101,03:27:47
000-7212101,2026-09-21,10,JJB9B08D4,Geraldo Teixeira Baia Junior,86,00:21:17,000-7212101,03:27:47
000-7212101,2026-09-21,10,JJB9B08D3,Denilton Batista Dos Santos,273,01:06:11,000-7212101,03:27:47
000-7212101,2026-09-21,10,JJB9B08E1,Felipe Rogerio Estevam Da Silva ,91,00:15:50,000-7212101,03:27:47
000-7212101,2026-09-21,10,JJB9B08E3,Felipe Rogerio Estevam Da Silva ,238,00:23:14,000-7212101,03:27:47
000-7212101,2026-09-21,10,JJB9B08E5,Gianmiller Moraes,104,00:26:11,000-7212101,03:27:47
000-7212101,2026-09-21,10,JJB9B08E2,Marcos Vinicio Alves Pessoa,33,00:08:39,000-7212101,03:27:47
000-7212101,2026-09-21,10,JJB9B08E4,Leonardo Caetano Rodrigues,58,00:07:07,000-7212101,03:27:47
000-7212101,2026-09-21,10,JJB9B08D5,Leonardo Caetano Rodrigues,45,00:08:59,000-7212101,03:27:47
000-7242101,2026-09-21,5,TCB7I34D5,Natan Silva Medeiros Júnior,21,00:07:38,000-7242101,01:38:46
000-7242101,2026-09-21,5,TCB7I34E4,Felipe Rogerio Estevam Da Silva ,49,00:12:18,000-7242101,01:38:46
000-7242101,2026-09-21,5,TCB7I34E5,Adilson José Gonçalves,164,00:16:38,000-7242101,01:38:46
000-7242101,2026-09-21,5,TCB7I34E3,Denilton Batista Dos Santos,120,00:50:08,000-7242101,01:38:46
000-7242101,2026-09-21,5,TCB7I34D4,Leonardo Caetano Rodrigues,62,00:12:04,000-7242101,01:38:46
000-7142101,2026-09-21,7,HAI2518E2,Felipe Rogerio Estevam Da Silva ,229,00:39:12,000-7142101,02:34:44
000-7142101,2026-09-21,7,HAI2518D1,Pedro Lucas Procópio dos Santos,44,00:11:13,000-7142101,02:34:44
000-7142101,2026-09-21,7,HAI2518D3,Pedro Lucas Procópio dos Santos,38,00:04:13,000-7142101,02:34:44
000-7142101,2026-09-21,7,HAI2518E3,Denilton Batista Dos Santos,153,01:08:22,000-7142101,02:34:44
000-7142101,2026-09-21,7,HAI2518D2,Leonardo Caetano Rodrigues,66,00:11:06,000-7142101,02:34:44
000-7142101,2026-09-21,7,HAI2518E1,Adilson José Gonçalves,194,00:20:38,000-7142101,02:34:44
000-7402101,2026-09-21,8,PUN0E10D5,Felipe Rogerio Estevam Da Silva ,40,00:11:49,000-7402101,02:15:29
000-7402101,2026-09-21,8,PUN0E10D4,Pedro Lucas Procópio dos Santos,85,00:08:16,000-7402101,02:15:29
000-7402101,2026-09-21,8,PUN0E10E3,Adilson José Gonçalves,250,00:39:50,000-7402101,02:15:29
000-7402101,2026-09-21,8,PUN0E10E5,Leonardo Caetano Rodrigues,240,00:29:54,000-7402101,02:15:29
000-7402101,2026-09-21,8,PUN0E10D3,Felipe Rogerio Estevam Da Silva ,50,00:05:46,000-7402101,02:15:29
000-7402101,2026-09-21,8,PUN0E10E4,Marcos Vinicio Alves Pessoa,216,00:28:44,000-7402101,02:15:29
000-7402101,2026-09-21,8,PUN0E10E2,Geraldo Teixeira Baia Junior,289,00:11:10,000-7402101,02:15:29
000-7372101,2026-09-21,7,KKJ5170E3,Leonardo Caetano Rodrigues,44,00:11:01,000-7372101,03:19:48
000-7372101,2026-09-21,7,KKJ5170D1,Natan Silva Medeiros Júnior,216,00:43:36,000-7372101,03:19:48
000-7372101,2026-09-21,7,KKJ5170E1,Geraldo Teixeira Baia Junior,259,00:41:40,000-7372101,03:19:48
000-7372101,2026-09-21,7,KKJ5170D2,Felipe Rogerio Estevam Da Silva ,74,00:11:04,000-7372101,03:19:48
000-7372101,2026-09-21,7,KKJ5170E2,Adilson José Gonçalves,217,00:43:04,000-7372101,03:19:48
000-7372101,2026-09-21,7,KKJ5170D3,Pedro Lucas Procópio dos Santos,336,00:49:23,000-7372101,03:19:48
000-7182101,2026-09-21,7,RFP8G80E1,Natan Silva Medeiros Júnior,38,00:08:36,000-7182101,02:52:13
000-7182101,2026-09-21,7,RFP8G80E2,Felipe Rogerio Estevam Da Silva ,288,00:29:47,000-7182101,02:52:13
000-7182101,2026-09-21,7,RFP8G80D2,Adilson José Gonçalves,67,00:18:24,000-7182101,02:52:13
000-7182101,2026-09-21,7,RFP8G80E3,Gianmiller Moraes,143,01:10:46,000-7182101,02:52:13
000-7182101,2026-09-21,7,RFP8G80D1,Leonardo Caetano Rodrigues,199,00:26:21,000-7182101,02:52:13
000-7182101,2026-09-21,7,RFP8G80D3,Felipe Rogerio Estevam Da Silva ,42,00:18:19,000-7182101,02:52:13
000-7412101,2026-09-21,7,OWQ4406E3,Gianmiller Moraes,55,00:34:11,000-7412101,02:30:10
000-7412101,2026-09-21,7,OWQ4406D1,Leonardo Caetano Rodrigues,60,00:02:08,000-7412101,02:30:10
000-7412101,2026-09-21,7,OWQ4406E1,Marcos Vinicio Alves Pessoa,36,00:16:15,000-7412101,02:30:10
000-7412101,2026-09-21,7,OWQ4406E2,Felipe Rogerio Estevam Da Silva ,261,00:45:41,000-7412101,02:30:10
000-7412101,2026-09-21,7,OWQ4406D3,Natan Silva Medeiros Júnior,131,00:32:39,000-7412101,02:30:10
000-7412101,2026-09-21,7,OWQ4406D2,Felipe Rogerio Estevam Da Silva ,65,00:19:16,000-7412101,02:30:10
000-7252101,2026-09-21,8,TCL0I17D4,Natan Silva Medeiros Júnior,254,00:52:26,000-7252101,04:52:08
000-7252101,2026-09-21,8,TCL0I17D3,Gianmiller Moraes,219,01:04:46,000-7252101,04:52:08
000-7252101,2026-09-21,8,TCL0I17E3,Adilson José Gonçalves,378,00:19:51,000-7252101,04:52:08
000-7252101,2026-09-21,8,TCL0I17D5,Geraldo Teixeira Baia Junior,394,00:36:03,000-7252101,04:52:08
000-7252101,2026-09-21,8,TCL0I17E5,Marcos Vinicio Alves Pessoa,382,00:45:07,000-7252101,04:52:08
000-7252101,2026-09-21,8,TCL0I17E2,Adilson José Gonçalves,218,00:17:37,000-7252101,04:52:08
000-7252101,2026-09-21,8,TCL0I17E4,Leonardo Caetano Rodrigues,331,00:34:03,000-7252101,04:52:08
000-7252101,2026-09-21,8,TCL0I17D2,Felipe Rogerio Estevam Da Silva ,378,00:22:15,000-7252101,04:52:08
000-7292101,2026-09-21,10,OWV5H27E3,Denilton Batista Dos Santos,240,01:53:52,000-7292101,04:43:13
000-7292101,2026-09-21,10,OWV5H27E6,Adilson José Gonçalves,57,00:16:24,000-7292101,04:43:13
000-7292101,2026-09-21,10,OWV5H27D3,Felipe Rogerio Estevam Da Silva ,360,00:22:35,000-7292101,04:43:13
000-7292101,2026-09-21,10,OWV5H27D5,Felipe Rogerio Estevam Da Silva ,97,00:17:59,000-7292101,04:43:13
000-7292101,2026-09-21,10,OWV5H27E5,Geraldo Teixeira Baia Junior,306,00:36:54,000-7292101,04:43:13
000-7292101,2026-09-21,10,OWV5H27D6,Adilson José Gonçalves,106,00:21:39,000-7292101,04:43:13
000-7292101,2026-09-21,10,OWV5H27E4,Leonardo Caetano Rodrigues,60,00:11:39,000-7292101,04:43:13
000-7292101,2026-09-21,10,OWV5H27E2,Marcos Vinicio Alves Pessoa,78,00:15:39,000-7292101,04:43:13
000-7292101,2026-09-21,10,OWV5H27D4,Leonardo Caetano Rodrigues,247,00:26:32,000-7292101,04:43:13
000-7152101,2026-09-21,7,MQU8E71E3,Marcos Vinicio Alves Pessoa,229,01:12:29,000-7152101,03:53:03
000-7152101,2026-09-21,7,MQU8E71E1,Adilson José Gonçalves,247,00:27:05,000-7152101,03:53:03
000-7152101,2026-09-21,7,MQU8E71E2,Natan Silva Medeiros Júnior,87,00:35:55,000-7152101,03:53:03
000-7152101,2026-09-21,7,MQU8E71D1,Leonardo Caetano Rodrigues,190,00:26:17,000-7152101,03:53:03
000-7152101,2026-09-21,7,MQU8E71D2,Gianmiller Moraes,44,00:15:19,000-7152101,03:53:03
000-7152101,2026-09-21,7,MQU8E71D3,Geraldo Teixeira Baia Junior,225,00:55:58,000-7152101,03:53:03
000-7192101,2026-09-21,9,KZX0905D1,Natan Silva Medeiros Júnior,43,00:05:16,000-7192101,02:00:41
000-7192101,2026-09-21,9,KZX0905E1,Leonardo Caetano Rodrigues,148,00:15:18,000-7192101,02:00:41
000-7192101,2026-09-21,9,KZX0905D4,Pedro Lucas Procópio dos Santos,36,00:05:30,000-7192101,02:00:41
000-7192101,2026-09-21,9,KZX0905E3,Felipe Rogerio Estevam Da Silva ,68,00:13:00,000-7192101,02:00:41
000-7192101,2026-09-21,9,KZX0905E2,Pedro Lucas Procópio dos Santos,25,00:02:36,000-7192101,02:00:41
000-7192101,2026-09-21,9,KZX0905D3,Denilton Batista Dos Santos,178,00:24:56,000-7192101,02:00:41
000-7192101,2026-09-21,9,KZX0905D2,Pedro Lucas Procópio dos Santos,25,00:01:05,000-7192101,02:00:41
000-7192101,2026-09-21,9,KZX0905E4,Pedro Lucas Procópio dos Santos,300,00:53:00,000-7192101,02:00:41
000-7232201,2026-09-22,11,TCB7H85E5,Natan Silva Medeiros Júnior,53,00:16:16,000-7232201,02:23:23
000-7232201,2026-09-22,11,TCB7H85D1,Marcos Vinicio Alves Pessoa,52,00:16:13,000-7232201,02:23:23
000-7232201,2026-09-22,11,TCB7H85D5,Denilton Batista Dos Santos,44,00:22:46,000-7232201,02:23:23
000-7232201,2026-09-22,11,TCB7H85E4,Leonardo Caetano Rodrigues,26,00:05:01,000-7232201,02:23:23
000-7232201,2026-09-22,11,TCB7H85E3,Freelancer 02,15,00:06:40,000-7232201,02:23:23
000-7232201,2026-09-22,11,TCB7H85E2,Freelancer 01,15,00:05:05,000-7232201,02:23:23
000-7232201,2026-09-22,11,TCB7H85D2,Paulo Rozani Lopes Da Silva,15,00:09:00,000-7232201,02:23:23
000-7232201,2026-09-22,11,TCB7H85E1,Adilson José Gonçalves,128,00:18:33,000-7232201,02:23:23
000-7232201,2026-09-22,11,TCB7H85D4,Felipe Rogerio Estevam Da Silva ,111,00:10:07,000-7232201,02:23:23
000-7232201,2026-09-22,11,TCB7H85D3,Gianmiller Moraes,88,00:33:42,000-7232201,02:23:23
000-7372201,2026-09-22,7,KKJ5170D2,Adilson José Gonçalves,160,00:19:14,000-7372201,01:52:28
000-7372201,2026-09-22,7,KKJ5170E1,Felipe Rogerio Estevam Da Silva ,139,00:07:05,000-7372201,01:52:28
000-7372201,2026-09-22,7,KKJ5170D1,Pedro Lucas Procópio dos Santos,40,00:00:19,000-7372201,01:52:28
000-7372201,2026-09-22,7,KKJ5170D3,Leonardo Caetano Rodrigues,46,00:20:18,000-7372201,01:52:28
000-7372201,2026-09-22,7,KKJ5170E2,Natan Silva Medeiros Júnior,193,00:37:59,000-7372201,01:52:28
000-7372201,2026-09-22,7,KKJ5170E3,Freelancer 01,88,00:27:33,000-7372201,01:52:28
000-7122201,2026-09-22,7,DJB5C58D2,Gianmiller Moraes,111,00:36:12,000-7122201,02:07:20
000-7122201,2026-09-22,7,DJB5C58D3,Leonardo Caetano Rodrigues,40,00:14:47,000-7122201,02:07:20
000-7122201,2026-09-22,7,DJB5C58E3,Adilson José Gonçalves,182,00:25:59,000-7122201,02:07:20
000-7122201,2026-09-22,7,DJB5C58D1,Marcos Vinicio Alves Pessoa,40,00:08:02,000-7122201,02:07:20
000-7122201,2026-09-22,7,DJB5C58E1,Felipe Rogerio Estevam Da Silva ,53,00:20:56,000-7122201,02:07:20
000-7122201,2026-09-22,7,DJB5C58E2,Freelancer 02,58,00:21:24,000-7122201,02:07:20
000-7242201,2026-09-22,3,TCB7I34D3,Freelancer 01,138,00:30:33,000-7242201,01:08:36
000-7242201,2026-09-22,3,TCB7I34D2,Adilson José Gonçalves,69,00:13:08,000-7242201,01:08:36
000-7242201,2026-09-22,3,TCB7I34E2,Freelancer 02,134,00:24:55,000-7242201,01:08:36
000-7242202,2026-09-22,4,TCB7I34D3,Felipe Rogerio Estevam Da Silva ,65,00:10:47,000-7242202,01:01:59
000-7242202,2026-09-22,4,TCB7I34D2,Leonardo Caetano Rodrigues,182,00:10:41,000-7242202,01:01:59
000-7242202,2026-09-22,4,TCB7I34E2,Gianmiller Moraes,102,00:25:11,000-7242202,01:01:59
000-7242202,2026-09-22,4,TCB7I34E1,Marcos Vinicio Alves Pessoa,110,00:15:20,000-7242202,01:01:59
000-7262201,2026-09-22,8,TCL0I22E4,Gianmiller Moraes,10,00:05:48,000-7262201,02:10:21
000-7262201,2026-09-22,8,TCL0I22D3,Paulo Rozani Lopes Da Silva,269,00:40:43,000-7262201,02:10:21
000-7262201,2026-09-22,8,TCL0I22D4,Marcos Vinicio Alves Pessoa,112,00:34:56,000-7262201,02:10:21
000-7262201,2026-09-22,8,TCL0I22E3,Freelancer 02,88,00:19:34,000-7262201,02:10:21
000-7262201,2026-09-22,8,TCL0I22E5,Adilson José Gonçalves,41,00:07:58,000-7262201,02:10:21
000-7262201,2026-09-22,8,TCL0I22D5,Leonardo Caetano Rodrigues,20,00:04:37,000-7262201,02:10:21
000-7262201,2026-09-22,8,TCL0I22E2,Felipe Rogerio Estevam Da Silva ,67,00:16:45,000-7262201,02:10:21
000-7382201,2026-09-22,7,KKJ5250D1,Pedro Lucas Procópio dos Santos,40,00:01:01,000-7382201,02:07:50
000-7382201,2026-09-22,7,KKJ5250D2,Felipe Rogerio Estevam Da Silva ,143,00:28:38,000-7382201,02:07:50
000-7382201,2026-09-22,7,KKJ5250D3,Denilton Batista Dos Santos,130,00:44:43,000-7382201,02:07:50
000-7382201,2026-09-22,7,KKJ5250E2,Pedro Lucas Procópio dos Santos,24,00:10:06,000-7382201,02:07:50
000-7382201,2026-09-22,7,KKJ5250E3,Adilson José Gonçalves,40,00:20:39,000-7382201,02:07:50
000-7382201,2026-09-22,7,KKJ5250E1,Paulo Rozani Lopes Da Silva,68,00:22:43,000-7382201,02:07:50
000-7252201,2026-09-22,3,TCL0I17D4,Adilson José Gonçalves,67,00:10:42,000-7252201,00:31:59
000-7252201,2026-09-22,3,TCL0I17D3,Leonardo Caetano Rodrigues,85,00:13:13,000-7252201,00:31:59
000-7252201,2026-09-22,3,TCL0I17E3,Felipe Rogerio Estevam Da Silva ,49,00:08:04,000-7252201,00:31:59
000-7162201,2026-09-22,7,MQL5679D1,Felipe Rogerio Estevam Da Silva ,190,00:14:11,000-7162201,01:47:45
000-7162201,2026-09-22,7,MQL5679D2,Leonardo Caetano Rodrigues,237,00:28:00,000-7162201,01:47:45
000-7162201,2026-09-22,7,MQL5679E2,Adilson José Gonçalves,26,00:10:39,000-7162201,01:47:45
000-7162201,2026-09-22,7,MQL5679E1,Marcos Vinicio Alves Pessoa,62,00:18:20,000-7162201,01:47:45
000-7162201,2026-09-22,7,MQL5679D3,Freelancer 02,80,00:12:12,000-7162201,01:47:45
000-7162201,2026-09-22,7,MQL5679E3,Freelancer 01,115,00:24:23,000-7162201,01:47:45
000-7152201,2026-09-22,7,MQU8E71E2,Freelancer 01,39,00:16:48,000-7152201,02:54:39
000-7152201,2026-09-22,7,MQU8E71E1,Denilton Batista Dos Santos,79,00:30:42,000-7152201,02:54:39
000-7152201,2026-09-22,7,MQU8E71E3,Adilson José Gonçalves,40,00:30:13,000-7152201,02:54:39
000-7152201,2026-09-22,7,MQU8E71D3,Freelancer 02,213,01:08:26,000-7152201,02:54:39
000-7152201,2026-09-22,7,MQU8E71D1,Gianmiller Moraes,40,00:08:04,000-7152201,02:54:39
000-7152201,2026-09-22,7,MQU8E71D2,Felipe Rogerio Estevam Da Silva ,86,00:20:26,000-7152201,02:54:39
000-7412201,2026-09-22,7,OWQ4406D2,Leonardo Caetano Rodrigues,166,00:20:12,000-7412201,02:12:28
000-7412201,2026-09-22,7,OWQ4406D3,Felipe Rogerio Estevam Da Silva ,60,00:10:21,000-7412201,02:12:28
000-7412201,2026-09-22,7,OWQ4406E3,Natan Silva Medeiros Júnior,71,00:28:20,000-7412201,02:12:28
000-7412201,2026-09-22,7,OWQ4406E2,Freelancer 01,258,00:24:20,000-7412201,02:12:28
000-7412201,2026-09-22,7,OWQ4406E1,Denilton Batista Dos Santos,235,00:42:05,000-7412201,02:12:28
000-7412201,2026-09-22,7,OWQ4406D1,Adilson José Gonçalves,63,00:07:10,000-7412201,02:12:28
000-7342201,2026-09-22,7,TYE8D59D2,Natan Silva Medeiros Júnior,170,00:45:26,000-7342201,02:19:09
000-7342201,2026-09-22,7,TYE8D59E3,Paulo Rozani Lopes Da Silva,151,00:26:23,000-7342201,02:19:09
000-7342201,2026-09-22,7,TYE8D59D3,Denilton Batista Dos Santos,140,00:40:30,000-7342201,02:19:09
000-7342201,2026-09-22,7,TYE8D59E1,Felipe Rogerio Estevam Da Silva ,65,00:15:19,000-7342201,02:19:09
000-7342201,2026-09-22,7,TYE8D59D1,Freelancer 02,40,00:05:29,000-7342201,02:19:09
000-7342201,2026-09-22,7,TYE8D59E2,Adilson José Gonçalves,36,00:06:02,000-7342201,02:19:09
000-7192201,2026-09-22,7,KZX0905D2,Adilson José Gonçalves,68,00:10:23,000-7192201,01:57:28
000-7192201,2026-09-22,7,KZX0905E4,Denilton Batista Dos Santos,73,00:26:05,000-7192201,01:57:28
000-7192201,2026-09-22,7,KZX0905E3,Felipe Rogerio Estevam Da Silva ,114,00:29:05,000-7192201,01:57:28
000-7192201,2026-09-22,7,KZX0905E2,Leonardo Caetano Rodrigues,75,00:14:38,000-7192201,01:57:28
000-7192201,2026-09-22,7,KZX0905D3,Freelancer 01,71,00:18:58,000-7192201,01:57:28
000-7192201,2026-09-22,7,KZX0905E1,Paulo Rozani Lopes Da Silva,45,00:15:04,000-7192201,01:57:28
000-7192201,2026-09-22,7,KZX0905D4,Pedro Lucas Procópio dos Santos,33,00:03:15,000-7192201,01:57:28
000-7142201,2026-09-22,7,HAI2518D3,Paulo Rozani Lopes Da Silva,168,00:54:45,000-7142201,02:24:08
000-7142201,2026-09-22,7,HAI2518E3,Natan Silva Medeiros Júnior,103,00:27:06,000-7142201,02:24:08
000-7142201,2026-09-22,7,HAI2518D2,Freelancer 01,122,00:21:28,000-7142201,02:24:08
000-7142201,2026-09-22,7,HAI2518E1,Marcos Vinicio Alves Pessoa,65,00:22:36,000-7142201,02:24:08
000-7142201,2026-09-22,7,HAI2518D1,Freelancer 02,40,00:07:10,000-7142201,02:24:08
000-7142201,2026-09-22,7,HAI2518E2,Leonardo Caetano Rodrigues,39,00:11:03,000-7142201,02:24:08
000-7182201,2026-09-22,7,RFP8G80D3,Pedro Lucas Procópio dos Santos,35,00:26:37,000-7182201,03:22:11
000-7182201,2026-09-22,7,RFP8G80E2,Leonardo Caetano Rodrigues,259,00:32:09,000-7182201,03:22:11
000-7182201,2026-09-22,7,RFP8G80D2,Natan Silva Medeiros Júnior,109,00:22:04,000-7182201,03:22:11
000-7182201,2026-09-22,7,RFP8G80D1,Marcos Vinicio Alves Pessoa,215,00:55:29,000-7182201,03:22:11
000-7182201,2026-09-22,7,RFP8G80E1,Gianmiller Moraes,141,00:56:17,000-7182201,03:22:11
000-7182201,2026-09-22,7,RFP8G80E3,Freelancer 01,29,00:09:35,000-7182201,03:22:11
000-7182301,2026-09-23,6,RFP8G80D3,Pedro Lucas Procópio dos Santos,25,00:11:56,000-7182301,02:28:48
000-7182301,2026-09-23,6,RFP8G80E2,Freelancer 01,357,00:47:40,000-7182301,02:28:48
000-7182301,2026-09-23,6,RFP8G80D2,Pedro Lucas Procópio dos Santos,67,00:28:57,000-7182301,02:28:48
000-7182301,2026-09-23,6,RFP8G80E1,Gianmiller Moraes,46,00:15:46,000-7182301,02:28:48
000-7182301,2026-09-23,6,RFP8G80E3,Felipe Rogerio Estevam Da Silva ,270,00:44:29,000-7182301,02:28:48
000-7122301,2026-09-23,7,DJB5C58D3,Freelancer 01,277,00:44:40,000-7122301,02:15:45
000-7122301,2026-09-23,7,DJB5C58D1,Leonardo Caetano Rodrigues,39,00:06:07,000-7122301,02:15:45
000-7122301,2026-09-23,7,DJB5C58E3,Gianmiller Moraes,54,00:28:01,000-7122301,02:15:45
000-7122301,2026-09-23,7,DJB5C58D2,Felipe Rogerio Estevam Da Silva ,45,00:06:49,000-7122301,02:15:45
000-7122301,2026-09-23,7,DJB5C58E2,Marcos Vinicio Alves Pessoa,143,00:34:18,000-7122301,02:15:45
000-7122301,2026-09-23,7,DJB5C58E1,Felipe Rogerio Estevam Da Silva ,68,00:15:50,000-7122301,02:15:45
000-7192301,2026-09-23,7,KZX0905D3,Gianmiller Moraes,115,00:59:23,000-7192301,02:25:07
000-7192301,2026-09-23,7,KZX0905D4,Felipe Rogerio Estevam Da Silva ,22,00:07:09,000-7192301,02:25:07
000-7192301,2026-09-23,7,KZX0905E2,Marcos Vinicio Alves Pessoa,80,00:21:34,000-7192301,02:25:07
000-7192301,2026-09-23,7,KZX0905E3,Marcos Vinicio Alves Pessoa,15,00:23:58,000-7192301,02:25:07
000-7192301,2026-09-23,7,KZX0905D2,Leonardo Caetano Rodrigues,49,00:09:36,000-7192301,02:25:07
000-7192301,2026-09-23,7,KZX0905E4,Leonardo Caetano Rodrigues,169,00:23:27,000-7192301,02:25:07
000-7252301,2026-09-23,9,TCL0I17E3,Natan Silva Medeiros Júnior,94,00:20:01,000-7252301,02:15:41
000-7252301,2026-09-23,9,TCL0I17E4,Leonardo Caetano Rodrigues,136,00:19:11,000-7252301,02:15:41
000-7252301,2026-09-23,9,TCL0I17E2,Marcos Vinicio Alves Pessoa,26,00:06:30,000-7252301,02:15:41
000-7252301,2026-09-23,9,TCL0I17E5,Felipe Rogerio Estevam Da Silva ,44,00:10:41,000-7252301,02:15:41
000-7252301,2026-09-23,9,TCL0I17D5,Freelancer 02,14,00:12:10,000-7252301,02:15:41
000-7252301,2026-09-23,9,TCL0I17D4,Adilson José Gonçalves,99,00:17:08,000-7252301,02:15:41
000-7252301,2026-09-23,9,TCL0I17D3,Freelancer 01,78,00:15:40,000-7252301,02:15:41
000-7252301,2026-09-23,9,TCL0I17D2,Paulo Rozani Lopes Da Silva,78,00:34:20,000-7252301,02:15:41
000-7292301,2026-09-23,12,OWV5H27E5,Leonardo Caetano Rodrigues,24,00:10:46,000-7292301,02:40:11
000-7292301,2026-09-23,12,OWV5H27E3,Paulo Rozani Lopes Da Silva,150,00:29:15,000-7292301,02:40:11
000-7292301,2026-09-23,12,OWV5H27E4,Natan Silva Medeiros Júnior,74,00:08:40,000-7292301,02:40:11
000-7292301,2026-09-23,12,OWV5H27D2,Freelancer 02,51,00:17:50,000-7292301,02:40:11
000-7292301,2026-09-23,12,OWV5H27E1,Adilson José Gonçalves,180,00:22:54,000-7292301,02:40:11
000-7292301,2026-09-23,12,OWV5H27D3,Natan Silva Medeiros Júnior,30,00:03:01,000-7292301,02:40:11
000-7292301,2026-09-23,12,OWV5H27E2,Gianmiller Moraes,169,00:33:55,000-7292301,02:40:11
000-7292301,2026-09-23,12,OWV5H27D6,Felipe Rogerio Estevam Da Silva ,52,00:14:21,000-7292301,02:40:11
000-7292301,2026-09-23,12,OWV5H27D5,Adilson José Gonçalves,10,00:02:40,000-7292301,02:40:11
000-7292301,2026-09-23,12,OWV5H27E6,Freelancer 01,3,00:02:42,000-7292301,02:40:11
000-7292301,2026-09-23,12,OWV5H27D4,Freelancer 01,64,00:14:07,000-7292301,02:40:11
000-7372301,2026-09-23,7,KKJ5170E1,Natan Silva Medeiros Júnior,57,00:20:07,000-7372301,01:50:48
000-7372301,2026-09-23,7,KKJ5170D2,Felipe Rogerio Estevam Da Silva ,51,00:19:40,000-7372301,01:50:48
000-7372301,2026-09-23,7,KKJ5170D1,Pedro Lucas Procópio dos Santos,41,00:22:26,000-7372301,01:50:48
000-7372301,2026-09-23,7,KKJ5170E2,Leonardo Caetano Rodrigues,154,00:23:38,000-7372301,01:50:48
000-7372301,2026-09-23,7,KKJ5170E3,Pedro Lucas Procópio dos Santos,47,00:15:40,000-7372301,01:50:48
000-7372301,2026-09-23,7,KKJ5170D3,Leonardo Caetano Rodrigues,39,00:09:17,000-7372301,01:50:48
000-7332301,2026-09-23,3,TCK2E57D7,Felipe Rogerio Estevam Da Silva ,308,00:05:42,000-7332301,01:48:00
000-7332301,2026-09-23,3,TCK2E57E8,Natan Silva Medeiros Júnior,437,01:38:41,000-7332301,01:48:00
000-7332301,2026-09-23,3,TCK2E57E7,Leonardo Caetano Rodrigues,308,00:03:37,000-7332301,01:48:00
000-7142301,2026-09-23,7,HAI2518E3,Leonardo Caetano Rodrigues,249,00:31:06,000-7142301,01:45:57
000-7142301,2026-09-23,7,HAI2518D1,Marcos Vinicio Alves Pessoa,40,00:05:23,000-7142301,01:45:57
000-7142301,2026-09-23,7,HAI2518E2,Felipe Rogerio Estevam Da Silva ,78,00:14:00,000-7142301,01:45:57
000-7142301,2026-09-23,7,HAI2518D2,Leonardo Caetano Rodrigues,39,00:05:30,000-7142301,01:45:57
000-7142301,2026-09-23,7,HAI2518E1,Gianmiller Moraes,64,00:38:31,000-7142301,01:45:57
000-7142301,2026-09-23,7,HAI2518D3,Freelancer 01,29,00:11:27,000-7142301,01:45:57
000-7152301,2026-09-23,7,MQU8E71E2,Felipe Rogerio Estevam Da Silva ,165,00:27:13,000-7152301,02:05:24
000-7152301,2026-09-23,7,MQU8E71D3,Leonardo Caetano Rodrigues,34,00:12:32,000-7152301,02:05:24
000-7152301,2026-09-23,7,MQU8E71E1,Freelancer 01,60,00:15:02,000-7152301,02:05:24
000-7152301,2026-09-23,7,MQU8E71D1,Pedro Lucas Procópio dos Santos,40,00:02:47,000-7152301,02:05:24
000-7152301,2026-09-23,7,MQU8E71D2,Marcos Vinicio Alves Pessoa,223,00:49:48,000-7152301,02:05:24
000-7152301,2026-09-23,7,MQU8E71E3,Leonardo Caetano Rodrigues,144,00:18:02,000-7152301,02:05:24
000-7382301,2026-09-23,7,KKJ5250D3,Leonardo Caetano Rodrigues,66,00:19:27,000-7382301,02:33:33
000-7382301,2026-09-23,7,KKJ5250E2,Marcos Vinicio Alves Pessoa,232,01:08:47,000-7382301,02:33:33
000-7382301,2026-09-23,7,KKJ5250D1,Natan Silva Medeiros Júnior,69,00:14:14,000-7382301,02:33:33
000-7382301,2026-09-23,7,KKJ5250E3,Pedro Lucas Procópio dos Santos,68,00:15:13,000-7382301,02:33:33
000-7382301,2026-09-23,7,KKJ5250D2,Felipe Rogerio Estevam Da Silva ,178,00:34:23,000-7382301,02:33:33
000-7382301,2026-09-23,7,KKJ5250E1,Pedro Lucas Procópio dos Santos,40,00:01:29,000-7382301,02:33:33
000-7322301,2026-09-23,13,QXO9C83E4,Marcos Vinicio Alves Pessoa,237,01:00:12,000-7322301,05:44:01
000-7322301,2026-09-23,13,QXO9C83D1,Felipe Rogerio Estevam Da Silva ,308,00:09:31,000-7322301,05:44:01
000-7322301,2026-09-23,13,QXO9C83E5,Freelancer 03,421,00:29:52,000-7322301,05:44:01
000-7322301,2026-09-23,13,QXO9C83E3,Natan Silva Medeiros Júnior,429,00:30:13,000-7322301,05:44:01
000-7322301,2026-09-23,13,QXO9C83D3,Adilson José Gonçalves,345,00:29:48,000-7322301,05:44:01
000-7322301,2026-09-23,13,QXO9C83D5,Freelancer 02,198,00:44:31,000-7322301,05:44:01
000-7322301,2026-09-23,13,QXO9C83E6,Gianmiller Moraes,173,01:04:14,000-7322301,05:44:01
000-7322301,2026-09-23,13,QXO9C83D2,Paulo Rozani Lopes Da Silva,84,00:26:43,000-7322301,05:44:01
000-7322301,2026-09-23,13,QXO9C83D6,Leonardo Caetano Rodrigues,70,00:23:16,000-7322301,05:44:01
000-7322301,2026-09-23,13,QXO9C83D4,Freelancer 01,50,00:10:44,000-7322301,05:44:01
000-7322301,2026-09-23,13,QXO9C83E1,Felipe Rogerio Estevam Da Silva ,84,00:07:48,000-7322301,05:44:01
000-7322301,2026-09-23,13,QXO9C83E2,Leonardo Caetano Rodrigues,84,00:07:09,000-7322301,05:44:01
000-7272301,2026-09-23,11,TCX9E62E4,Marcos Vinicio Alves Pessoa,221,01:26:37,000-7272301,04:22:28
000-7272301,2026-09-23,11,TCX9E62D5,Freelancer 01,35,00:13:25,000-7272301,04:22:28
000-7272301,2026-09-23,11,TCX9E62D3,Freelancer 02,78,00:24:16,000-7272301,04:22:28
000-7272301,2026-09-23,11,TCX9E62D1,Freelancer 01,242,00:12:56,000-7272301,04:22:28
000-7272301,2026-09-23,11,TCX9E62E1,Adilson José Gonçalves,242,00:19:18,000-7272301,04:22:28
000-7272301,2026-09-23,11,TCX9E62D4,Felipe Rogerio Estevam Da Silva ,380,00:36:23,000-7272301,04:22:28
000-7272301,2026-09-23,11,TCX9E62D2,Freelancer 02,84,00:03:29,000-7272301,04:22:28
000-7272301,2026-09-23,11,TCX9E62E2,Gianmiller Moraes,84,00:12:19,000-7272301,04:22:28
000-7272301,2026-09-23,11,TCX9E62E3,Natan Silva Medeiros Júnior,84,00:15:12,000-7272301,04:22:28
000-7272301,2026-09-23,11,TCX9E62E5,Leonardo Caetano Rodrigues,216,00:38:33,000-7272301,04:22:28
000-7412301,2026-09-23,7,OWQ4406E3,Natan Silva Medeiros Júnior,78,00:24:09,000-7412301,01:54:30
000-7412301,2026-09-23,7,OWQ4406E2,Freelancer 03,117,00:28:56,000-7412301,01:54:30
000-7412301,2026-09-23,7,OWQ4406D2,Freelancer 01,126,00:19:14,000-7412301,01:54:30
000-7412301,2026-09-23,7,OWQ4406D1,Felipe Rogerio Estevam Da Silva ,65,00:07:33,000-7412301,01:54:30
000-7412301,2026-09-23,7,OWQ4406E1,Adilson José Gonçalves,228,00:21:11,000-7412301,01:54:30
000-7412301,2026-09-23,7,OWQ4406D3,Paulo Rozani Lopes Da Silva,23,00:13:27,000-7412301,01:54:30
000-7242301,2026-09-23,10,TCB7I34E2,Felipe Rogerio Estevam Da Silva ,30,00:04:04,000-7242301,02:23:04
000-7242301,2026-09-23,10,TCB7I34D4,Freelancer 01,187,00:19:48,000-7242301,02:23:04
000-7242301,2026-09-23,10,TCB7I34E1,Leonardo Caetano Rodrigues,75,00:15:49,000-7242301,02:23:04
000-7242301,2026-09-23,10,TCB7I34E4,Adilson José Gonçalves,113,00:09:59,000-7242301,02:23:04
000-7242301,2026-09-23,10,TCB7I34D5,Freelancer 01,41,00:08:54,000-7242301,02:23:04
000-7242301,2026-09-23,10,TCB7I34D2,Felipe Rogerio Estevam Da Silva ,198,00:33:47,000-7242301,02:23:04
000-7242301,2026-09-23,10,TCB7I34D3,Freelancer 02,32,00:11:09,000-7242301,02:23:04
000-7242301,2026-09-23,10,TCB7I34E3,Paulo Rozani Lopes Da Silva,119,00:25:03,000-7242301,02:23:04
000-7242301,2026-09-23,10,TCB7I34E5,Natan Silva Medeiros Júnior,42,00:14:31,000-7242301,02:23:04
000-7192401,2026-09-24,9,KZX0905D2,Natan Silva Medeiros Júnior,215,00:28:45,000-7192401,02:27:11
000-7192401,2026-09-24,9,KZX0905D1,Marcos Vinicio Alves Pessoa,42,00:06:43,000-7192401,02:27:11
000-7192401,2026-09-24,9,KZX0905E4,Felipe Rogerio Estevam Da Silva ,100,00:14:05,000-7192401,02:27:11
000-7192401,2026-09-24,9,KZX0905E3,Felipe Rogerio Estevam Da Silva ,26,00:08:49,000-7192401,02:27:11
000-7192401,2026-09-24,9,KZX0905D4,Leonardo Caetano Rodrigues,20,00:09:34,000-7192401,02:27:11
000-7192401,2026-09-24,9,KZX0905E1,Leonardo Caetano Rodrigues,188,00:26:07,000-7192401,02:27:11
000-7192401,2026-09-24,9,KZX0905E2,Gianmiller Moraes,180,00:43:38,000-7192401,02:27:11
000-7192401,2026-09-24,9,KZX0905D3,Natan Silva Medeiros Júnior,37,00:09:30,000-7192401,02:27:11
000-7292401,2026-09-24,9,OWV5H27D4,Adilson José Gonçalves,185,00:24:26,000-7292401,03:26:54
000-7292401,2026-09-24,9,OWV5H27E3,Freelancer 02,340,00:51:42,000-7292401,03:26:54
000-7292401,2026-09-24,9,OWV5H27E6,Leonardo Caetano Rodrigues,128,00:15:14,000-7292401,03:26:54
000-7292401,2026-09-24,9,OWV5H27D6,Marcos Vinicio Alves Pessoa,91,00:23:54,000-7292401,03:26:54
000-7292401,2026-09-24,9,OWV5H27D5,Geraldo Teixeira Baia Junior,41,00:20:09,000-7292401,03:26:54
000-7292401,2026-09-24,9,OWV5H27E4,Felipe Rogerio Estevam Da Silva ,159,00:20:15,000-7292401,03:26:54
000-7292401,2026-09-24,9,OWV5H27E5,Denilton Batista Dos Santos,89,00:27:18,000-7292401,03:26:54
000-7292401,2026-09-24,9,OWV5H27D3,Paulo Rozani Lopes Da Silva,97,00:23:56,000-7292401,03:26:54
000-7302401,2026-09-24,9,OWV8A20D4,Gianmiller Moraes,198,00:28:30,000-7302401,01:25:36
000-7302401,2026-09-24,9,OWV8A20E3,Leonardo Caetano Rodrigues,203,00:09:19,000-7302401,01:25:36
000-7302401,2026-09-24,9,OWV8A20E5,Paulo Rozani Lopes Da Silva,52,00:24:14,000-7302401,01:25:36
000-7302401,2026-09-24,9,OWV8A20E6,Felipe Rogerio Estevam Da Silva ,70,00:07:13,000-7302401,01:25:36
000-7302401,2026-09-24,9,OWV8A20D6,Leonardo Caetano Rodrigues,20,00:03:54,000-7302401,01:25:36
000-7302401,2026-09-24,9,OWV8A20D5,Natan Silva Medeiros Júnior,10,00:04:15,000-7302401,01:25:36
000-7302401,2026-09-24,9,OWV8A20E4,Felipe Rogerio Estevam Da Silva ,50,00:03:22,000-7302401,01:25:36
000-7302401,2026-09-24,9,OWV8A20D3,Adilson José Gonçalves,55,00:04:49,000-7302401,01:25:36
000-7342401,2026-09-24,7,TYE8D59D1,Geraldo Teixeira Baia Junior,256,00:45:38,000-7342401,02:15:16
000-7342401,2026-09-24,7,TYE8D59E2,Marcos Vinicio Alves Pessoa,20,00:06:56,000-7342401,02:15:16
000-7342401,2026-09-24,7,TYE8D59E1,Adilson José Gonçalves,188,00:35:36,000-7342401,02:15:16
000-7342401,2026-09-24,7,TYE8D59D3,Denilton Batista Dos Santos,26,00:23:57,000-7342401,02:15:16
000-7342401,2026-09-24,7,TYE8D59E3,Freelancer 02,58,00:13:53,000-7342401,02:15:16
000-7342401,2026-09-24,7,TYE8D59D2,Felipe Rogerio Estevam Da Silva ,42,00:09:16,000-7342401,02:15:16
000-7372401,2026-09-24,7,KKJ5170D2,Freelancer 02,59,00:23:19,000-7372401,02:33:02
000-7372401,2026-09-24,7,KKJ5170D1,Gianmiller Moraes,39,00:08:26,000-7372401,02:33:02
000-7372401,2026-09-24,7,KKJ5170E3,Geraldo Teixeira Baia Junior,20,00:13:14,000-7372401,02:33:02
000-7372401,2026-09-24,7,KKJ5170E2,Felipe Rogerio Estevam Da Silva ,73,00:22:19,000-7372401,02:33:02
000-7372401,2026-09-24,7,KKJ5170E1,Denilton Batista Dos Santos,236,00:57:51,000-7372401,02:33:02
000-7372401,2026-09-24,7,KKJ5170D3,Natan Silva Medeiros Júnior,133,00:27:53,000-7372401,02:33:02
000-7162401,2026-09-24,7,MQL5679E2,Leonardo Caetano Rodrigues,117,00:25:03,000-7162401,02:19:30
000-7162401,2026-09-24,7,MQL5679E1,Freelancer 02,58,00:15:01,000-7162401,02:19:30
000-7162401,2026-09-24,7,MQL5679E3,Felipe Rogerio Estevam Da Silva ,98,00:29:00,000-7162401,02:19:30
000-7162401,2026-09-24,7,MQL5679D1,Gianmiller Moraes,40,00:04:42,000-7162401,02:19:30
000-7162401,2026-09-24,7,MQL5679D3,Paulo Rozani Lopes Da Silva,36,00:39:08,000-7162401,02:19:30
000-7162401,2026-09-24,7,MQL5679D2,Marcos Vinicio Alves Pessoa,31,00:26:36,000-7162401,02:19:30
000-7272401,2026-09-24,8,TCX9E62D4,Leonardo Caetano Rodrigues,206,00:37:23,000-7272401,03:40:51
000-7272401,2026-09-24,8,TCX9E62E5,Freelancer 02,19,00:19:52,000-7272401,03:40:51
000-7272401,2026-09-24,8,TCX9E62E3,Paulo Rozani Lopes Da Silva,222,00:47:30,000-7272401,03:40:51
000-7272401,2026-09-24,8,TCX9E62D3,Natan Silva Medeiros Júnior,153,00:43:35,000-7272401,03:40:51
000-7272401,2026-09-24,8,TCX9E62E2,Gianmiller Moraes,79,00:35:53,000-7272401,03:40:51
000-7272401,2026-09-24,8,TCX9E62D5,Felipe Rogerio Estevam Da Silva ,87,00:31:06,000-7272401,03:40:51
000-7272401,2026-09-24,8,TCX9E62E4,Geraldo Teixeira Baia Junior,22,00:05:32,000-7272401,03:40:51
000-7252401,2026-09-24,9,TCL0I17D4,Felipe Rogerio Estevam Da Silva ,84,00:10:39,000-7252401,01:48:02
000-7252401,2026-09-24,9,TCL0I17E1,Denilton Batista Dos Santos,74,00:12:44,000-7252401,01:48:02
000-7252401,2026-09-24,9,TCL0I17E4,Adilson José Gonçalves,89,00:08:23,000-7252401,01:48:02
000-7252401,2026-09-24,9,TCL0I17E2,Gianmiller Moraes,66,00:22:46,000-7252401,01:48:02
000-7252401,2026-09-24,9,TCL0I17D5,Geraldo Teixeira Baia Junior,65,00:17:57,000-7252401,01:48:02
000-7252401,2026-09-24,9,TCL0I17E3,Leonardo Caetano Rodrigues,41,00:06:36,000-7252401,01:48:02
000-7252401,2026-09-24,9,TCL0I17D2,Freelancer 02,137,00:23:21,000-7252401,01:48:02
000-7252401,2026-09-24,9,TCL0I17D3,Adilson José Gonçalves,20,00:05:36,000-7252401,01:48:02
000-7232401,2026-09-24,10,TCB7H85D5,Felipe Rogerio Estevam Da Silva ,30,00:10:16,000-7232401,04:21:21
000-7232401,2026-09-24,10,TCB7H85E4,Geraldo Teixeira Baia Junior,79,00:15:47,000-7232401,04:21:21
000-7232401,2026-09-24,10,TCB7H85E1,Adilson José Gonçalves,74,00:25:03,000-7232401,04:21:21
000-7232401,2026-09-24,10,TCB7H85E3,Marcos Vinicio Alves Pessoa,22,00:15:34,000-7232401,04:21:21
000-7232401,2026-09-24,10,TCB7H85D4,Natan Silva Medeiros Júnior,281,01:04:25,000-7232401,04:21:21
000-7232401,2026-09-24,10,TCB7H85E2,Adilson José Gonçalves,263,00:11:58,000-7232401,04:21:21
000-7232401,2026-09-24,10,TCB7H85E5,Leonardo Caetano Rodrigues,85,00:24:52,000-7232401,04:21:21
000-7232401,2026-09-24,10,TCB7H85D3,Gianmiller Moraes,243,00:56:09,000-7232401,04:21:21
000-7232401,2026-09-24,10,TCB7H85D2,Freelancer 02,206,00:37:17,000-7232401,04:21:21
000-7242401,2026-09-24,10,TCB7I34E3,Felipe Rogerio Estevam Da Silva ,209,00:20:09,000-7242401,03:26:49
000-7242401,2026-09-24,10,TCB7I34D5,Paulo Rozani Lopes Da Silva,75,00:24:23,000-7242401,03:26:49
000-7242401,2026-09-24,10,TCB7I34D3,Gianmiller Moraes,36,00:12:05,000-7242401,03:26:49
000-7242401,2026-09-24,10,TCB7I34E2,Marcos Vinicio Alves Pessoa,241,00:33:53,000-7242401,03:26:49
000-7242401,2026-09-24,10,TCB7I34E5,Leonardo Caetano Rodrigues,133,00:22:43,000-7242401,03:26:49
000-7242401,2026-09-24,10,TCB7I34E1,Geraldo Teixeira Baia Junior,76,00:19:08,000-7242401,03:26:49
000-7242401,2026-09-24,10,TCB7I34D2,Natan Silva Medeiros Júnior,199,00:56:01,000-7242401,03:26:49
000-7242401,2026-09-24,10,TCB7I34E4,Denilton Batista Dos Santos,18,00:08:48,000-7242401,03:26:49
000-7242401,2026-09-24,10,TCB7I34D4,Adilson José Gonçalves,25,00:09:39,000-7242401,03:26:49
000-7132401,2026-09-24,7,JXS4C69E1,Geraldo Teixeira Baia Junior,60,00:15:10,000-7132401,02:19:08
000-7132401,2026-09-24,7,JXS4C69D2,Marcos Vinicio Alves Pessoa,140,00:54:48,000-7132401,02:19:08
000-7132401,2026-09-24,7,JXS4C69D1,Gianmiller Moraes,40,00:01:45,000-7132401,02:19:08
000-7132401,2026-09-24,7,JXS4C69E2,Felipe Rogerio Estevam Da Silva ,41,00:19:00,000-7132401,02:19:08
000-7132401,2026-09-24,7,JXS4C69D3,Leonardo Caetano Rodrigues,211,00:33:28,000-7132401,02:19:08
000-7132401,2026-09-24,7,JXS4C69E3,Leonardo Caetano Rodrigues,105,00:14:57,000-7132401,02:19:08
000-7182401,2026-09-24,6,RFP8G80D2,Felipe Rogerio Estevam Da Silva ,47,00:10:28,000-7182401,03:02:29
000-7182401,2026-09-24,6,RFP8G80E1,Leonardo Caetano Rodrigues,91,00:32:12,000-7182401,03:02:29
000-7182401,2026-09-24,6,RFP8G80E2,Adilson José Gonçalves,251,00:52:33,000-7182401,03:02:29
000-7182401,2026-09-24,6,RFP8G80E3,Marcos Vinicio Alves Pessoa,226,01:08:06,000-7182401,03:02:29
000-7182401,2026-09-24,6,RFP8G80D3,Geraldo Teixeira Baia Junior,44,00:19:10,000-7182401,03:02:29
000-7142401,2026-09-24,7,HAI2518D1,Natan Silva Medeiros Júnior,40,00:10:20,000-7142401,03:10:15
000-7142401,2026-09-24,7,HAI2518E1,Paulo Rozani Lopes Da Silva,69,00:29:36,000-7142401,03:10:15
000-7142401,2026-09-24,7,HAI2518E3,Geraldo Teixeira Baia Junior,76,00:23:38,000-7142401,03:10:15
000-7142401,2026-09-24,7,HAI2518D2,Marcos Vinicio Alves Pessoa,156,00:58:35,000-7142401,03:10:15
000-7142401,2026-09-24,7,HAI2518D3,Geraldo Teixeira Baia Junior,233,00:32:41,000-7142401,03:10:15
000-7142401,2026-09-24,7,HAI2518E2,Denilton Batista Dos Santos,67,00:35:25,000-7142401,03:10:15
000-7382401,2026-09-24,7,KKJ5250D2,Gianmiller Moraes,57,00:26:23,000-7382401,02:53:41
000-7382401,2026-09-24,7,KKJ5250E2,Leonardo Caetano Rodrigues,52,00:20:52,000-7382401,02:53:41
000-7382401,2026-09-24,7,KKJ5250E1,Natan Silva Medeiros Júnior,206,00:41:31,000-7382401,02:53:41
000-7382401,2026-09-24,7,KKJ5250D1,Pedro Lucas Procópio dos Santos,40,00:11:40,000-7382401,02:53:41
000-7382401,2026-09-24,7,KKJ5250D3,Gianmiller Moraes,42,00:20:11,000-7382401,02:53:41
000-7382401,2026-09-24,7,KKJ5250E3,Marcos Vinicio Alves Pessoa,265,00:53:04,000-7382401,02:53:41
000-7122401,2026-09-24,7,DJB5C58E1,Felipe Rogerio Estevam Da Silva ,197,00:52:45,000-7122401,05:43:25
000-7122401,2026-09-24,7,DJB5C58D3,Leonardo Caetano Rodrigues,38,00:21:06,000-7122401,05:43:25
000-7122401,2026-09-24,7,DJB5C58D2,Paulo Rozani Lopes Da Silva,70,00:37:15,000-7122401,05:43:25
000-7122401,2026-09-24,7,DJB5C58E3,Geraldo Teixeira Baia Junior,110,00:28:14,000-7122401,05:43:25
000-7122401,2026-09-24,7,DJB5C58E2,Denilton Batista Dos Santos,304,03:17:59,000-7122401,05:43:25
000-7122401,2026-09-24,7,DJB5C58D1,Marcos Vinicio Alves Pessoa,40,00:06:06,000-7122401,05:43:25
000-7152401,2026-09-24,7,MQU8E71E1,Geraldo Teixeira Baia Junior,66,00:20:04,000-7152401,02:52:24
000-7152401,2026-09-24,7,MQU8E71D2,Felipe Rogerio Estevam Da Silva ,234,00:34:25,000-7152401,02:52:24
000-7152401,2026-09-24,7,MQU8E71E3,Leonardo Caetano Rodrigues,152,00:18:23,000-7152401,02:52:24
000-7152401,2026-09-24,7,MQU8E71D1,Gianmiller Moraes,55,00:11:13,000-7152401,02:52:24
000-7152401,2026-09-24,7,MQU8E71E2,Pedro Lucas Procópio dos Santos,207,01:08:39,000-7152401,02:52:24
000-7152401,2026-09-24,7,MQU8E71D3,Pedro Lucas Procópio dos Santos,41,00:19:40,000-7152401,02:52:24
000-7180301,2026-09-03,5,RFP8G80E3,Pedro Lucas Procópio dos Santos,238,00:49:36,000-7180301,03:27:42
000-7180301,2026-09-03,5,RFP8G80D3,Marcos Vinicio Alves Pessoa,117,00:29:36,000-7180301,03:27:42
000-7180301,2026-09-03,5,RFP8G80D2,Geraldo Teixeira Baia Junior,48,01:37:42,000-7180301,03:27:42
000-7180301,2026-09-03,5,RFP8G80E2,Natan Silva Medeiros Júnior,64,00:30:48,000-7180301,03:27:42
000-7380301,2026-09-03,7,KKJ5250D1,Marcos Vinicio Alves Pessoa,40,00:04:13,000-7380301,03:43:48
000-7380301,2026-09-03,7,KKJ5250E3,Marcos Vinicio Alves Pessoa,73,00:55:26,000-7380301,03:43:48
000-7380301,2026-09-03,7,KKJ5250E1,Pedro Lucas Procópio dos Santos,54,00:33:45,000-7380301,03:43:48
000-7380301,2026-09-03,7,KKJ5250D2,Geraldo Teixeira Baia Junior,169,01:14:07,000-7380301,03:43:48
000-7380301,2026-09-03,7,KKJ5250E2,Natan Silva Medeiros Júnior,127,00:33:56,000-7380301,03:43:48
000-7380301,2026-09-03,7,KKJ5250D3,Geraldo Teixeira Baia Junior,40,00:22:21,000-7380301,03:43:48
000-7120301,2026-09-03,7,DJB5C58E3,Geraldo Teixeira Baia Junior,262,01:12:00,000-7120301,03:32:14
000-7120301,2026-09-03,7,DJB5C58D3,Marcos Vinicio Alves Pessoa,235,01:00:42,000-7120301,03:32:14
000-7120301,2026-09-03,7,DJB5C58D1,Natan Silva Medeiros Júnior,28,00:11:00,000-7120301,03:32:14
000-7120301,2026-09-03,7,DJB5C58D2,Natan Silva Medeiros Júnior,39,00:00:38,000-7120301,03:32:14
000-7120301,2026-09-03,7,DJB5C58E2,Pedro Lucas Procópio dos Santos,74,00:34:13,000-7120301,03:32:14
000-7120301,2026-09-03,7,DJB5C58E1,Natan Silva Medeiros Júnior,178,00:33:41,000-7120301,03:32:14
000-7250301,2026-09-03,10,TCL0I17E1,Geraldo Teixeira Baia Junior,74,00:19:20,000-7250301,02:45:53
000-7250301,2026-09-03,10,TCL0I17E4,Marcos Vinicio Alves Pessoa,66,00:24:26,000-7250301,02:45:53
000-7250301,2026-09-03,10,TCL0I17E2,Natan Silva Medeiros Júnior,85,00:30:50,000-7250301,02:45:53
000-7250301,2026-09-03,10,TCL0I17D2,Marcos Vinicio Alves Pessoa,153,00:36:07,000-7250301,02:45:53
000-7250301,2026-09-03,10,TCL0I17D5,Natan Silva Medeiros Júnior,20,00:08:13,000-7250301,02:45:53
000-7250301,2026-09-03,10,TCL0I17D4,Pedro Lucas Procópio dos Santos,31,00:16:01,000-7250301,02:45:53
000-7250301,2026-09-03,10,TCL0I17E5,Marcos Vinicio Alves Pessoa,16,00:09:51,000-7250301,02:45:53
000-7250301,2026-09-03,10,TCL0I17D3,Geraldo Teixeira Baia Junior,18,00:07:13,000-7250301,02:45:53
000-7250301,2026-09-03,10,TCL0I17E3,Natan Silva Medeiros Júnior,64,00:13:52,000-7250301,02:45:53
000-7240301,2026-09-03,10,TCB7I34D4,Natan Silva Medeiros Júnior,131,00:24:22,000-7240301,02:56:52
000-7240301,2026-09-03,10,TCB7I34D2,Pedro Lucas Procópio dos Santos,173,00:28:11,000-7240301,02:56:52
000-7240301,2026-09-03,10,TCB7I34E1,Pedro Lucas Procópio dos Santos,67,00:23:56,000-7240301,02:56:52
000-7240301,2026-09-03,10,TCB7I34E4,Marcos Vinicio Alves Pessoa,58,00:23:36,000-7240301,02:56:52
000-7240301,2026-09-03,10,TCB7I34D3,Geraldo Teixeira Baia Junior,22,00:06:55,000-7240301,02:56:52
000-7240301,2026-09-03,10,TCB7I34D5,Geraldo Teixeira Baia Junior,105,00:31:45,000-7240301,02:56:52
000-7240301,2026-09-03,10,TCB7I34E5,Marcos Vinicio Alves Pessoa,73,00:20:38,000-7240301,02:56:52
000-7240301,2026-09-03,10,TCB7I34E3,Natan Silva Medeiros Júnior,22,00:09:55,000-7240301,02:56:52
000-7240301,2026-09-03,10,TCB7I34E2,Natan Silva Medeiros Júnior,33,00:07:34,000-7240301,02:56:52
000-7142501,2026-09-25,6,HAI2518D1,Geraldo Teixeira Baia Junior,40,00:05:01,000-7142501,01:52:11
000-7142501,2026-09-25,6,HAI2518D3,Denilton Batista Dos Santos,35,00:12:50,000-7142501,01:52:11
000-7142501,2026-09-25,6,HAI2518E3,Adilson José Gonçalves,41,00:14:05,000-7142501,01:52:11
000-7142501,2026-09-25,6,HAI2518E2,Leonardo Caetano Rodrigues,178,00:33:57,000-7142501,01:52:11
000-7142501,2026-09-25,6,HAI2518E1,Freelancer 01,49,00:18:33,000-7142501,01:52:11
000-7142501,2026-09-25,6,HAI2518D2,Gianmiller Moraes,94,00:27:45,000-7142501,01:52:11
000-7152501,2026-09-25,7,MQU8E71E3,Paulo Rozani Lopes Da Silva,136,01:02:02,000-7152501,02:36:46
000-7152501,2026-09-25,7,MQU8E71E1,Marcos Vinicio Alves Pessoa,57,00:18:20,000-7152501,02:36:46
000-7152501,2026-09-25,7,MQU8E71E2,Adilson José Gonçalves,54,00:09:15,000-7152501,02:36:46
000-7152501,2026-09-25,7,MQU8E71D2,Freelancer 01,132,00:41:21,000-7152501,02:36:46
000-7152501,2026-09-25,7,MQU8E71D3,Freelancer 02,37,00:23:14,000-7152501,02:36:46
000-7152501,2026-09-25,7,MQU8E71D1,Natan Silva Medeiros Júnior,40,00:02:34,000-7152501,02:36:46
000-7182501,2026-09-25,6,RFP8G80E1,Leonardo Caetano Rodrigues,39,00:12:09,000-7182501,01:39:15
000-7182501,2026-09-25,6,RFP8G80E2,Gianmiller Moraes,114,00:41:20,000-7182501,01:39:15
000-7182501,2026-09-25,6,RFP8G80D3,Adilson José Gonçalves,47,00:09:49,000-7182501,01:39:15
000-7182501,2026-09-25,6,RFP8G80E3,Freelancer 03,123,00:31:04,000-7182501,01:39:15
000-7182501,2026-09-25,6,RFP8G80D2,Natan Silva Medeiros Júnior,46,00:04:53,000-7182501,01:39:15
000-7122501,2026-09-25,7,DJB5C58D3,Freelancer 02,157,00:46:35,000-7122501,01:43:52
000-7122501,2026-09-25,7,DJB5C58E1,Freelancer 01,72,00:17:05,000-7122501,01:43:52
000-7122501,2026-09-25,7,DJB5C58D2,Leonardo Caetano Rodrigues,44,00:10:38,000-7122501,01:43:52
000-7122501,2026-09-25,7,DJB5C58E3,Gianmiller Moraes,31,00:11:46,000-7122501,01:43:52
000-7122501,2026-09-25,7,DJB5C58D1,Geraldo Teixeira Baia Junior,40,00:03:37,000-7122501,01:43:52
000-7122501,2026-09-25,7,DJB5C58E2,Adilson José Gonçalves,78,00:14:11,000-7122501,01:43:52
000-7252501,2026-09-25,10,TCL0I17E2,Freelancer 01,174,00:19:43,000-7252501,01:36:30
000-7252501,2026-09-25,10,TCL0I17D2,Natan Silva Medeiros Júnior,38,00:02:33,000-7252501,01:36:30
000-7252501,2026-09-25,10,TCL0I17E5,Adilson José Gonçalves,57,00:08:50,000-7252501,01:36:30
000-7252501,2026-09-25,10,TCL0I17E4,Freelancer 03,77,00:14:49,000-7252501,01:36:30
000-7252501,2026-09-25,10,TCL0I17E3,Geraldo Teixeira Baia Junior,74,00:16:51,000-7252501,01:36:30
000-7252501,2026-09-25,10,TCL0I17D3,Leonardo Caetano Rodrigues,26,00:10:45,000-7252501,01:36:30
000-7252501,2026-09-25,10,TCL0I17D5,Adilson José Gonçalves,17,00:07:54,000-7252501,01:36:30
000-7252501,2026-09-25,10,TCL0I17D4,Gianmiller Moraes,27,00:08:42,000-7252501,01:36:30
000-7252501,2026-09-25,10,TCL0I17E1,Leonardo Caetano Rodrigues,56,00:06:23,000-7252501,01:36:30
000-7192501,2026-09-25,8,KZX0905D2,Natan Silva Medeiros Júnior,73,00:19:19,000-7192501,02:36:33
000-7192501,2026-09-25,8,KZX0905E4,Geraldo Teixeira Baia Junior,92,00:28:33,000-7192501,02:36:33
000-7192501,2026-09-25,8,KZX0905D3,Adilson José Gonçalves,86,00:18:46,000-7192501,02:36:33
000-7192501,2026-09-25,8,KZX0905E2,Denilton Batista Dos Santos,117,00:53:42,000-7192501,02:36:33
000-7192501,2026-09-25,8,KZX0905E1,Leonardo Caetano Rodrigues,50,00:09:37,000-7192501,02:36:33
000-7192501,2026-09-25,8,KZX0905E3,Freelancer 02,34,00:10:50,000-7192501,02:36:33
000-7192501,2026-09-25,8,KZX0905D4,Marcos Vinicio Alves Pessoa,50,00:15:46,000-7192501,02:36:33
000-7282501,2026-09-25,4,OWV5H15B5,Leonardo Caetano Rodrigues,60,00:21:03,000-7282501,01:42:11
000-7282501,2026-09-25,4,OWV5H15B4,Natan Silva Medeiros Júnior,360,00:49:44,000-7282501,01:42:11
000-7282501,2026-09-25,4,OWV5H15B6,Leonardo Caetano Rodrigues,13,00:07:45,000-7282501,01:42:11
000-7282501,2026-09-25,4,OWV5H15B3,Leonardo Caetano Rodrigues,155,00:23:39,000-7282501,01:42:11
000-7242501,2026-09-25,10,TCB7I34D3,Denilton Batista Dos Santos,36,00:17:31,000-7242501,02:15:01
000-7242501,2026-09-25,10,TCB7I34D4,Freelancer 02,127,00:21:34,000-7242501,02:15:01
000-7242501,2026-09-25,10,TCB7I34E5,Leonardo Caetano Rodrigues,75,00:08:33,000-7242501,02:15:01
000-7242501,2026-09-25,10,TCB7I34D2,Geraldo Teixeira Baia Junior,21,00:06:51,000-7242501,02:15:01
000-7242501,2026-09-25,10,TCB7I34E3,Natan Silva Medeiros Júnior,39,00:11:37,000-7242501,02:15:01
000-7242501,2026-09-25,10,TCB7I34D5,Paulo Rozani Lopes Da Silva,78,00:31:02,000-7242501,02:15:01
000-7242501,2026-09-25,10,TCB7I34E4,Gianmiller Moraes,19,00:11:08,000-7242501,02:15:01
000-7242501,2026-09-25,10,TCB7I34E1,Adilson José Gonçalves,41,00:07:52,000-7242501,02:15:01
000-7242501,2026-09-25,10,TCB7I34E2,Marcos Vinicio Alves Pessoa,112,00:18:53,000-7242501,02:15:01
000-7382501,2026-09-25,7,KKJ5250E2,Leonardo Caetano Rodrigues,123,00:27:23,000-7382501,01:07:22
000-7382501,2026-09-25,7,KKJ5250D1,Adilson José Gonçalves,40,00:06:02,000-7382501,01:07:22
000-7382501,2026-09-25,7,KKJ5250E1,Natan Silva Medeiros Júnior,23,00:07:21,000-7382501,01:07:22
000-7382501,2026-09-25,7,KKJ5250D3,Freelancer 01,41,00:08:08,000-7382501,01:07:22
000-7382501,2026-09-25,7,KKJ5250E3,Freelancer 02,23,00:07:50,000-7382501,01:07:22
000-7382501,2026-09-25,7,KKJ5250D2,Marcos Vinicio Alves Pessoa,26,00:10:38,000-7382501,01:07:22
000-7132501,2026-09-25,7,JXS4C69E1,Denilton Batista Dos Santos,57,00:24:42,000-7132501,01:58:26
000-7132501,2026-09-25,7,JXS4C69E2,Geraldo Teixeira Baia Junior,90,00:21:24,000-7132501,01:58:26
000-7132501,2026-09-25,7,JXS4C69D1,Leonardo Caetano Rodrigues,40,00:02:18,000-7132501,01:58:26
000-7132501,2026-09-25,7,JXS4C69E3,Freelancer 03,148,00:32:46,000-7132501,01:58:26
000-7132501,2026-09-25,7,JXS4C69D3,Adilson José Gonçalves,35,00:06:44,000-7132501,01:58:26
000-7132501,2026-09-25,7,JXS4C69D2,Paulo Rozani Lopes Da Silva,157,00:30:32,000-7132501,01:58:26
000-7412502,2026-09-25,7,OWQ4406E2,Leonardo Caetano Rodrigues,23,00:00:35,000-7412502,01:18:48
000-7412502,2026-09-25,7,OWQ4406D1,Leonardo Caetano Rodrigues,59,00:01:23,000-7412502,01:18:48
000-7412502,2026-09-25,7,OWQ4406D2,Paulo Rozani Lopes Da Silva,231,00:45:12,000-7412502,01:18:48
000-7412502,2026-09-25,7,OWQ4406E3,Leonardo Caetano Rodrigues,18,00:00:14,000-7412502,01:18:48
000-7412502,2026-09-25,7,OWQ4406D3,Leonardo Caetano Rodrigues,12,00:00:21,000-7412502,01:18:48
000-7412502,2026-09-25,7,OWQ4406E1,Natan Silva Medeiros Júnior,164,00:31:03,000-7412502,01:18:48
000-7412501,2026-09-25,7,OWQ4406E1,Freelancer 01,17,00:03:06,000-7412501,01:37:49
000-7412501,2026-09-25,7,OWQ4406D3,Natan Silva Medeiros Júnior,187,00:37:31,000-7412501,01:37:49
000-7412501,2026-09-25,7,OWQ4406D2,Marcos Vinicio Alves Pessoa,173,00:41:54,000-7412501,01:37:49
000-7412501,2026-09-25,7,OWQ4406D1,Freelancer 02,59,00:03:20,000-7412501,01:37:49
000-7412501,2026-09-25,7,OWQ4406E2,Freelancer 03,27,00:04:22,000-7412501,01:37:49
000-7412501,2026-09-25,7,OWQ4406E3,Denilton Batista Dos Santos,21,00:07:36,000-7412501,01:37:49
000-7212501,2026-09-25,9,JJB9B08E2,Leonardo Caetano Rodrigues,347,00:39:09,000-7212501,03:53:39
000-7212501,2026-09-25,9,JJB9B08D3,Paulo Rozani Lopes Da Silva,243,01:04:07,000-7212501,03:53:39
000-7212501,2026-09-25,9,JJB9B08E3,Paulo Rozani Lopes Da Silva,139,00:49:05,000-7212501,03:53:39
000-7212501,2026-09-25,9,JJB9B08D2,Natan Silva Medeiros Júnior,107,00:14:27,000-7212501,03:53:39
000-7212501,2026-09-25,9,JJB9B08D4,Freelancer 01,211,00:29:49,000-7212501,03:53:39
000-7212501,2026-09-25,9,JJB9B08E5,Leonardo Caetano Rodrigues,39,00:17:45,000-7212501,03:53:39
000-7212501,2026-09-25,9,JJB9B08E4,Leonardo Caetano Rodrigues,68,00:09:32,000-7212501,03:53:39
000-7212501,2026-09-25,9,JJB9B08D5,Freelancer 01,61,00:09:45,000-7212501,03:53:39
000-7370401,2026-09-04,7,KKJ5170D2,Natan Silva Medeiros Júnior,105,00:37:13,000-7370401,03:09:18
000-7370401,2026-09-04,7,KKJ5170E2,Pedro Lucas Procópio dos Santos,64,00:36:52,000-7370401,03:09:18
000-7370401,2026-09-04,7,KKJ5170E3,Gianmiller Moraes,36,00:29:45,000-7370401,03:09:18
000-7370401,2026-09-04,7,KKJ5170D1,Gianmiller Moraes,40,00:11:23,000-7370401,03:09:18
000-7370401,2026-09-04,7,KKJ5170E1,Marcos Vinicio Alves Pessoa,60,00:19:28,000-7370401,03:09:18
000-7370401,2026-09-04,7,KKJ5170D3,Geraldo Teixeira Baia Junior,216,00:54:37,000-7370401,03:09:18
000-7130401,2026-09-04,7,JXS4C69D3,Pedro Lucas Procópio dos Santos,119,02:03:08,000-7130401,03:56:03
000-7130401,2026-09-04,7,JXS4C69E1,Marcos Vinicio Alves Pessoa,197,00:43:34,000-7130401,03:56:03
000-7130401,2026-09-04,7,JXS4C69E3,Geraldo Teixeira Baia Junior,125,00:22:36,000-7130401,03:56:03
000-7130401,2026-09-04,7,JXS4C69E2,Gianmiller Moraes,40,00:24:07,000-7130401,03:56:03
000-7130401,2026-09-04,7,JXS4C69D2,Natan Silva Medeiros Júnior,47,00:15:25,000-7130401,03:56:03
000-7130401,2026-09-04,7,JXS4C69D1,Geraldo Teixeira Baia Junior,40,00:07:13,000-7130401,03:56:03
000-7380401,2026-09-04,7,KKJ5250E3,Marcos Vinicio Alves Pessoa,80,00:23:45,000-7380401,01:37:06
000-7380401,2026-09-04,7,KKJ5250D1,Marcos Vinicio Alves Pessoa,40,00:10:12,000-7380401,01:37:06
000-7380401,2026-09-04,7,KKJ5250D2,Pedro Lucas Procópio dos Santos,40,00:15:02,000-7380401,01:37:06
000-7380401,2026-09-04,7,KKJ5250E1,Gianmiller Moraes,39,00:09:05,000-7380401,01:37:06
000-7380401,2026-09-04,7,KKJ5250E2,Natan Silva Medeiros Júnior,62,00:21:26,000-7380401,01:37:06
000-7380401,2026-09-04,7,KKJ5250D3,Geraldo Teixeira Baia Junior,40,00:17:36,000-7380401,01:37:06
000-7250401,2026-09-04,10,TCL0I17E5,Pedro Lucas Procópio dos Santos,69,00:16:53,000-7250401,03:08:08
000-7250401,2026-09-04,10,TCL0I17D2,Marcos Vinicio Alves Pessoa,36,00:11:40,000-7250401,03:08:08
000-7250401,2026-09-04,10,TCL0I17D5,Gianmiller Moraes,15,00:16:44,000-7250401,03:08:08
000-7250401,2026-09-04,10,TCL0I17E2,Natan Silva Medeiros Júnior,78,00:15:39,000-7250401,03:08:08
000-7250401,2026-09-04,10,TCL0I17E1,Pedro Lucas Procópio dos Santos,90,00:24:19,000-7250401,03:08:08
000-7250401,2026-09-04,10,TCL0I17E4,Marcos Vinicio Alves Pessoa,79,00:31:00,000-7250401,03:08:08
000-7250401,2026-09-04,10,TCL0I17E3,Gianmiller Moraes,78,00:31:13,000-7250401,03:08:08
000-7250401,2026-09-04,10,TCL0I17D4,Natan Silva Medeiros Júnior,51,00:22:10,000-7250401,03:08:08
000-7250401,2026-09-04,10,TCL0I17D3,Natan Silva Medeiros Júnior,86,00:18:30,000-7250401,03:08:08
000-7240401,2026-09-04,11,TCB7I34E2,Gianmiller Moraes,115,00:24:33,000-7240401,02:54:01
000-7240401,2026-09-04,11,TCB7I34E3,Pedro Lucas Procópio dos Santos,16,00:06:15,000-7240401,02:54:01
000-7240401,2026-09-04,11,TCB7I34D1,Pedro Lucas Procópio dos Santos,64,00:21:14,000-7240401,02:54:01
000-7240401,2026-09-04,11,TCB7I34D5,Natan Silva Medeiros Júnior,43,00:15:43,000-7240401,02:54:01
000-7240401,2026-09-04,11,TCB7I34D4,Pedro Lucas Procópio dos Santos,46,00:07:00,000-7240401,02:54:01
000-7240401,2026-09-04,11,TCB7I34D3,Marcos Vinicio Alves Pessoa,15,00:06:07,000-7240401,02:54:01
000-7240401,2026-09-04,11,TCB7I34D2,Marcos Vinicio Alves Pessoa,25,00:08:45,000-7240401,02:54:01
000-7240401,2026-09-04,11,TCB7I34E1,Natan Silva Medeiros Júnior,186,00:38:32,000-7240401,02:54:01
000-7240401,2026-09-04,11,TCB7I34E5,Gianmiller Moraes,53,00:26:47,000-7240401,02:54:01
000-7240401,2026-09-04,11,TCB7I34E4,Marcos Vinicio Alves Pessoa,58,00:19:05,000-7240401,02:54:01
000-7190401,2026-09-04,8,KZX0905E4,Geraldo Teixeira Baia Junior,64,00:12:10,000-7190401,01:58:03
000-7190401,2026-09-04,8,KZX0905E3,Geraldo Teixeira Baia Junior,53,00:12:26,000-7190401,01:58:03
000-7190401,2026-09-04,8,KZX0905D2,Natan Silva Medeiros Júnior,47,00:20:02,000-7190401,01:58:03
000-7190401,2026-09-04,8,KZX0905E2,Geraldo Teixeira Baia Junior,133,00:24:20,000-7190401,01:58:03
000-7190401,2026-09-04,8,KZX0905E1,Gianmiller Moraes,47,00:07:32,000-7190401,01:58:03
000-7190401,2026-09-04,8,KZX0905D3,Gianmiller Moraes,38,00:17:52,000-7190401,01:58:03
000-7190401,2026-09-04,8,KZX0905D4,Marcos Vinicio Alves Pessoa,45,00:23:41,000-7190401,01:58:03
000-7410501,2026-09-07,7,OWQ4406D2,Natan Silva Medeiros Júnior,99,00:19:54,000-7410501,02:18:24
000-7410501,2026-09-07,7,OWQ4406D3,Natan Silva Medeiros Júnior,37,00:16:32,000-7410501,02:18:24
000-7410501,2026-09-07,7,OWQ4406E2,Pedro Lucas Procópio dos Santos,120,00:32:09,000-7410501,02:18:24
000-7410501,2026-09-07,7,OWQ4406D1,Gianmiller Moraes,56,00:21:00,000-7410501,02:18:24
000-7410501,2026-09-07,7,OWQ4406E1,Pedro Lucas Procópio dos Santos,36,00:15:20,000-7410501,02:18:24
000-7410501,2026-09-07,7,OWQ4406E3,Marcos Vinicio Alves Pessoa,115,00:33:29,000-7410501,02:18:24
000-7150501,2026-09-07,7,MQU8E71E3,Gianmiller Moraes,101,00:47:09,000-7150501,02:50:06
000-7150501,2026-09-07,7,MQU8E71D1,Pedro Lucas Procópio dos Santos,40,00:31:12,000-7150501,02:50:06
000-7150501,2026-09-07,7,MQU8E71D2,Marcos Vinicio Alves Pessoa,85,00:37:07,000-7150501,02:50:06
000-7150501,2026-09-07,7,MQU8E71E2,Natan Silva Medeiros Júnior,40,00:26:41,000-7150501,02:50:06
000-7150501,2026-09-07,7,MQU8E71E1,Pedro Lucas Procópio dos Santos,53,00:21:21,000-7150501,02:50:06
000-7150501,2026-09-07,7,MQU8E71D3,Natan Silva Medeiros Júnior,40,00:06:36,000-7150501,02:50:06
000-7140801,2026-09-08,7,HAI2518E1,Marcos Vinicio Alves Pessoa,57,00:21:39,000-7140801,02:51:26
000-7140801,2026-09-08,7,HAI2518D3,Felipe Rogerio Estevam Da Silva ,74,00:16:52,000-7140801,02:51:26
000-7140801,2026-09-08,7,HAI2518D2,Natan Silva Medeiros Júnior,123,00:31:34,000-7140801,02:51:26
000-7140801,2026-09-08,7,HAI2518E2,Leonardo Caetano Rodrigues,248,00:53:39,000-7140801,02:51:26
000-7140801,2026-09-08,7,HAI2518D1,Denilton Batista Dos Santos,40,00:13:27,000-7140801,02:51:26
000-7140801,2026-09-08,7,HAI2518E3,Denilton Batista Dos Santos,39,00:34:15,000-7140801,02:51:26
000-7130801,2026-09-08,7,JXS4C69D1,Leonardo Caetano Rodrigues,295,00:53:30,000-7130801,04:41:23
000-7130801,2026-09-08,7,JXS4C69D2,Leonardo Caetano Rodrigues,234,00:39:35,000-7130801,04:41:23
000-7130801,2026-09-08,7,JXS4C69E2,Pedro Lucas Procópio dos Santos,51,00:15:31,000-7130801,04:41:23
000-7130801,2026-09-08,7,JXS4C69E3,Denilton Batista Dos Santos,202,01:19:57,000-7130801,04:41:23
000-7130801,2026-09-08,7,JXS4C69D3,Marcos Vinicio Alves Pessoa,384,01:12:06,000-7130801,04:41:23
000-7130801,2026-09-08,7,JXS4C69E1,Leonardo Caetano Rodrigues,72,00:20:44,000-7130801,04:41:23
000-7410801,2026-09-08,6,OWQ4406D1,Gianmiller Moraes,60,00:07:58,000-7410801,01:40:15
000-7410801,2026-09-08,6,OWQ4406E1,Leonardo Caetano Rodrigues,229,00:31:39,000-7410801,01:40:15
000-7410801,2026-09-08,6,OWQ4406D2,Natan Silva Medeiros Júnior,58,00:09:37,000-7410801,01:40:15
000-7410801,2026-09-08,6,OWQ4406D3,Denilton Batista Dos Santos,50,00:13:53,000-7410801,01:40:15
000-7410801,2026-09-08,6,OWQ4406E2,Denilton Batista Dos Santos,41,00:12:17,000-7410801,01:40:15
000-7410801,2026-09-08,6,OWQ4406E3,Gianmiller Moraes,41,00:24:51,000-7410801,01:40:15
000-7370801,2026-09-08,7,KKJ5170E2,Pedro Lucas Procópio dos Santos,43,00:07:18,000-7370801,03:34:37
000-7370801,2026-09-08,7,KKJ5170E3,Marcos Vinicio Alves Pessoa,232,01:31:03,000-7370801,03:34:37
000-7370801,2026-09-08,7,KKJ5170D1,Gianmiller Moraes,236,00:49:05,000-7370801,03:34:37
000-7370801,2026-09-08,7,KKJ5170D3,Leonardo Caetano Rodrigues,237,00:28:13,000-7370801,03:34:37
000-7370801,2026-09-08,7,KKJ5170D2,Felipe Rogerio Estevam Da Silva ,83,00:21:45,000-7370801,03:34:37
000-7370801,2026-09-08,7,KKJ5170E1,Leonardo Caetano Rodrigues,65,00:17:13,000-7370801,03:34:37
000-7240801,2026-09-08,10,TCB7I34D2,Natan Silva Medeiros Júnior,216,00:27:10,000-7240801,03:14:32
000-7240801,2026-09-08,10,TCB7I34D4,Marcos Vinicio Alves Pessoa,78,00:13:52,000-7240801,03:14:32
000-7240801,2026-09-08,10,TCB7I34D5,Denilton Batista Dos Santos,50,00:18:52,000-7240801,03:14:32
000-7240801,2026-09-08,10,TCB7I34E1,Pedro Lucas Procópio dos Santos,59,00:35:37,000-7240801,03:14:32
000-7240801,2026-09-08,10,TCB7I34E2,Leonardo Caetano Rodrigues,99,00:18:45,000-7240801,03:14:32
000-7240801,2026-09-08,10,TCB7I34E3,Felipe Rogerio Estevam Da Silva ,118,00:20:00,000-7240801,03:14:32
000-7240801,2026-09-08,10,TCB7I34E5,Felipe Rogerio Estevam Da Silva ,31,00:10:07,000-7240801,03:14:32
000-7240801,2026-09-08,10,TCB7I34E4,Gianmiller Moraes,95,00:38:59,000-7240801,03:14:32
000-7240801,2026-09-08,10,TCB7I34D3,Marcos Vinicio Alves Pessoa,29,00:11:10,000-7240801,03:14:32
000-7120801,2026-09-08,7,DJB5C58D1,Denilton Batista Dos Santos,254,00:50:43,000-7120801,04:53:29
000-7120801,2026-09-08,7,DJB5C58D2,Felipe Rogerio Estevam Da Silva ,331,01:19:28,000-7120801,04:53:29
000-7120801,2026-09-08,7,DJB5C58E2,Pedro Lucas Procópio dos Santos,57,00:29:21,000-7120801,04:53:29
000-7120801,2026-09-08,7,DJB5C58E1,Gianmiller Moraes,221,01:07:26,000-7120801,04:53:29
000-7120801,2026-09-08,7,DJB5C58E3,Natan Silva Medeiros Júnior,195,00:46:17,000-7120801,04:53:29
000-7120801,2026-09-08,7,DJB5C58D3,Leonardo Caetano Rodrigues,78,00:20:14,000-7120801,04:53:29
000-7190801,2026-09-08,8,KZX0905D3,Felipe Rogerio Estevam Da Silva ,327,00:37:21,000-7190801,03:01:25
000-7190801,2026-09-08,8,KZX0905D2,Gianmiller Moraes,261,01:01:08,000-7190801,03:01:25
000-7190801,2026-09-08,8,KZX0905E4,Marcos Vinicio Alves Pessoa,85,00:17:18,000-7190801,03:01:25
000-7190801,2026-09-08,8,KZX0905E2,Pedro Lucas Procópio dos Santos,332,00:27:20,000-7190801,03:01:25
000-7190801,2026-09-08,8,KZX0905D4,Marcos Vinicio Alves Pessoa,45,00:14:29,000-7190801,03:01:25
000-7190801,2026-09-08,8,KZX0905E3,Pedro Lucas Procópio dos Santos,30,00:08:29,000-7190801,03:01:25
000-7190801,2026-09-08,8,KZX0905E1,Natan Silva Medeiros Júnior,71,00:15:20,000-7190801,03:01:25
000-7380801,2026-09-08,7,KKJ5250E3,Natan Silva Medeiros Júnior,119,02:01:25,000-7380801,04:47:46
000-7380801,2026-09-08,7,KKJ5250E1,Leonardo Caetano Rodrigues,277,00:23:23,000-7380801,04:47:46
000-7380801,2026-09-08,7,KKJ5250D3,Pedro Lucas Procópio dos Santos,58,00:32:01,000-7380801,04:47:46
000-7380801,2026-09-08,7,KKJ5250D1,Denilton Batista Dos Santos,238,00:48:26,000-7380801,04:47:46
000-7380801,2026-09-08,7,KKJ5250E2,Felipe Rogerio Estevam Da Silva ,328,00:33:26,000-7380801,04:47:46
000-7380801,2026-09-08,7,KKJ5250D2,Marcos Vinicio Alves Pessoa,47,00:29:05,000-7380801,04:47:46
000-7150801,2026-09-08,7,MQU8E71D3,Marcos Vinicio Alves Pessoa,281,00:56:51,000-7150801,03:12:18
000-7150801,2026-09-08,7,MQU8E71E2,Pedro Lucas Procópio dos Santos,78,00:13:42,000-7150801,03:12:18
000-7150801,2026-09-08,7,MQU8E71E3,Felipe Rogerio Estevam Da Silva ,281,01:09:29,000-7150801,03:12:18
000-7150801,2026-09-08,7,MQU8E71D2,Pedro Lucas Procópio dos Santos,44,00:11:20,000-7150801,03:12:18
000-7150801,2026-09-08,7,MQU8E71D1,Pedro Lucas Procópio dos Santos,39,00:10:37,000-7150801,03:12:18
000-7150801,2026-09-08,7,MQU8E71E1,Gianmiller Moraes,203,00:30:19,000-7150801,03:12:18
000-7142801,2026-09-28,7,HAI2518E3,Pedro Lucas Procópio dos Santos,42,00:25:52,000-7142801,03:41:39
000-7142801,2026-09-28,7,HAI2518E1,Freelancer 04,175,01:04:25,000-7142801,03:41:39
000-7142801,2026-09-28,7,HAI2518E2,Freelancer 01,88,00:23:20,000-7142801,03:41:39
000-7142801,2026-09-28,7,HAI2518D1,Pedro Lucas Procópio dos Santos,40,00:05:44,000-7142801,03:41:39
000-7142801,2026-09-28,7,HAI2518D3,Felipe Rogerio Estevam Da Silva ,177,01:12:24,000-7142801,03:41:39
000-7142801,2026-09-28,7,HAI2518D2,Adilson José Gonçalves,252,00:29:54,000-7142801,03:41:39
000-7152801,2026-09-28,7,MQU8E71E1,Leonardo Caetano Rodrigues,258,00:53:43,000-7152801,03:28:08
000-7152801,2026-09-28,7,MQU8E71D2,Pedro Lucas Procópio dos Santos,387,01:21:40,000-7152801,03:28:08
000-7152801,2026-09-28,7,MQU8E71D1,Freelancer 01,207,00:25:14,000-7152801,03:28:08
000-7152801,2026-09-28,7,MQU8E71D3,Freelancer 03,111,00:35:23,000-7152801,03:28:08
000-7152801,2026-09-28,7,MQU8E71E3,Denilton Batista Dos Santos,40,00:07:02,000-7152801,03:28:08
000-7152801,2026-09-28,7,MQU8E71E2,Freelancer 01,25,00:05:06,000-7152801,03:28:08
000-7162801,2026-09-28,7,MQL5679D2,Freelancer 04,205,00:18:17,000-7162801,02:33:07
000-7162801,2026-09-28,7,MQL5679E3,Natan Silva Medeiros Júnior,110,00:35:50,000-7162801,02:33:07
000-7162801,2026-09-28,7,MQL5679D3,Felipe Rogerio Estevam Da Silva ,244,00:34:39,000-7162801,02:33:07
000-7162801,2026-09-28,7,MQL5679E1,Geraldo Teixeira Baia Junior,57,00:28:54,000-7162801,02:33:07
000-7162801,2026-09-28,7,MQL5679D1,Leonardo Caetano Rodrigues,238,00:28:05,000-7162801,02:33:07
000-7162801,2026-09-28,7,MQL5679E2,Adilson José Gonçalves,43,00:07:22,000-7162801,02:33:07
000-7342801,2026-09-28,7,TYE8D59D3,Denilton Batista Dos Santos,47,00:24:48,000-7342801,02:52:58
000-7342801,2026-09-28,7,TYE8D59D1,Freelancer 01,207,00:30:00,000-7342801,02:52:58
000-7342801,2026-09-28,7,TYE8D59E3,Freelancer 04,146,01:03:22,000-7342801,02:52:58
000-7342801,2026-09-28,7,TYE8D59E1,Leonardo Caetano Rodrigues,45,00:01:47,000-7342801,02:52:58
000-7342801,2026-09-28,7,TYE8D59E2,Felipe Rogerio Estevam Da Silva ,163,00:27:55,000-7342801,02:52:58
000-7342801,2026-09-28,7,TYE8D59D2,Adilson José Gonçalves,275,00:25:06,000-7342801,02:52:58
000-7182801,2026-09-28,7,RFP8G80D3,Paulo Rozani Lopes Da Silva,43,00:29:30,000-7182801,02:57:52
000-7182801,2026-09-28,7,RFP8G80E3,Denilton Batista Dos Santos,348,01:06:00,000-7182801,02:57:52
000-7182801,2026-09-28,7,RFP8G80E2,Natan Silva Medeiros Júnior,52,00:19:01,000-7182801,02:57:52
000-7182801,2026-09-28,7,RFP8G80D1,Freelancer 01,298,00:27:54,000-7182801,02:57:52
000-7182801,2026-09-28,7,RFP8G80D2,Felipe Rogerio Estevam Da Silva ,209,00:31:31,000-7182801,02:57:52
000-7182801,2026-09-28,7,RFP8G80E1,Freelancer 01,37,00:03:56,000-7182801,02:57:52
000-7322801,2026-09-28,13,QXO9C83D4,Adilson José Gonçalves,371,00:31:03,000-7322801,05:11:08
000-7322801,2026-09-28,13,QXO9C83D1,Freelancer 01,157,00:16:27,000-7322801,05:11:08
000-7322801,2026-09-28,13,QXO9C83E4,Leonardo Caetano Rodrigues,314,00:36:40,000-7322801,05:11:08
000-7322801,2026-09-28,13,QXO9C83D2,Freelancer 03,84,00:07:56,000-7322801,05:11:08
000-7322801,2026-09-28,13,QXO9C83D6,Freelancer 04,306,00:48:08,000-7322801,05:11:08
000-7322801,2026-09-28,13,QXO9C83E3,Felipe Rogerio Estevam Da Silva ,254,00:34:56,000-7322801,05:11:08
000-7322801,2026-09-28,13,QXO9C83E5,Geraldo Teixeira Baia Junior,139,00:45:42,000-7322801,05:11:08
000-7322801,2026-09-28,13,QXO9C83D3,Natan Silva Medeiros Júnior,81,00:09:36,000-7322801,05:11:08
000-7322801,2026-09-28,13,QXO9C83E6,Gianmiller Moraes,82,00:50:28,000-7322801,05:11:08
000-7322801,2026-09-28,13,QXO9C83E2,Denilton Batista Dos Santos,52,00:13:33,000-7322801,05:11:08
000-7322801,2026-09-28,13,QXO9C83D5,Freelancer 03,50,00:06:40,000-7322801,05:11:08
000-7322801,2026-09-28,13,QXO9C83E1,Paulo Rozani Lopes Da Silva,84,00:09:59,000-7322801,05:11:08
000-7232801,2026-09-28,10,TCB7H85D5,Adilson José Gonçalves,10,00:01:54,000-7232801,02:44:32
000-7232801,2026-09-28,10,TCB7H85E1,Felipe Rogerio Estevam Da Silva ,60,00:07:46,000-7232801,02:44:32
000-7232801,2026-09-28,10,TCB7H85E3,Gianmiller Moraes,89,01:01:47,000-7232801,02:44:32
000-7232801,2026-09-28,10,TCB7H85E4,Freelancer 03,122,00:29:17,000-7232801,02:44:32
000-7232801,2026-09-28,10,TCB7H85E5,Freelancer 01,164,00:18:15,000-7232801,02:44:32
000-7232801,2026-09-28,10,TCB7H85D2,Leonardo Caetano Rodrigues,142,00:27:47,000-7232801,02:44:32
000-7232801,2026-09-28,10,TCB7H85D4,Freelancer 01,10,00:04:05,000-7232801,02:44:32
000-7232801,2026-09-28,10,TCB7H85E2,Felipe Rogerio Estevam Da Silva ,19,00:07:48,000-7232801,02:44:32
000-7232801,2026-09-28,10,TCB7H85D3,Adilson José Gonçalves,19,00:05:53,000-7232801,02:44:32
000-7132801,2026-09-28,7,JXS4C69E3,Denilton Batista Dos Santos,44,00:23:43,000-7132801,05:03:45
000-7132801,2026-09-28,7,JXS4C69D3,Gianmiller Moraes,229,02:17:05,000-7132801,05:03:45
000-7132801,2026-09-28,7,JXS4C69D1,Freelancer 01,219,00:19:07,000-7132801,05:03:45
000-7132801,2026-09-28,7,JXS4C69D2,Leonardo Caetano Rodrigues,81,00:27:18,000-7132801,05:03:45
000-7132801,2026-09-28,7,JXS4C69E2,Freelancer 03,319,01:04:06,000-7132801,05:03:45
000-7132801,2026-09-28,7,JXS4C69E1,Geraldo Teixeira Baia Junior,257,00:32:26,000-7132801,05:03:45
000-7242801,2026-09-28,9,TCB7I34D2,Felipe Rogerio Estevam Da Silva ,134,00:11:37,000-7242801,01:36:35
000-7242801,2026-09-28,9,TCB7I34E1,Leonardo Caetano Rodrigues,75,00:06:51,000-7242801,01:36:35
000-7242801,2026-09-28,9,TCB7I34D4,Paulo Rozani Lopes Da Silva,8,00:08:27,000-7242801,01:36:35
000-7242801,2026-09-28,9,TCB7I34E3,Freelancer 01,8,00:02:47,000-7242801,01:36:35
000-7242801,2026-09-28,9,TCB7I34D5,Gianmiller Moraes,40,00:13:54,000-7242801,01:36:35
000-7242801,2026-09-28,9,TCB7I34E5,Adilson José Gonçalves,57,00:15:22,000-7242801,01:36:35
000-7242801,2026-09-28,9,TCB7I34D3,Natan Silva Medeiros Júnior,60,00:12:35,000-7242801,01:36:35
000-7242801,2026-09-28,9,TCB7I34E4,Denilton Batista Dos Santos,8,00:03:26,000-7242801,01:36:35
000-7242801,2026-09-28,9,TCB7I34E2,Freelancer 03,73,00:21:36,000-7242801,01:36:35
000-7192801,2026-09-28,8,KZX0905D4,Denilton Batista Dos Santos,47,00:29:52,000-7192801,04:00:04
000-7192801,2026-09-28,8,KZX0905E2,Natan Silva Medeiros Júnior,178,01:16:19,000-7192801,04:00:04
000-7192801,2026-09-28,8,KZX0905E1,Felipe Rogerio Estevam Da Silva ,59,00:08:40,000-7192801,04:00:04
000-7192801,2026-09-28,8,KZX0905D3,Paulo Rozani Lopes Da Silva,85,00:44:57,000-7192801,04:00:04
000-7192801,2026-09-28,8,KZX0905E3,Freelancer 01,200,00:13:41,000-7192801,04:00:04
000-7192801,2026-09-28,8,KZX0905D2,Felipe Rogerio Estevam Da Silva ,58,00:05:06,000-7192801,04:00:04
000-7192801,2026-09-28,8,KZX0905E4,Gianmiller Moraes,189,01:01:29,000-7192801,04:00:04
000-7402801,2026-09-28,8,PUN0E10E4,Freelancer 04,97,00:25:36,000-7402801,04:05:09
000-7402801,2026-09-28,8,PUN0E10E2,Freelancer 03,101,00:21:35,000-7402801,04:05:09
000-7402801,2026-09-28,8,PUN0E10E3,Paulo Rozani Lopes Da Silva,270,00:49:05,000-7402801,04:05:09
000-7402801,2026-09-28,8,PUN0E10D3,Gianmiller Moraes,274,00:49:57,000-7402801,04:05:09
000-7402801,2026-09-28,8,PUN0E10D2,Felipe Rogerio Estevam Da Silva ,218,00:33:25,000-7402801,04:05:09
000-7402801,2026-09-28,8,PUN0E10E5,Adilson José Gonçalves,97,00:22:16,000-7402801,04:05:09
000-7402801,2026-09-28,8,PUN0E10D4,Natan Silva Medeiros Júnior,51,00:11:55,000-7402801,04:05:09
000-7402801,2026-09-28,8,PUN0E10D5,Leonardo Caetano Rodrigues,233,00:31:20,000-7402801,04:05:09
000-7252801,2026-09-28,4,TCL0I17E4,Marcos Vinicio Alves Pessoa,118,00:21:48,000-7252801,00:47:43
000-7252801,2026-09-28,4,TCL0I17D5,Denilton Batista Dos Santos,14,00:09:41,000-7252801,00:47:43
000-7252801,2026-09-28,4,TCL0I17E5,Leonardo Caetano Rodrigues,55,00:04:57,000-7252801,00:47:43
000-7252801,2026-09-28,4,TCL0I17D4,Freelancer 01,79,00:11:17,000-7252801,00:47:43
000-7122801,2026-09-28,7,DJB5C58D3,Denilton Batista Dos Santos,242,00:27:49,000-7122801,02:53:29
000-7122801,2026-09-28,7,DJB5C58D2,Leonardo Caetano Rodrigues,61,00:13:36,000-7122801,02:53:29
000-7122801,2026-09-28,7,DJB5C58D1,Adilson José Gonçalves,152,00:25:00,000-7122801,02:53:29
000-7122801,2026-09-28,7,DJB5C58E1,Freelancer 01,207,00:21:04,000-7122801,02:53:29
000-7122801,2026-09-28,7,DJB5C58E3,Paulo Rozani Lopes Da Silva,56,00:46:56,000-7122801,02:53:29
000-7122801,2026-09-28,7,DJB5C58E2,Felipe Rogerio Estevam Da Silva ,336,00:39:04,000-7122801,02:53:29
000-7372801,2026-09-28,7,KKJ5170D3,Natan Silva Medeiros Júnior,212,00:55:45,000-7372801,02:45:17
000-7372801,2026-09-28,7,KKJ5170D1,Geraldo Teixeira Baia Junior,165,00:36:42,000-7372801,02:45:17
000-7372801,2026-09-28,7,KKJ5170E2,Adilson José Gonçalves,40,00:07:57,000-7372801,02:45:17
000-7372801,2026-09-28,7,KKJ5170E3,Leonardo Caetano Rodrigues,137,00:26:21,000-7372801,02:45:17
000-7372801,2026-09-28,7,KKJ5170E1,Paulo Rozani Lopes Da Silva,22,00:12:21,000-7372801,02:45:17
000-7372801,2026-09-28,7,KKJ5170D2,Freelancer 03,59,00:26:11,000-7372801,02:45:17
000-7292801,2026-09-28,13,OWV5H27D6,Paulo Rozani Lopes Da Silva,235,00:32:07,000-7292801,04:00:17
000-7292801,2026-09-28,13,OWV5H27E1,Felipe Rogerio Estevam Da Silva ,249,00:22:23,000-7292801,04:00:17
000-7292801,2026-09-28,13,OWV5H27D3,Natan Silva Medeiros Júnior,187,00:36:13,000-7292801,04:00:17
000-7292801,2026-09-28,13,OWV5H27D1,Freelancer 03,77,00:17:57,000-7292801,04:00:17
000-7292801,2026-09-28,13,OWV5H27E6,Leonardo Caetano Rodrigues,102,00:20:47,000-7292801,04:00:17
000-7292801,2026-09-28,13,OWV5H27D5,Geraldo Teixeira Baia Junior,14,00:07:13,000-7292801,04:00:17
000-7292801,2026-09-28,13,OWV5H27E3,Denilton Batista Dos Santos,89,00:34:39,000-7292801,04:00:17
000-7292801,2026-09-28,13,OWV5H27E2,Freelancer 01,92,00:14:02,000-7292801,04:00:17
000-7292801,2026-09-28,13,OWV5H27E5,Gianmiller Moraes,78,00:22:45,000-7292801,04:00:17
000-7292801,2026-09-28,13,OWV5H27D2,Adilson José Gonçalves,136,00:17:55,000-7292801,04:00:17
000-7292801,2026-09-28,13,OWV5H27E4,Felipe Rogerio Estevam Da Silva ,5,00:06:10,000-7292801,04:00:17
000-7292801,2026-09-28,13,OWV5H27D4,Freelancer 01,38,00:08:06,000-7292801,04:00:17
000-7382801,2026-09-28,7,KKJ5250D2,Felipe Rogerio Estevam Da Silva ,294,00:46:37,000-7382801,03:36:33
000-7382801,2026-09-28,7,KKJ5250E1,Denilton Batista Dos Santos,55,00:29:20,000-7382801,03:36:33
000-7382801,2026-09-28,7,KKJ5250D3,Freelancer 03,254,00:47:57,000-7382801,03:36:33
000-7382801,2026-09-28,7,KKJ5250E3,Freelancer 04,168,00:37:27,000-7382801,03:36:33
000-7382801,2026-09-28,7,KKJ5250E2,Adilson José Gonçalves,70,00:19:45,000-7382801,03:36:33
000-7382801,2026-09-28,7,KKJ5250D1,Leonardo Caetano Rodrigues,231,00:35:27,000-7382801,03:36:33
000-7272801,2026-09-28,8,TCX9E62E5,Freelancer 01,339,00:44:31,000-7272801,04:27:31
000-7272801,2026-09-28,8,TCX9E62E3,Paulo Rozani Lopes Da Silva,436,01:27:01,000-7272801,04:27:31
000-7272801,2026-09-28,8,TCX9E62D5,Denilton Batista Dos Santos,93,01:01:12,000-7272801,04:27:31
000-7272801,2026-09-28,8,TCX9E62E2,Freelancer 03,84,00:01:45,000-7272801,04:27:31
000-7272801,2026-09-28,8,TCX9E62D3,Natan Silva Medeiros Júnior,79,00:14:28,000-7272801,04:27:31
000-7272801,2026-09-28,8,TCX9E62E4,Freelancer 03,27,00:30:45,000-7272801,04:27:31
000-7272801,2026-09-28,8,TCX9E62D4,Adilson José Gonçalves,215,00:27:49,000-7272801,04:27:31
000-7190901,2026-09-09,8,KZX0905D2,Marcos Vinicio Alves Pessoa,72,00:22:56,000-7190901,01:51:23
000-7190901,2026-09-09,8,KZX0905E2,Natan Silva Medeiros Júnior,102,00:25:30,000-7190901,01:51:23
000-7190901,2026-09-09,8,KZX0905D3,Pedro Lucas Procópio dos Santos,132,00:37:17,000-7190901,01:51:23
000-7190901,2026-09-09,8,KZX0905E3,Felipe Rogerio Estevam Da Silva ,51,00:07:27,000-7190901,01:51:23
000-7190901,2026-09-09,8,KZX0905E4,Felipe Rogerio Estevam Da Silva ,31,00:02:30,000-7190901,01:51:23
000-7190901,2026-09-09,8,KZX0905D4,Felipe Rogerio Estevam Da Silva ,11,00:01:27,000-7190901,01:51:23
000-7190901,2026-09-09,8,KZX0905E1,Denilton Batista Dos Santos,44,00:14:16,000-7190901,01:51:23
000-7250901,2026-09-09,9,TCL0I17E3,Natan Silva Medeiros Júnior,258,00:48:55,000-7250901,04:25:47
000-7250901,2026-09-09,9,TCL0I17E2,Gianmiller Moraes,276,01:16:59,000-7250901,04:25:47
000-7250901,2026-09-09,9,TCL0I17D4,Pedro Lucas Procópio dos Santos,116,00:33:37,000-7250901,04:25:47
000-7250901,2026-09-09,9,TCL0I17D5,Pedro Lucas Procópio dos Santos,86,00:24:56,000-7250901,04:25:47
000-7250901,2026-09-09,9,TCL0I17E4,Leonardo Caetano Rodrigues,112,00:24:50,000-7250901,04:25:47
000-7250901,2026-09-09,9,TCL0I17D3,Pedro Lucas Procópio dos Santos,41,00:15:09,000-7250901,04:25:47
000-7250901,2026-09-09,9,TCL0I17D2,Marcos Vinicio Alves Pessoa,71,00:23:54,000-7250901,04:25:47
000-7250901,2026-09-09,9,TCL0I17E5,Leonardo Caetano Rodrigues,64,00:17:27,000-7250901,04:25:47
000-7410901,2026-09-09,7,OWQ4406D1,Marcos Vinicio Alves Pessoa,69,00:07:38,000-7410901,02:56:23
000-7410901,2026-09-09,7,OWQ4406D3,Pedro Lucas Procópio dos Santos,67,00:21:57,000-7410901,02:56:23
000-7410901,2026-09-09,7,OWQ4406D2,Felipe Rogerio Estevam Da Silva ,146,00:29:41,000-7410901,02:56:23
000-7410901,2026-09-09,7,OWQ4406E1,Leonardo Caetano Rodrigues,223,00:40:41,000-7410901,02:56:23
000-7410901,2026-09-09,7,OWQ4406E2,Marcos Vinicio Alves Pessoa,65,00:29:20,000-7410901,02:56:23
000-7410901,2026-09-09,7,OWQ4406E3,Denilton Batista Dos Santos,198,00:47:06,000-7410901,02:56:23
000-7180901,2026-09-09,6,RFP8G80D3,Felipe Rogerio Estevam Da Silva ,153,00:28:50,000-7180901,02:01:05
000-7180901,2026-09-09,6,RFP8G80D2,Leonardo Caetano Rodrigues,68,00:15:42,000-7180901,02:01:05
000-7180901,2026-09-09,6,RFP8G80E3,Leonardo Caetano Rodrigues,188,00:16:59,000-7180901,02:01:05
000-7180901,2026-09-09,6,RFP8G80E2,Gianmiller Moraes,128,00:44:36,000-7180901,02:01:05
000-7180901,2026-09-09,6,RFP8G80E1,Marcos Vinicio Alves Pessoa,34,00:14:58,000-7180901,02:01:05
000-7140901,2026-09-09,7,HAI2518E2,Marcos Vinicio Alves Pessoa,43,00:19:58,000-7140901,03:17:35
000-7140901,2026-09-09,7,HAI2518E3,Denilton Batista Dos Santos,201,01:04:45,000-7140901,03:17:35
000-7140901,2026-09-09,7,HAI2518D2,Gianmiller Moraes,195,01:03:25,000-7140901,03:17:35
000-7140901,2026-09-09,7,HAI2518D1,Felipe Rogerio Estevam Da Silva ,40,00:02:32,000-7140901,03:17:35
000-7140901,2026-09-09,7,HAI2518D3,Denilton Batista Dos Santos,55,00:27:25,000-7140901,03:17:35
000-7140901,2026-09-09,7,HAI2518E1,Felipe Rogerio Estevam Da Silva ,63,00:19:30,000-7140901,03:17:35
000-7290901,2026-09-09,13,OWV5H27D5,Marcos Vinicio Alves Pessoa,50,00:08:29,000-7290901,03:45:52
000-7290901,2026-09-09,13,OWV5H27E4,Denilton Batista Dos Santos,89,00:15:35,000-7290901,03:45:52
000-7290901,2026-09-09,13,OWV5H27E6,Pedro Lucas Procópio dos Santos,9,00:10:55,000-7290901,03:45:52
000-7290901,2026-09-09,13,OWV5H27E3,Denilton Batista Dos Santos,77,00:18:51,000-7290901,03:45:52
000-7290901,2026-09-09,13,OWV5H27E2,Pedro Lucas Procópio dos Santos,21,00:08:41,000-7290901,03:45:52
000-7290901,2026-09-09,13,OWV5H27E5,Pedro Lucas Procópio dos Santos,39,00:11:05,000-7290901,03:45:52
000-7290901,2026-09-09,13,OWV5H27D4,Leonardo Caetano Rodrigues,48,00:09:34,000-7290901,03:45:52
000-7290901,2026-09-09,13,OWV5H27D1,Felipe Rogerio Estevam Da Silva ,66,00:12:41,000-7290901,03:45:52
000-7290901,2026-09-09,13,OWV5H27D6,Natan Silva Medeiros Júnior,25,00:11:25,000-7290901,03:45:52
000-7290901,2026-09-09,13,OWV5H27D3,Leonardo Caetano Rodrigues,138,00:11:48,000-7290901,03:45:52
000-7290901,2026-09-09,13,OWV5H27D2,Gianmiller Moraes,124,01:41:18,000-7290901,03:45:52
000-7290901,2026-09-09,13,OWV5H27E1,Leonardo Caetano Rodrigues,33,00:05:30,000-7290901,03:45:52
000-7130901,2026-09-09,7,JXS4C69E1,Felipe Rogerio Estevam Da Silva ,63,00:18:15,000-7130901,01:51:34
000-7130901,2026-09-09,7,JXS4C69D3,Pedro Lucas Procópio dos Santos,45,00:13:08,000-7130901,01:51:34
000-7130901,2026-09-09,7,JXS4C69D1,Pedro Lucas Procópio dos Santos,40,00:01:37,000-7130901,01:51:34
000-7130901,2026-09-09,7,JXS4C69E2,Pedro Lucas Procópio dos Santos,35,00:10:46,000-7130901,01:51:34
000-7130901,2026-09-09,7,JXS4C69E3,Leonardo Caetano Rodrigues,153,00:33:25,000-7130901,01:51:34
000-7130901,2026-09-09,7,JXS4C69D2,Natan Silva Medeiros Júnior,138,00:34:23,000-7130901,01:51:34
000-7150901,2026-09-09,7,MQU8E71D3,Felipe Rogerio Estevam Da Silva ,105,00:17:09,000-7150901,02:47:39
000-7150901,2026-09-09,7,MQU8E71D1,Felipe Rogerio Estevam Da Silva ,39,00:11:53,000-7150901,02:47:39
000-7150901,2026-09-09,7,MQU8E71E3,Pedro Lucas Procópio dos Santos,93,00:30:22,000-7150901,02:47:39
000-7150901,2026-09-09,7,MQU8E71D2,Marcos Vinicio Alves Pessoa,70,00:30:37,000-7150901,02:47:39
000-7150901,2026-09-09,7,MQU8E71E2,Leonardo Caetano Rodrigues,266,00:32:32,000-7150901,02:47:39
000-7150901,2026-09-09,7,MQU8E71E1,Natan Silva Medeiros Júnior,191,00:45:06,000-7150901,02:47:39
000-7120901,2026-09-09,7,DJB5C58E2,Marcos Vinicio Alves Pessoa,171,01:11:56,000-7120901,03:21:58
000-7120901,2026-09-09,7,DJB5C58D3,Felipe Rogerio Estevam Da Silva ,265,00:43:38,000-7120901,03:21:58
000-7120901,2026-09-09,7,DJB5C58E1,Denilton Batista Dos Santos,59,00:37:35,000-7120901,03:21:58
000-7120901,2026-09-09,7,DJB5C58D1,Leonardo Caetano Rodrigues,66,00:08:32,000-7120901,03:21:58
000-7120901,2026-09-09,7,DJB5C58E3,Gianmiller Moraes,48,00:25:32,000-7120901,03:21:58
000-7120901,2026-09-09,7,DJB5C58D2,Leonardo Caetano Rodrigues,58,00:14:45,000-7120901,03:21:58
000-7380901,2026-09-09,7,KKJ5250E3,Natan Silva Medeiros Júnior,132,00:45:46,000-7380901,03:09:58
000-7380901,2026-09-09,7,KKJ5250D1,Pedro Lucas Procópio dos Santos,43,00:05:05,000-7380901,03:09:58
000-7380901,2026-09-09,7,KKJ5250E1,Denilton Batista Dos Santos,297,00:48:05,000-7380901,03:09:58
000-7380901,2026-09-09,7,KKJ5250E2,Marcos Vinicio Alves Pessoa,117,00:29:27,000-7380901,03:09:58
000-7380901,2026-09-09,7,KKJ5250D2,Pedro Lucas Procópio dos Santos,210,00:19:14,000-7380901,03:09:58
000-7380901,2026-09-09,7,KKJ5250D3,Gianmiller Moraes,85,00:42:21,000-7380901,03:09:58
000-7240901,2026-09-09,9,TCB7I34E4,Felipe Rogerio Estevam Da Silva ,182,00:26:32,000-7240901,02:52:39
000-7240901,2026-09-09,9,TCB7I34E2,Marcos Vinicio Alves Pessoa,141,00:39:49,000-7240901,02:52:39
000-7240901,2026-09-09,9,TCB7I34D4,Pedro Lucas Procópio dos Santos,17,00:07:00,000-7240901,02:52:39
000-7240901,2026-09-09,9,TCB7I34E3,Natan Silva Medeiros Júnior,210,00:33:00,000-7240901,02:52:39
000-7240901,2026-09-09,9,TCB7I34D2,Felipe Rogerio Estevam Da Silva ,65,00:10:37,000-7240901,02:52:39
000-7240901,2026-09-09,9,TCB7I34D5,Felipe Rogerio Estevam Da Silva ,16,00:01:53,000-7240901,02:52:39
000-7240901,2026-09-09,9,TCB7I34E5,Felipe Rogerio Estevam Da Silva ,48,00:15:50,000-7240901,02:52:39
000-7240901,2026-09-09,9,TCB7I34D3,Denilton Batista Dos Santos,122,00:37:58,000-7240901,02:52:39
000-7181001,2026-09-10,6,RFP8G80E2,Natan Silva Medeiros Júnior,32,00:12:18,000-7181001,02:04:34
000-7181001,2026-09-10,6,RFP8G80D2,Marcos Vinicio Alves Pessoa,59,00:22:04,000-7181001,02:04:34
000-7181001,2026-09-10,6,RFP8G80E1,Felipe Rogerio Estevam Da Silva ,33,00:02:22,000-7181001,02:04:34
000-7181001,2026-09-10,6,RFP8G80D3,Denilton Batista Dos Santos,169,01:08:44,000-7181001,02:04:34
000-7181001,2026-09-10,6,RFP8G80E3,Leonardo Caetano Rodrigues,104,00:19:06,000-7181001,02:04:34
000-7191001,2026-09-10,7,KZX0905E4,Felipe Rogerio Estevam Da Silva ,163,00:38:10,000-7191001,01:54:50
000-7191001,2026-09-10,7,KZX0905E2,Pedro Lucas Procópio dos Santos,154,00:21:14,000-7191001,01:54:50
000-7191001,2026-09-10,7,KZX0905E3,Marcos Vinicio Alves Pessoa,29,00:20:50,000-7191001,01:54:50
000-7191001,2026-09-10,7,KZX0905D2,Natan Silva Medeiros Júnior,42,00:08:43,000-7191001,01:54:50
000-7191001,2026-09-10,7,KZX0905D3,Gianmiller Moraes,43,00:17:24,000-7191001,01:54:50
000-7191001,2026-09-10,7,KZX0905D4,Leonardo Caetano Rodrigues,36,00:08:29,000-7191001,01:54:50
000-7131001,2026-09-10,7,JXS4C69D2,Gianmiller Moraes,112,00:33:04,000-7131001,02:35:13
000-7131001,2026-09-10,7,JXS4C69E3,Pedro Lucas Procópio dos Santos,38,00:28:53,000-7131001,02:35:13
000-7131001,2026-09-10,7,JXS4C69E1,Leonardo Caetano Rodrigues,53,00:16:01,000-7131001,02:35:13
000-7131001,2026-09-10,7,JXS4C69E2,Denilton Batista Dos Santos,101,00:38:47,000-7131001,02:35:13
000-7131001,2026-09-10,7,JXS4C69D3,Felipe Rogerio Estevam Da Silva ,98,00:32:40,000-7131001,02:35:13
000-7131001,2026-09-10,7,JXS4C69D1,Pedro Lucas Procópio dos Santos,36,00:05:48,000-7131001,02:35:13
000-7121001,2026-09-10,7,DJB5C58E1,Geraldo Teixeira Baia Junior,340,00:51:06,000-7121001,04:14:23
000-7121001,2026-09-10,7,DJB5C58E3,Wallace Christian Gomes Esteves   ,204,00:37:30,000-7121001,04:14:23
000-7121001,2026-09-10,7,DJB5C58D1,Pedro Lucas Procópio dos Santos,83,01:00:53,000-7121001,04:14:23
000-7121001,2026-09-10,7,DJB5C58D2,Natan Silva Medeiros Júnior,94,00:25:31,000-7121001,04:14:23
000-7121001,2026-09-10,7,DJB5C58E2,Marcos Vinicio Alves Pessoa,154,00:40:56,000-7121001,04:14:23
000-7121001,2026-09-10,7,DJB5C58D3,Leonardo Caetano Rodrigues,293,00:38:27,000-7121001,04:14:23
000-7141001,2026-09-10,7,HAI2518D1,Marcos Vinicio Alves Pessoa,40,00:03:34,000-7141001,05:23:55
000-7141001,2026-09-10,7,HAI2518E2,Natan Silva Medeiros Júnior,216,02:13:03,000-7141001,05:23:55
000-7141001,2026-09-10,7,HAI2518E1,Gianmiller Moraes,63,01:17:40,000-7141001,05:23:55
000-7141001,2026-09-10,7,HAI2518D2,Marcos Vinicio Alves Pessoa,200,01:08:07,000-7141001,05:23:55
000-7141001,2026-09-10,7,HAI2518E3,Leonardo Caetano Rodrigues,59,00:18:12,000-7141001,05:23:55
000-7141001,2026-09-10,7,HAI2518D3,Geraldo Teixeira Baia Junior,88,00:23:19,000-7141001,05:23:55
000-7381001,2026-09-10,7,KKJ5250E2,Pedro Lucas Procópio dos Santos,148,00:30:17,000-7381001,02:14:27
000-7381001,2026-09-10,7,KKJ5250E1,Leonardo Caetano Rodrigues,108,00:19:42,000-7381001,02:14:27
000-7381001,2026-09-10,7,KKJ5250D1,Pedro Lucas Procópio dos Santos,40,00:00:19,000-7381001,02:14:27
000-7381001,2026-09-10,7,KKJ5250E3,Natan Silva Medeiros Júnior,112,00:33:44,000-7381001,02:14:27
000-7381001,2026-09-10,7,KKJ5250D2,Gianmiller Moraes,49,00:32:07,000-7381001,02:14:27
000-7381001,2026-09-10,7,KKJ5250D3,Felipe Rogerio Estevam Da Silva ,41,00:18:18,000-7381001,02:14:27
000-7151001,2026-09-10,7,MQU8E71D2,Felipe Rogerio Estevam Da Silva ,58,00:16:39,000-7151001,03:10:35
000-7151001,2026-09-10,7,MQU8E71D1,Denilton Batista Dos Santos,177,00:35:08,000-7151001,03:10:35
000-7151001,2026-09-10,7,MQU8E71E3,Felipe Rogerio Estevam Da Silva ,195,00:29:59,000-7151001,03:10:35
000-7151001,2026-09-10,7,MQU8E71D3,Marcos Vinicio Alves Pessoa,204,00:42:20,000-7151001,03:10:35
000-7151001,2026-09-10,7,MQU8E71E1,Leonardo Caetano Rodrigues,124,00:17:07,000-7151001,03:10:35
000-7151001,2026-09-10,7,MQU8E71E2,Gianmiller Moraes,139,00:49:22,000-7151001,03:10:35
000-7291001,2026-09-10,10,OWV5H27E5,Felipe Rogerio Estevam Da Silva ,19,00:04:33,000-7291001,03:39:48
000-7291001,2026-09-10,10,OWV5H27D4,Natan Silva Medeiros Júnior,114,00:34:30,000-7291001,03:39:48
000-7291001,2026-09-10,10,OWV5H27D6,Leonardo Caetano Rodrigues,23,00:06:36,000-7291001,03:39:48
000-7291001,2026-09-10,10,OWV5H27D5,Denilton Batista Dos Santos,127,00:24:19,000-7291001,03:39:48
000-7291001,2026-09-10,10,OWV5H27D3,Wallace Christian Gomes Esteves   ,235,00:45:40,000-7291001,03:39:48
000-7291001,2026-09-10,10,OWV5H27E3,Felipe Rogerio Estevam Da Silva ,291,00:34:08,000-7291001,03:39:48
000-7291001,2026-09-10,10,OWV5H27E6,Marcos Vinicio Alves Pessoa,62,00:32:04,000-7291001,03:39:48
000-7291001,2026-09-10,10,OWV5H27E2,Pedro Lucas Procópio dos Santos,74,00:14:32,000-7291001,03:39:48
000-7291001,2026-09-10,10,OWV5H27E4,Leonardo Caetano Rodrigues,152,00:23:26,000-7291001,03:39:48
000-7241001,2026-09-10,9,TCB7I34D5,Felipe Rogerio Estevam Da Silva ,160,00:19:20,000-7241001,02:58:04
000-7241001,2026-09-10,9,TCB7I34E3,Pedro Lucas Procópio dos Santos,93,00:30:11,000-7241001,02:58:04
000-7241001,2026-09-10,9,TCB7I34E5,Wallace Christian Gomes Esteves   ,30,00:16:20,000-7241001,02:58:04
000-7241001,2026-09-10,9,TCB7I34E4,Felipe Rogerio Estevam Da Silva ,28,00:08:19,000-7241001,02:58:04
000-7241001,2026-09-10,9,TCB7I34E2,Marcos Vinicio Alves Pessoa,119,00:38:32,000-7241001,02:58:04
000-7241001,2026-09-10,9,TCB7I34D4,Gianmiller Moraes,170,00:33:25,000-7241001,02:58:04
000-7241001,2026-09-10,9,TCB7I34D2,Leonardo Caetano Rodrigues,52,00:20:39,000-7241001,02:58:04
000-7241001,2026-09-10,9,TCB7I34D3,Denilton Batista Dos Santos,26,00:11:18,000-7241001,02:58:04
000-7411001,2026-09-10,7,OWQ4406D1,Leonardo Caetano Rodrigues,54,00:09:11,000-7411001,02:16:11
000-7411001,2026-09-10,7,OWQ4406D3,Gianmiller Moraes,31,00:19:55,000-7411001,02:16:11
000-7411001,2026-09-10,7,OWQ4406D2,Pedro Lucas Procópio dos Santos,20,00:06:53,000-7411001,02:16:11
000-7411001,2026-09-10,7,OWQ4406E2,Felipe Rogerio Estevam Da Silva ,149,00:51:48,000-7411001,02:16:11
000-7411001,2026-09-10,7,OWQ4406E3,Pedro Lucas Procópio dos Santos,14,00:03:55,000-7411001,02:16:11
000-7411001,2026-09-10,7,OWQ4406E1,Denilton Batista Dos Santos,146,00:44:29,000-7411001,02:16:11
000-7191101,2026-09-11,7,KZX0905D4,Pedro Lucas Procópio dos Santos,19,00:16:42,000-7191101,02:40:45
000-7191101,2026-09-11,7,KZX0905D2,Wanderson Felipe De Almeida Santos,72,00:30:48,000-7191101,02:40:45
000-7191101,2026-09-11,7,KZX0905E4,Leonardo Caetano Rodrigues,215,00:33:59,000-7191101,02:40:45
000-7191101,2026-09-11,7,KZX0905E3,Leonardo Caetano Rodrigues,48,00:25:10,000-7191101,02:40:45
000-7191101,2026-09-11,7,KZX0905E2,Pedro Lucas Procópio dos Santos,40,00:00:42,000-7191101,02:40:45
000-7191101,2026-09-11,7,KZX0905D3,Marcos Vinicio Alves Pessoa,144,00:53:24,000-7191101,02:40:45
000-7181101,2026-09-11,6,RFP8G80E1,Pedro Lucas Procópio dos Santos,45,00:41:26,000-7181101,03:26:44
000-7181101,2026-09-11,6,RFP8G80D3,Marcos Vinicio Alves Pessoa,38,00:29:39,000-7181101,03:26:44
000-7181101,2026-09-11,6,RFP8G80E3,Felipe Rogerio Estevam Da Silva ,128,00:56:05,000-7181101,03:26:44
000-7181101,2026-09-11,6,RFP8G80D2,Wanderson Felipe De Almeida Santos,72,00:26:04,000-7181101,03:26:44
000-7181101,2026-09-11,6,RFP8G80E2,Denilton Batista Dos Santos,129,00:53:30,000-7181101,03:26:44
000-7231101,2026-09-11,10,TCB7H85E5,Leonardo Caetano Rodrigues,27,00:05:11,000-7231101,01:51:27
000-7231101,2026-09-11,10,TCB7H85E2,Marcos Vinicio Alves Pessoa,71,00:24:50,000-7231101,01:51:27
000-7231101,2026-09-11,10,TCB7H85D3,Wanderson Felipe De Almeida Santos,84,00:18:43,000-7231101,01:51:27
000-7231101,2026-09-11,10,TCB7H85E1,Gianmiller Moraes,28,00:14:21,000-7231101,01:51:27
000-7231101,2026-09-11,10,TCB7H85D5,Leonardo Caetano Rodrigues,60,00:06:29,000-7231101,01:51:27
000-7231101,2026-09-11,10,TCB7H85E3,Natan Silva Medeiros Júnior,44,00:08:57,000-7231101,01:51:27
000-7231101,2026-09-11,10,TCB7H85E4,Wallace Christian Gomes Esteves   ,61,00:13:36,000-7231101,01:51:27
000-7231101,2026-09-11,10,TCB7H85D4,Felipe Rogerio Estevam Da Silva ,23,00:07:58,000-7231101,01:51:27
000-7231101,2026-09-11,10,TCB7H85D2,Denilton Batista Dos Santos,22,00:11:22,000-7231101,01:51:27
000-7131101,2026-09-11,7,JXS4C69D2,Gianmiller Moraes,155,02:01:26,000-7131101,03:54:15
000-7131101,2026-09-11,7,JXS4C69E2,Wanderson Felipe De Almeida Santos,81,00:22:54,000-7131101,03:54:15
000-7131101,2026-09-11,7,JXS4C69E3,Leonardo Caetano Rodrigues,40,00:17:52,000-7131101,03:54:15
000-7131101,2026-09-11,7,JXS4C69E1,Felipe Rogerio Estevam Da Silva ,52,00:14:41,000-7131101,03:54:15
000-7131101,2026-09-11,7,JXS4C69D3,Natan Silva Medeiros Júnior,207,00:52:12,000-7131101,03:54:15
000-7131101,2026-09-11,7,JXS4C69D1,Marcos Vinicio Alves Pessoa,40,00:05:10,000-7131101,03:54:15
000-7271101,2026-09-11,8,TCX9E62E4,Leonardo Caetano Rodrigues,43,00:12:22,000-7271101,04:28:09
000-7271101,2026-09-11,8,TCX9E62E2,Pedro Lucas Procópio dos Santos,202,00:41:18,000-7271101,04:28:09
000-7271101,2026-09-11,8,TCX9E62E5,Gianmiller Moraes,75,00:11:16,000-7271101,04:28:09
000-7271101,2026-09-11,8,TCX9E62E3,Natan Silva Medeiros Júnior,78,00:38:43,000-7271101,04:28:09
000-7271101,2026-09-11,8,TCX9E62D5,Marcos Vinicio Alves Pessoa,324,00:32:21,000-7271101,04:28:09
000-7271101,2026-09-11,8,TCX9E62D4,Denilton Batista Dos Santos,275,01:15:36,000-7271101,04:28:09
000-7271101,2026-09-11,8,TCX9E62D2,Wallace Christian Gomes Esteves   ,112,00:17:07,000-7271101,04:28:09
000-7271101,2026-09-11,8,TCX9E62D3,Felipe Rogerio Estevam Da Silva ,149,00:39:26,000-7271101,04:28:09
000-7251101,2026-09-11,10,TCL0I17D4,Gianmiller Moraes,132,00:41:41,000-7251101,02:56:30
000-7251101,2026-09-11,10,TCL0I17E4,Marcos Vinicio Alves Pessoa,64,00:18:48,000-7251101,02:56:30
000-7251101,2026-09-11,10,TCL0I17D5,Felipe Rogerio Estevam Da Silva ,18,00:03:35,000-7251101,02:56:30
000-7251101,2026-09-11,10,TCL0I17E3,Wanderson Felipe De Almeida Santos,17,00:14:18,000-7251101,02:56:30
000-7251101,2026-09-11,10,TCL0I17E5,Wallace Christian Gomes Esteves   ,74,00:08:24,000-7251101,02:56:30
000-7251101,2026-09-11,10,TCL0I17E1,Leonardo Caetano Rodrigues,71,00:20:00,000-7251101,02:56:30
000-7251101,2026-09-11,10,TCL0I17D2,Wanderson Felipe De Almeida Santos,141,00:37:30,000-7251101,02:56:30
000-7251101,2026-09-11,10,TCL0I17E2,Leonardo Caetano Rodrigues,136,00:14:45,000-7251101,02:56:30
000-7251101,2026-09-11,10,TCL0I17D3,Natan Silva Medeiros Júnior,44,00:17:29,000-7251101,02:56:30
000-7411101,2026-09-11,7,OWQ4406D3,Denilton Batista Dos Santos,130,00:57:24,000-7411101,03:11:18
000-7411101,2026-09-11,7,OWQ4406E1,Denilton Batista Dos Santos,135,00:45:12,000-7411101,03:11:18
000-7411101,2026-09-11,7,OWQ4406E2,Leonardo Caetano Rodrigues,68,00:16:57,000-7411101,03:11:18
000-7411101,2026-09-11,7,OWQ4406E3,Natan Silva Medeiros Júnior,201,00:40:04,000-7411101,03:11:18
000-7411101,2026-09-11,7,OWQ4406D2,Felipe Rogerio Estevam Da Silva ,50,00:11:26,000-7411101,03:11:18
000-7411101,2026-09-11,7,OWQ4406D1,Wallace Christian Gomes Esteves   ,60,00:20:15,000-7411101,03:11:18
000-7381101,2026-09-11,7,KKJ5250E2,Wanderson Felipe De Almeida Santos,35,00:15:17,000-7381101,01:34:54
000-7381101,2026-09-11,7,KKJ5250D3,Gianmiller Moraes,93,00:40:43,000-7381101,01:34:54
000-7381101,2026-09-11,7,KKJ5250D2,Felipe Rogerio Estevam Da Silva ,62,00:16:44,000-7381101,01:34:54
000-7381101,2026-09-11,7,KKJ5250E1,Natan Silva Medeiros Júnior,47,00:18:58,000-7381101,01:34:54
000-7381101,2026-09-11,7,KKJ5250D1,Pedro Lucas Procópio dos Santos,40,00:00:24,000-7381101,01:34:54
000-7381101,2026-09-11,7,KKJ5250E3,Wanderson Felipe De Almeida Santos,35,00:02:48,000-7381101,01:34:54
000-7121101,2026-09-11,2,DJB5C58D1,Pedro Lucas Procópio dos Santos,63,00:35:48,000-7121101,00:35:48
000-7341101,2026-09-11,7,TYE8D59D1,Marcos Vinicio Alves Pessoa,40,00:05:08,000-7341101,00:58:52
000-7341101,2026-09-11,7,TYE8D59E3,Wallace Christian Gomes Esteves   ,80,00:10:25,000-7341101,00:58:52
000-7341101,2026-09-11,7,TYE8D59D2,Felipe Rogerio Estevam Da Silva ,15,00:05:50,000-7341101,00:58:52
000-7341101,2026-09-11,7,TYE8D59D3,Natan Silva Medeiros Júnior,23,00:07:57,000-7341101,00:58:52
000-7341101,2026-09-11,7,TYE8D59E1,Wanderson Felipe De Almeida Santos,45,00:21:00,000-7341101,00:58:52
000-7341101,2026-09-11,7,TYE8D59E2,Leonardo Caetano Rodrigues,16,00:08:32,000-7341101,00:58:52
000-7161101,2026-09-11,7,MQL5679D1,Gianmiller Moraes,30,00:19:31,000-7161101,01:44:56
000-7161101,2026-09-11,7,MQL5679D3,Wanderson Felipe De Almeida Santos,21,00:09:33,000-7161101,01:44:56
000-7161101,2026-09-11,7,MQL5679E3,Marcos Vinicio Alves Pessoa,79,00:22:19,000-7161101,01:44:56
000-7161101,2026-09-11,7,MQL5679E1,Pedro Lucas Procópio dos Santos,45,00:14:35,000-7161101,01:44:56
000-7161101,2026-09-11,7,MQL5679D2,Wallace Christian Gomes Esteves   ,95,00:15:46,000-7161101,01:44:56
000-7161101,2026-09-11,7,MQL5679E2,Leonardo Caetano Rodrigues,134,00:23:12,000-7161101,01:44:56
000-7141101,2026-09-11,7,HAI2518D2,Felipe Rogerio Estevam Da Silva ,108,00:35:49,000-7141101,01:52:52
000-7141101,2026-09-11,7,HAI2518E1,Leonardo Caetano Rodrigues,54,00:20:56,000-7141101,01:52:52
000-7141101,2026-09-11,7,HAI2518D3,Marcos Vinicio Alves Pessoa,142,00:38:18,000-7141101,01:52:52
000-7141101,2026-09-11,7,HAI2518E3,Wallace Christian Gomes Esteves   ,51,00:11:58,000-7141101,01:52:52
000-7141101,2026-09-11,7,HAI2518D1,Wanderson Felipe De Almeida Santos,40,00:05:40,000-7141101,01:52:52
000-7141101,2026-09-11,7,HAI2518E2,Pedro Lucas Procópio dos Santos,40,00:00:11,000-7141101,01:52:52
000-7171101,2026-09-11,7,HOB4C81D1,Gianmiller Moraes,60,00:17:23,000-7171101,01:59:13
000-7171101,2026-09-11,7,HOB4C81D2,Marcos Vinicio Alves Pessoa,20,00:00:55,000-7171101,01:59:13
000-7171101,2026-09-11,7,HOB4C81E3,Leonardo Caetano Rodrigues,27,00:12:31,000-7171101,01:59:13
000-7171101,2026-09-11,7,HOB4C81D3,Wallace Christian Gomes Esteves   ,124,00:15:46,000-7171101,01:59:13
000-7171101,2026-09-11,7,HOB4C81E2,Pedro Lucas Procópio dos Santos,117,00:31:58,000-7171101,01:59:13
000-7171101,2026-09-11,7,HOB4C81E1,Felipe Rogerio Estevam Da Silva ,156,00:40:40,000-7171101,01:59:13
000-7151101,2026-09-11,7,MQU8E71D1,Leonardo Caetano Rodrigues,40,00:00:07,000-7151101,02:06:57
000-7151101,2026-09-11,7,MQU8E71D3,Pedro Lucas Procópio dos Santos,172,00:28:38,000-7151101,02:06:57
000-7151101,2026-09-11,7,MQU8E71E2,Wallace Christian Gomes Esteves   ,47,00:28:03,000-7151101,02:06:57
000-7151101,2026-09-11,7,MQU8E71E1,Denilton Batista Dos Santos,62,00:27:29,000-7151101,02:06:57
000-7151101,2026-09-11,7,MQU8E71D2,Wanderson Felipe De Almeida Santos,166,00:32:36,000-7151101,02:06:57
000-7151101,2026-09-11,7,MQU8E71E3,Pedro Lucas Procópio dos Santos,34,00:10:04,000-7151101,02:06:57
000-7241101,2026-09-11,10,TCB7I34E4,Leonardo Caetano Rodrigues,64,00:08:40,000-7241101,03:03:18
000-7241101,2026-09-11,10,TCB7I34D4,Natan Silva Medeiros Júnior,86,00:22:26,000-7241101,03:03:18
000-7241101,2026-09-11,10,TCB7I34E3,Pedro Lucas Procópio dos Santos,165,00:29:25,000-7241101,03:03:18
000-7241101,2026-09-11,10,TCB7I34E1,Wanderson Felipe De Almeida Santos,60,00:30:08,000-7241101,03:03:18
000-7241101,2026-09-11,10,TCB7I34D2,Marcos Vinicio Alves Pessoa,59,00:31:15,000-7241101,03:03:18
000-7241101,2026-09-11,10,TCB7I34E5,Felipe Rogerio Estevam Da Silva ,154,00:20:26,000-7241101,03:03:18
000-7241101,2026-09-11,10,TCB7I34D5,Wallace Christian Gomes Esteves   ,110,00:16:02,000-7241101,03:03:18
000-7241101,2026-09-11,10,TCB7I34D3,Felipe Rogerio Estevam Da Silva ,25,00:11:44,000-7241101,03:03:18
000-7241101,2026-09-11,10,TCB7I34E2,Gianmiller Moraes,31,00:13:12,000-7241101,03:03:18
000-7162901,2026-09-29,7,MQL5679E1,Geraldo Teixeira Baia Junior,228,00:40:11,000-7162901,02:26:42
000-7162901,2026-09-29,7,MQL5679E3,Adilson José Gonçalves,260,00:38:44,000-7162901,02:26:42
000-7162901,2026-09-29,7,MQL5679D3,Pedro Lucas Procópio dos Santos,84,00:23:43,000-7162901,02:26:42
000-7162901,2026-09-29,7,MQL5679E2,Pedro Lucas Procópio dos Santos,69,00:15:49,000-7162901,02:26:42
000-7162901,2026-09-29,7,MQL5679D1,Natan Silva Medeiros Júnior,69,00:10:36,000-7162901,02:26:42
000-7162901,2026-09-29,7,MQL5679D2,Leonardo Caetano Rodrigues,46,00:17:39,000-7162901,02:26:42
000-7122901,2026-09-29,7,DJB5C58E1,Freelancer 02,61,00:19:26,000-7122901,01:46:44
000-7122901,2026-09-29,7,DJB5C58D2,Gianmiller Moraes,109,00:36:30,000-7122901,01:46:44
000-7122901,2026-09-29,7,DJB5C58E2,Natan Silva Medeiros Júnior,48,00:07:47,000-7122901,01:46:44
000-7122901,2026-09-29,7,DJB5C58D3,Adilson José Gonçalves,32,00:09:12,000-7122901,01:46:44
000-7122901,2026-09-29,7,DJB5C58D1,Felipe Rogerio Estevam Da Silva ,40,00:03:06,000-7122901,01:46:44
000-7122901,2026-09-29,7,DJB5C58E3,Geraldo Teixeira Baia Junior,161,00:30:43,000-7122901,01:46:44
000-7342901,2026-09-29,7,TYE8D59E1,Leonardo Caetano Rodrigues,29,00:17:37,000-7342901,02:15:07
000-7342901,2026-09-29,7,TYE8D59E3,Leonardo Caetano Rodrigues,37,00:09:13,000-7342901,02:15:07
000-7342901,2026-09-29,7,TYE8D59E2,Felipe Rogerio Estevam Da Silva ,209,00:25:15,000-7342901,02:15:07
000-7342901,2026-09-29,7,TYE8D59D2,Freelancer 02,189,00:44:30,000-7342901,02:15:07
000-7342901,2026-09-29,7,TYE8D59D1,Gianmiller Moraes,74,00:24:20,000-7342901,02:15:07
000-7342901,2026-09-29,7,TYE8D59D3,Natan Silva Medeiros Júnior,41,00:14:12,000-7342901,02:15:07
000-7372901,2026-09-29,7,KKJ5170D1,Gianmiller Moraes,53,00:07:16,000-7372901,01:58:32
000-7372901,2026-09-29,7,KKJ5170D3,Geraldo Teixeira Baia Junior,44,00:19:10,000-7372901,01:58:32
000-7372901,2026-09-29,7,KKJ5170E2,Leonardo Caetano Rodrigues,38,00:10:50,000-7372901,01:58:32
000-7372901,2026-09-29,7,KKJ5170E3,Felipe Rogerio Estevam Da Silva ,260,00:34:05,000-7372901,01:58:32
000-7372901,2026-09-29,7,KKJ5170D2,Adilson José Gonçalves,179,00:32:43,000-7372901,01:58:32
000-7372901,2026-09-29,7,KKJ5170E1,Natan Silva Medeiros Júnior,67,00:14:28,000-7372901,01:58:32
000-7242901,2026-09-29,10,TCB7I34D2,Leonardo Caetano Rodrigues,113,00:14:15,000-7242901,01:59:38
000-7242901,2026-09-29,10,TCB7I34D4,Felipe Rogerio Estevam Da Silva ,73,00:12:12,000-7242901,01:59:38
000-7242901,2026-09-29,10,TCB7I34D3,Natan Silva Medeiros Júnior,155,00:31:32,000-7242901,01:59:38
000-7242901,2026-09-29,10,TCB7I34E3,Gianmiller Moraes,56,00:20:39,000-7242901,01:59:38
000-7242901,2026-09-29,10,TCB7I34D5,Felipe Rogerio Estevam Da Silva ,14,00:06:00,000-7242901,01:59:38
000-7242901,2026-09-29,10,TCB7I34E4,Freelancer 02,56,00:11:49,000-7242901,01:59:38
000-7242901,2026-09-29,10,TCB7I34E5,Adilson José Gonçalves,63,00:12:37,000-7242901,01:59:38
000-7242901,2026-09-29,10,TCB7I34E2,Felipe Rogerio Estevam Da Silva ,38,00:05:44,000-7242901,01:59:38
000-7242901,2026-09-29,10,TCB7I34E1,Felipe Rogerio Estevam Da Silva ,74,00:04:50,000-7242901,01:59:38
000-7192901,2026-09-29,8,KZX0905E4,Leonardo Caetano Rodrigues,79,00:16:10,000-7192901,02:21:18
000-7192901,2026-09-29,8,KZX0905D2,Adilson José Gonçalves,179,00:26:40,000-7192901,02:21:18
000-7192901,2026-09-29,8,KZX0905E2,Geraldo Teixeira Baia Junior,94,00:24:34,000-7192901,02:21:18
000-7192901,2026-09-29,8,KZX0905D4,Freelancer 02,102,00:22:35,000-7192901,02:21:18
000-7192901,2026-09-29,8,KZX0905E1,Felipe Rogerio Estevam Da Silva ,73,00:12:52,000-7192901,02:21:18
000-7192901,2026-09-29,8,KZX0905E3,Pedro Lucas Procópio dos Santos,185,00:29:16,000-7192901,02:21:18
000-7192901,2026-09-29,8,KZX0905D3,Leonardo Caetano Rodrigues,24,00:09:11,000-7192901,02:21:18
000-7142901,2026-09-29,7,HAI2518D3,Adilson José Gonçalves,259,00:39:32,000-7142901,01:49:24
000-7142901,2026-09-29,7,HAI2518E2,Geraldo Teixeira Baia Junior,37,00:08:24,000-7142901,01:49:24
000-7142901,2026-09-29,7,HAI2518D2,Freelancer 02,140,00:33:25,000-7142901,01:49:24
000-7142901,2026-09-29,7,HAI2518E1,Gianmiller Moraes,57,00:13:56,000-7142901,01:49:24
000-7142901,2026-09-29,7,HAI2518E3,Leonardo Caetano Rodrigues,40,00:12:59,000-7142901,01:49:24
000-7142901,2026-09-29,7,HAI2518D1,Geraldo Teixeira Baia Junior,40,00:01:08,000-7142901,01:49:24
000-7232901,2026-09-29,5,TCB7H85E5,Adilson José Gonçalves,242,00:28:38,000-7232901,01:26:04
000-7232901,2026-09-29,5,TCB7H85D5,Leonardo Caetano Rodrigues,216,00:31:15,000-7232901,01:26:04
000-7232901,2026-09-29,5,TCB7H85E4,Freelancer 02,53,00:17:33,000-7232901,01:26:04
000-7232901,2026-09-29,5,TCB7H85D4,Felipe Rogerio Estevam Da Silva ,41,00:08:38,000-7232901,01:26:04
000-7152901,2026-09-29,7,MQU8E71D2,Gianmiller Moraes,121,00:58:40,000-7152901,02:05:53
000-7152901,2026-09-29,7,MQU8E71E2,Leonardo Caetano Rodrigues,102,00:18:38,000-7152901,02:05:53
000-7152901,2026-09-29,7,MQU8E71E3,Felipe Rogerio Estevam Da Silva ,40,00:11:27,000-7152901,02:05:53
000-7152901,2026-09-29,7,MQU8E71D3,Freelancer 02,37,00:17:33,000-7152901,02:05:53
000-7152901,2026-09-29,7,MQU8E71D1,Natan Silva Medeiros Júnior,40,00:02:57,000-7152901,02:05:53
000-7152901,2026-09-29,7,MQU8E71E1,Geraldo Teixeira Baia Junior,62,00:16:38,000-7152901,02:05:53
000-7382901,2026-09-29,7,KKJ5250E2,Gianmiller Moraes,59,00:25:38,000-7382901,01:35:25
000-7382901,2026-09-29,7,KKJ5250E1,Adilson José Gonçalves,50,00:04:40,000-7382901,01:35:25
000-7382901,2026-09-29,7,KKJ5250D2,Freelancer 02,92,00:22:55,000-7382901,01:35:25
000-7382901,2026-09-29,7,KKJ5250D3,Leonardo Caetano Rodrigues,35,00:11:04,000-7382901,01:35:25
000-7382901,2026-09-29,7,KKJ5250D1,Natan Silva Medeiros Júnior,40,00:04:27,000-7382901,01:35:25
000-7382901,2026-09-29,7,KKJ5250E3,Felipe Rogerio Estevam Da Silva ,179,00:26:41,000-7382901,01:35:25
000-7132901,2026-09-29,7,JXS4C69E2,Geraldo Teixeira Baia Junior,40,00:14:11,000-7132901,02:33:17
000-7132901,2026-09-29,7,JXS4C69D1,Freelancer 02,46,00:05:49,000-7132901,02:33:17
000-7132901,2026-09-29,7,JXS4C69D2,Natan Silva Medeiros Júnior,129,00:50:56,000-7132901,02:33:17
000-7132901,2026-09-29,7,JXS4C69E1,Leonardo Caetano Rodrigues,72,00:22:43,000-7132901,02:33:17
000-7132901,2026-09-29,7,JXS4C69D3,Adilson José Gonçalves,45,00:09:45,000-7132901,02:33:17
000-7132901,2026-09-29,7,JXS4C69E3,Felipe Rogerio Estevam Da Silva ,273,00:49:53,000-7132901,02:33:17
000-7182901,2026-09-29,7,RFP8G80E2,Felipe Rogerio Estevam Da Silva ,193,00:30:49,000-7182901,02:00:36
000-7182901,2026-09-29,7,RFP8G80D2,Geraldo Teixeira Baia Junior,47,00:14:11,000-7182901,02:00:36
000-7182901,2026-09-29,7,RFP8G80E3,Adilson José Gonçalves,48,00:12:16,000-7182901,02:00:36
000-7182901,2026-09-29,7,RFP8G80D3,Natan Silva Medeiros Júnior,138,00:37:41,000-7182901,02:00:36
000-7182901,2026-09-29,7,RFP8G80D1,Pedro Lucas Procópio dos Santos,45,00:04:55,000-7182901,02:00:36
000-7182901,2026-09-29,7,RFP8G80E1,Leonardo Caetano Rodrigues,187,00:20:44,000-7182901,02:00:36
000-7193001,2026-09-30,8,KZX0905E3,Pedro Lucas Procópio dos Santos,15,00:06:16,000-7193001,02:15:21
000-7193001,2026-09-30,8,KZX0905E2,Freelancer 04,239,00:43:07,000-7193001,02:15:21
000-7193001,2026-09-30,8,KZX0905D2,Freelancer 02,59,00:23:51,000-7193001,02:15:21
000-7193001,2026-09-30,8,KZX0905D3,Marcos Vinicio Alves Pessoa,82,00:23:54,000-7193001,02:15:21
000-7193001,2026-09-30,8,KZX0905D4,Leonardo Caetano Rodrigues,77,00:16:31,000-7193001,02:15:21
000-7193001,2026-09-30,8,KZX0905E1,Gianmiller Moraes,46,00:09:42,000-7193001,02:15:21
000-7193001,2026-09-30,8,KZX0905E4,Adilson José Gonçalves,39,00:12:00,000-7193001,02:15:21
000-7403001,2026-09-30,10,PUN0E10E2,Paulo Rozani Lopes Da Silva,142,00:47:58,000-7403001,02:15:06
000-7403001,2026-09-30,10,PUN0E10D4,Adilson José Gonçalves,78,00:16:35,000-7403001,02:15:06
000-7403001,2026-09-30,10,PUN0E10E4,Pedro Lucas Procópio dos Santos,23,00:07:56,000-7403001,02:15:06
000-7403001,2026-09-30,10,PUN0E10E3,Leonardo Caetano Rodrigues,117,00:03:14,000-7403001,02:15:06
000-7403001,2026-09-30,10,PUN0E10D2,Freelancer 02,261,00:12:35,000-7403001,02:15:06
000-7403001,2026-09-30,10,PUN0E10D3,Freelancer 04,45,00:11:52,000-7403001,02:15:06
000-7403001,2026-09-30,10,PUN0E10E1,Pedro Lucas Procópio dos Santos,47,00:08:08,000-7403001,02:15:06
000-7403001,2026-09-30,10,PUN0E10E5,Freelancer 02,32,00:03:01,000-7403001,02:15:06
000-7403001,2026-09-30,10,PUN0E10D5,Felipe Rogerio Estevam Da Silva ,178,00:23:47,000-7403001,02:15:06
000-7323001,2026-09-30,9,QXO9C83E4,Geraldo Teixeira Baia Junior,325,01:48:46,000-7323001,04:08:18
000-7323001,2026-09-30,9,QXO9C83E3,Geraldo Teixeira Baia Junior,353,00:16:46,000-7323001,04:08:18
000-7323001,2026-09-30,9,QXO9C83D5,Felipe Rogerio Estevam Da Silva ,140,00:16:50,000-7323001,04:08:18
000-7323001,2026-09-30,9,QXO9C83D4,Leonardo Caetano Rodrigues,174,00:30:24,000-7323001,04:08:18
000-7323001,2026-09-30,9,QXO9C83E5,Natan Silva Medeiros Júnior,86,00:11:34,000-7323001,04:08:18
000-7323001,2026-09-30,9,QXO9C83D3,Freelancer 02,43,00:10:00,000-7323001,04:08:18
000-7323001,2026-09-30,9,QXO9C83E2,Paulo Rozani Lopes Da Silva,81,00:30:39,000-7323001,04:08:18
000-7323001,2026-09-30,9,QXO9C83D6,Marcos Vinicio Alves Pessoa,45,00:23:19,000-7323001,04:08:18
000-7233001,2026-09-30,8,TCB7H85D1,Geraldo Teixeira Baia Junior,264,00:29:52,000-7233001,03:49:52
000-7233001,2026-09-30,8,TCB7H85E3,Freelancer 02,124,00:38:44,000-7233001,03:49:52
000-7233001,2026-09-30,8,TCB7H85E2,Gianmiller Moraes,131,00:16:05,000-7233001,03:49:52
000-7233001,2026-09-30,8,TCB7H85E5,Felipe Rogerio Estevam Da Silva ,124,00:31:01,000-7233001,03:49:52
000-7233001,2026-09-30,8,TCB7H85D4,Natan Silva Medeiros Júnior,235,00:42:06,000-7233001,03:49:52
000-7233001,2026-09-30,8,TCB7H85E4,Adilson José Gonçalves,49,00:13:13,000-7233001,03:49:52
000-7233001,2026-09-30,8,TCB7H85D3,Freelancer 01,147,00:26:20,000-7233001,03:49:52
000-7233001,2026-09-30,8,TCB7H85D5,Leonardo Caetano Rodrigues,226,00:32:31,000-7233001,03:49:52
000-7303001,2026-09-30,13,OWV8A20D1,Geraldo Teixeira Baia Junior,264,00:26:44,000-7303001,04:16:57
000-7303001,2026-09-30,13,OWV8A20E3,Leonardo Caetano Rodrigues,84,00:01:27,000-7303001,04:16:57
000-7303001,2026-09-30,13,OWV8A20D2,Leonardo Caetano Rodrigues,84,00:11:22,000-7303001,04:16:57
000-7303001,2026-09-30,13,OWV8A20D3,Felipe Rogerio Estevam Da Silva ,84,00:02:37,000-7303001,04:16:57
000-7303001,2026-09-30,13,OWV8A20E1,Felipe Rogerio Estevam Da Silva ,84,00:00:21,000-7303001,04:16:57
000-7303001,2026-09-30,13,OWV8A20D6,Freelancer 01,260,00:25:24,000-7303001,04:16:57
000-7303001,2026-09-30,13,OWV8A20E6,Adilson José Gonçalves,203,00:38:04,000-7303001,04:16:57
000-7303001,2026-09-30,13,OWV8A20E4,Freelancer 04,205,00:22:03,000-7303001,04:16:57
000-7303001,2026-09-30,13,OWV8A20E2,Freelancer 02,69,00:15:13,000-7303001,04:16:57
000-7303001,2026-09-30,13,OWV8A20E5,Felipe Rogerio Estevam Da Silva ,75,01:16:28,000-7303001,04:16:57
000-7303001,2026-09-30,13,OWV8A20D5,Freelancer 01,53,00:07:33,000-7303001,04:16:57
000-7303001,2026-09-30,13,OWV8A20D4,Marcos Vinicio Alves Pessoa,64,00:29:41,000-7303001,04:16:57
000-7323002,2026-09-30,2,QXO9C83E6,Freelancer 04,168,01:16:35,000-7323002,01:16:35
000-7273001,2026-09-30,10,TCX9E62E3,Leonardo Caetano Rodrigues,161,00:06:00,000-7273001,03:47:46
000-7273001,2026-09-30,10,TCX9E62D3,Felipe Rogerio Estevam Da Silva ,247,00:33:36,000-7273001,03:47:46
000-7273001,2026-09-30,10,TCX9E62D4,Gianmiller Moraes,165,01:07:59,000-7273001,03:47:46
000-7273001,2026-09-30,10,TCX9E62E5,Marcos Vinicio Alves Pessoa,66,00:39:42,000-7273001,03:47:46
000-7273001,2026-09-30,10,TCX9E62D5,Freelancer 04,17,00:04:22,000-7273001,03:47:46
000-7273001,2026-09-30,10,TCX9E62D2,Natan Silva Medeiros Júnior,217,00:47:20,000-7273001,03:47:46
000-7273001,2026-09-30,10,TCX9E62E1,Pedro Lucas Procópio dos Santos,84,00:14:04,000-7273001,03:47:46
000-7273001,2026-09-30,10,TCX9E62E2,Adilson José Gonçalves,31,00:07:23,000-7273001,03:47:46
000-7273001,2026-09-30,10,TCX9E62E4,Freelancer 04,73,00:07:20,000-7273001,03:47:46
000-7163001,2026-09-30,7,MQL5679D1,Freelancer 01,74,00:11:20,000-7163001,03:30:55
000-7163001,2026-09-30,7,MQL5679D2,Marcos Vinicio Alves Pessoa,234,00:59:21,000-7163001,03:30:55
000-7163001,2026-09-30,7,MQL5679E3,Paulo Rozani Lopes Da Silva,320,01:24:12,000-7163001,03:30:55
000-7163001,2026-09-30,7,MQL5679E1,Leonardo Caetano Rodrigues,45,00:11:01,000-7163001,03:30:55
000-7163001,2026-09-30,7,MQL5679E2,Geraldo Teixeira Baia Junior,49,00:28:47,000-7163001,03:30:55
000-7163001,2026-09-30,7,MQL5679D3,Adilson José Gonçalves,64,00:16:14,000-7163001,03:30:55
000-7373001,2026-09-30,7,KKJ5170E3,Leonardo Caetano Rodrigues,56,00:17:11,000-7373001,02:28:31
000-7373001,2026-09-30,7,KKJ5170D1,Freelancer 01,40,00:05:35,000-7373001,02:28:31
000-7373001,2026-09-30,7,KKJ5170D3,Freelancer 02,59,00:27:15,000-7373001,02:28:31
000-7373001,2026-09-30,7,KKJ5170E2,Natan Silva Medeiros Júnior,276,00:55:39,000-7373001,02:28:31
000-7373001,2026-09-30,7,KKJ5170D2,Adilson José Gonçalves,182,00:27:06,000-7373001,02:28:31
000-7373001,2026-09-30,7,KKJ5170E1,Freelancer 04,60,00:15:45,000-7373001,02:28:31
000-7163002,2026-09-30,7,MQL5679E3,Felipe Rogerio Estevam Da Silva ,121,00:22:04,000-7163002,01:16:05
000-7163002,2026-09-30,7,MQL5679D2,Leonardo Caetano Rodrigues,192,00:07:01,000-7163002,01:16:05
000-7163002,2026-09-30,7,MQL5679E2,Marcos Vinicio Alves Pessoa,48,00:26:21,000-7163002,01:16:05
000-7163002,2026-09-30,7,MQL5679D1,Adilson José Gonçalves,40,00:05:13,000-7163002,01:16:05
000-7163002,2026-09-30,7,MQL5679D3,Freelancer 02,39,00:11:33,000-7163002,01:16:05
000-7163002,2026-09-30,7,MQL5679E1,Adilson José Gonçalves,39,00:03:53,000-7163002,01:16:05
000-7263001,2026-09-30,7,TCL0I22E4,Leonardo Caetano Rodrigues,20,00:03:18,000-7263001,01:23:45
000-7263001,2026-09-30,7,TCL0I22E2,Natan Silva Medeiros Júnior,95,00:19:21,000-7263001,01:23:45
000-7263001,2026-09-30,7,TCL0I22E3,Gianmiller Moraes,47,00:12:02,000-7263001,01:23:45
000-7263001,2026-09-30,7,TCL0I22D4,Freelancer 01,66,00:17:11,000-7263001,01:23:45
000-7263001,2026-09-30,7,TCL0I22D5,Felipe Rogerio Estevam Da Silva ,32,00:09:05,000-7263001,01:23:45
000-7263001,2026-09-30,7,TCL0I22D3,Freelancer 04,89,00:15:35,000-7263001,01:23:45
000-7263001,2026-09-30,7,TCL0I22E5,Adilson José Gonçalves,27,00:07:13,000-7263001,01:23:45
000-7293001,2026-09-30,13,OWV5H27D3,Marcos Vinicio Alves Pessoa,16,00:09:12,000-7293001,02:14:38
000-7293001,2026-09-30,13,OWV5H27E2,Adilson José Gonçalves,121,00:14:04,000-7293001,02:14:38
000-7293001,2026-09-30,13,OWV5H27E1,Gianmiller Moraes,119,00:21:17,000-7293001,02:14:38
000-7293001,2026-09-30,13,OWV5H27D5,Freelancer 01,71,00:09:03,000-7293001,02:14:38
000-7293001,2026-09-30,13,OWV5H27E4,Natan Silva Medeiros Júnior,56,00:06:33,000-7293001,02:14:38
000-7293001,2026-09-30,13,OWV5H27E6,Gianmiller Moraes,9,00:04:16,000-7293001,02:14:38
000-7293001,2026-09-30,13,OWV5H27D4,Freelancer 01,68,00:23:59,000-7293001,02:14:38
000-7293001,2026-09-30,13,OWV5H27D1,Felipe Rogerio Estevam Da Silva ,47,00:08:13,000-7293001,02:14:38
000-7293001,2026-09-30,13,OWV5H27D6,Felipe Rogerio Estevam Da Silva ,36,00:05:06,000-7293001,02:14:38
000-7293001,2026-09-30,13,OWV5H27E3,Freelancer 02,64,00:14:34,000-7293001,02:14:38
000-7293001,2026-09-30,13,OWV5H27D2,Natan Silva Medeiros Júnior,46,00:07:50,000-7293001,02:14:38
000-7293001,2026-09-30,13,OWV5H27E5,Adilson José Gonçalves,67,00:10:31,000-7293001,02:14:38
000-7243001,2026-09-30,11,TCB7I34D3,Felipe Rogerio Estevam Da Silva ,224,00:44:28,000-7243001,03:57:48
000-7243001,2026-09-30,11,TCB7I34D5,Natan Silva Medeiros Júnior,90,00:31:17,000-7243001,03:57:48
000-7243001,2026-09-30,11,TCB7I34D2,Freelancer 02,150,00:17:39,000-7243001,03:57:48
000-7243001,2026-09-30,11,TCB7I34E4,Adilson José Gonçalves,299,00:32:25,000-7243001,03:57:48
000-7243001,2026-09-30,11,TCB7I34E1,Paulo Rozani Lopes Da Silva,84,00:09:43,000-7243001,03:57:48
000-7243001,2026-09-30,11,TCB7I34E3,Gianmiller Moraes,75,00:24:52,000-7243001,03:57:48
000-7243001,2026-09-30,11,TCB7I34D1,Freelancer 01,84,00:05:46,000-7243001,03:57:48
000-7243001,2026-09-30,11,TCB7I34E5,Freelancer 01,43,00:13:41,000-7243001,03:57:48
000-7243001,2026-09-30,11,TCB7I34E2,Marcos Vinicio Alves Pessoa,104,00:22:10,000-7243001,03:57:48
000-7243001,2026-09-30,11,TCB7I34D4,Leonardo Caetano Rodrigues,232,00:35:47,000-7243001,03:57:48
000-7343001,2026-09-30,6,TYE8D59E2,Leonardo Caetano Rodrigues,42,00:15:01,000-7343001,02:02:33
000-7343001,2026-09-30,6,TYE8D59E1,Freelancer 04,86,00:05:58,000-7343001,02:02:33
000-7343001,2026-09-30,6,TYE8D59D2,Gianmiller Moraes,175,00:59:05,000-7343001,02:02:33
000-7343001,2026-09-30,6,TYE8D59D3,Felipe Rogerio Estevam Da Silva ,265,00:42:29,000-7343001,02:02:33
000-7253001,2026-09-30,9,TCL0I17E4,Felipe Rogerio Estevam Da Silva ,32,00:09:48,000-7253001,03:47:17
000-7253001,2026-09-30,9,TCL0I17D3,Geraldo Teixeira Baia Junior,310,00:35:25,000-7253001,03:47:17
000-7253001,2026-09-30,9,TCL0I17E2,Freelancer 02,186,00:54:08,000-7253001,03:47:17
000-7253001,2026-09-30,9,TCL0I17D4,Marcos Vinicio Alves Pessoa,89,00:27:16,000-7253001,03:47:17
000-7253001,2026-09-30,9,TCL0I17E3,Paulo Rozani Lopes Da Silva,254,00:40:13,000-7253001,03:47:17
000-7253001,2026-09-30,9,TCL0I17D2,Freelancer 01,112,00:18:24,000-7253001,03:47:17
000-7253001,2026-09-30,9,TCL0I17E5,Leonardo Caetano Rodrigues,71,00:23:54,000-7253001,03:47:17
000-7253001,2026-09-30,9,TCL0I17D5,Adilson José Gonçalves,76,00:18:09,000-7253001,03:47:17
000-7133001,2026-09-30,7,JXS4C69E3,Felipe Rogerio Estevam Da Silva ,113,00:17:30,000-7133001,02:10:37
000-7133001,2026-09-30,7,JXS4C69D3,Freelancer 04,41,00:13:33,000-7133001,02:10:37
000-7133001,2026-09-30,7,JXS4C69D1,Natan Silva Medeiros Júnior,40,00:05:32,000-7133001,02:10:37
000-7133001,2026-09-30,7,JXS4C69D2,Adilson José Gonçalves,42,00:09:05,000-7133001,02:10:37
000-7133001,2026-09-30,7,JXS4C69E1,Freelancer 04,63,00:18:52,000-7133001,02:10:37
000-7133001,2026-09-30,7,JXS4C69E2,Marcos Vinicio Alves Pessoa,126,01:06:05,000-7133001,02:10:37
000-7303002,2026-09-30,9,OWV8A20E4,Pedro Lucas Procópio dos Santos,29,00:19:41,000-7303002,03:54:34
000-7303002,2026-09-30,9,OWV8A20E6,Paulo Rozani Lopes Da Silva,96,00:52:11,000-7303002,03:54:34
000-7303002,2026-09-30,9,OWV8A20E3,Leonardo Caetano Rodrigues,221,00:04:09,000-7303002,03:54:34
000-7303002,2026-09-30,9,OWV8A20D6,Freelancer 04,187,00:40:23,000-7303002,03:54:34
000-7303002,2026-09-30,9,OWV8A20D5,Adilson José Gonçalves,206,00:28:10,000-7303002,03:54:34
000-7303002,2026-09-30,9,OWV8A20D4,Freelancer 02,251,00:32:57,000-7303002,03:54:34
000-7303002,2026-09-30,9,OWV8A20D3,Felipe Rogerio Estevam Da Silva ,76,00:14:15,000-7303002,03:54:34
000-7303002,2026-09-30,9,OWV8A20E5,Paulo Rozani Lopes Da Silva,57,00:42:48,000-7303002,03:54:34
000-7153001,2026-09-30,7,MQU8E71E1,Adilson José Gonçalves,31,00:04:45,000-7153001,02:13:03
000-7153001,2026-09-30,7,MQU8E71E3,Natan Silva Medeiros Júnior,96,00:39:42,000-7153001,02:13:03
000-7153001,2026-09-30,7,MQU8E71E2,Felipe Rogerio Estevam Da Silva ,41,00:07:11,000-7153001,02:13:03
000-7153001,2026-09-30,7,MQU8E71D2,Freelancer 04,168,00:26:24,000-7153001,02:13:03
000-7153001,2026-09-30,7,MQU8E71D1,Marcos Vinicio Alves Pessoa,67,00:12:17,000-7153001,02:13:03
000-7153001,2026-09-30,7,MQU8E71D3,Leonardo Caetano Rodrigues,293,00:42:44,000-7153001,02:13:03
000-7123001,2026-09-30,7,DJB5C58D2,Gianmiller Moraes,204,00:53:19,000-7123001,04:30:42
000-7123001,2026-09-30,7,DJB5C58E1,Freelancer 04,69,00:58:23,000-7123001,04:30:42
000-7123001,2026-09-30,7,DJB5C58E3,Leonardo Caetano Rodrigues,113,01:35:24,000-7123001,04:30:42
000-7123001,2026-09-30,7,DJB5C58D3,Geraldo Teixeira Baia Junior,287,00:37:50,000-7123001,04:30:42
000-7123001,2026-09-30,7,DJB5C58E2,Freelancer 01,44,00:12:44,000-7123001,04:30:42
000-7123001,2026-09-30,7,DJB5C58D1,Freelancer 02,40,00:13:02,000-7123001,04:30:42
000-7313001,2026-09-30,2,PUX3771D6,Paulo Rozani Lopes Da Silva,230,00:32:17,000-7313001,00:42:17
000-7313001,2026-09-30,2,PUX3771E6,Geraldo Teixeira Baia Junior,72,00:10:00,000-7313001,00:42:17
000-7143001,2026-09-30,7,HAI2518E3,Adilson José Gonçalves,272,00:33:07,000-7143001,02:21:27
000-7143001,2026-09-30,7,HAI2518D2,Felipe Rogerio Estevam Da Silva ,121,00:23:43,000-7143001,02:21:27
000-7143001,2026-09-30,7,HAI2518E1,Paulo Rozani Lopes Da Silva,60,00:30:49,000-7143001,02:21:27
000-7143001,2026-09-30,7,HAI2518E2,Freelancer 02,108,00:33:30,000-7143001,02:21:27
000-7143001,2026-09-30,7,HAI2518D1,Natan Silva Medeiros Júnior,37,00:01:45,000-7143001,02:21:27
000-7143001,2026-09-30,7,HAI2518D3,Marcos Vinicio Alves Pessoa,40,00:18:33,000-7143001,02:21:27
000-7383001,2026-09-30,7,KKJ5250E3,Leonardo Caetano Rodrigues,31,00:06:31,000-7383001,02:26:50
000-7383001,2026-09-30,7,KKJ5250E2,Natan Silva Medeiros Júnior,184,00:39:40,000-7383001,02:26:50
000-7383001,2026-09-30,7,KKJ5250D1,Leonardo Caetano Rodrigues,172,00:04:37,000-7383001,02:26:50
000-7383001,2026-09-30,7,KKJ5250D2,Gianmiller Moraes,151,00:33:03,000-7383001,02:26:50
000-7383001,2026-09-30,7,KKJ5250D3,Marcos Vinicio Alves Pessoa,68,00:39:08,000-7383001,02:26:50
000-7383001,2026-09-30,7,KKJ5250E1,Adilson José Gonçalves,146,00:23:51,000-7383001,02:26:50
000-7183001,2026-09-30,6,RFP8G80D3,Adilson José Gonçalves,34,00:11:50,000-7183001,02:14:20
000-7183001,2026-09-30,6,RFP8G80E2,Pedro Lucas Procópio dos Santos,79,00:29:08,000-7183001,02:14:20
000-7183001,2026-09-30,6,RFP8G80E3,Felipe Rogerio Estevam Da Silva ,307,00:43:14,000-7183001,02:14:20
000-7183001,2026-09-30,6,RFP8G80D2,Paulo Rozani Lopes Da Silva,157,00:44:08,000-7183001,02:14:20
000-7183001,2026-09-30,6,RFP8G80E1,Freelancer 02,42,00:06:00,000-7183001,02:14:20
000-7173001,2026-09-30,6,HOB4C81E2,Natan Silva Medeiros Júnior,21,00:05:49,000-7173001,00:59:32
000-7173001,2026-09-30,6,HOB4C81D1,Adilson José Gonçalves,60,00:04:49,000-7173001,00:59:32
000-7173001,2026-09-30,6,HOB4C81D3,Gianmiller Moraes,63,00:23:22,000-7173001,00:59:32
000-7173001,2026-09-30,6,HOB4C81E3,Felipe Rogerio Estevam Da Silva ,32,00:15:28,000-7173001,00:59:32
000-7173001,2026-09-30,6,HOB4C81D2,Geraldo Teixeira Baia Junior,26,00:04:45,000-7173001,00:59:32
000-7173001,2026-09-30,6,HOB4C81E1,Adilson José Gonçalves,10,00:05:19,000-7173001,00:59:32
000-7413001,2026-09-30,7,OWQ4406E1,Marcos Vinicio Alves Pessoa,150,00:40:19,000-7413001,02:12:41
000-7413001,2026-09-30,7,OWQ4406D3,Freelancer 04,291,00:54:21,000-7413001,02:12:41
000-7413001,2026-09-30,7,OWQ4406D1,Felipe Rogerio Estevam Da Silva ,69,00:03:44,000-7413001,02:12:41
000-7413001,2026-09-30,7,OWQ4406D2,Freelancer 01,69,00:01:54,000-7413001,02:12:41
000-7413001,2026-09-30,7,OWQ4406E2,Freelancer 01,63,00:16:37,000-7413001,02:12:41
000-7413001,2026-09-30,7,OWQ4406E3,Leonardo Caetano Rodrigues,86,00:15:46,000-7413001,02:12:41
000-7130101,2026-10-01,7,JXS4C69D1,Marcos Vinicio Alves Pessoa,40,00:01:32,000-7130101,02:04:25
000-7130101,2026-10-01,7,JXS4C69E2,Felipe Rogerio Estevam Da Silva ,40,00:12:57,000-7130101,02:04:25
000-7130101,2026-10-01,7,JXS4C69D3,Freelancer 01,242,00:37:43,000-7130101,02:04:25
000-7130101,2026-10-01,7,JXS4C69E3,Freelancer 04,53,00:16:09,000-7130101,02:04:25
000-7130101,2026-10-01,7,JXS4C69D2,Geraldo Teixeira Baia Junior,132,00:40:39,000-7130101,02:04:25
000-7130101,2026-10-01,7,JXS4C69E1,Felipe Rogerio Estevam Da Silva ,69,00:15:25,000-7130101,02:04:25
000-7230101,2026-10-01,11,TCB7H85D1,Geraldo Teixeira Baia Junior,170,00:24:34,000-7230101,01:51:01
000-7230101,2026-10-01,11,TCB7H85E2,Adilson José Gonçalves,32,00:08:15,000-7230101,01:51:01
000-7230101,2026-10-01,11,TCB7H85E3,Marcos Vinicio Alves Pessoa,103,00:20:19,000-7230101,01:51:01
000-7230101,2026-10-01,11,TCB7H85D5,Freelancer 02,38,00:08:20,000-7230101,01:51:01
000-7230101,2026-10-01,11,TCB7H85D4,Freelancer 01,91,00:09:01,000-7230101,01:51:01
000-7230101,2026-10-01,11,TCB7H85E4,Felipe Rogerio Estevam Da Silva ,77,00:09:42,000-7230101,01:51:01
000-7230101,2026-10-01,11,TCB7H85E1,Freelancer 04,53,00:15:06,000-7230101,01:51:01
000-7230101,2026-10-01,11,TCB7H85D2,Freelancer 01,30,00:04:06,000-7230101,01:51:01
000-7230101,2026-10-01,11,TCB7H85D3,Freelancer 01,20,00:05:21,000-7230101,01:51:01
000-7230101,2026-10-01,11,TCB7H85E5,Felipe Rogerio Estevam Da Silva ,21,00:06:17,000-7230101,01:51:01
000-7240101,2026-10-01,7,TCB7I34D3,Marcos Vinicio Alves Pessoa,60,00:22:19,000-7240101,01:17:35
000-7240101,2026-10-01,7,TCB7I34D1,Natan Silva Medeiros Júnior,76,00:08:18,000-7240101,01:17:35
000-7240101,2026-10-01,7,TCB7I34E1,Adilson José Gonçalves,152,00:20:27,000-7240101,01:17:35
000-7240101,2026-10-01,7,TCB7I34E3,Felipe Rogerio Estevam Da Silva ,113,00:12:56,000-7240101,01:17:35
000-7240101,2026-10-01,7,TCB7I34E2,Gianmiller Moraes,22,00:10:25,000-7240101,01:17:35
000-7240101,2026-10-01,7,TCB7I34D2,Freelancer 01,18,00:03:10,000-7240101,01:17:35
000-7290101,2026-10-01,11,OWV5H27D3,Felipe Rogerio Estevam Da Silva ,54,00:09:44,000-7290101,03:56:07
000-7290101,2026-10-01,11,OWV5H27E3,Freelancer 04,153,00:21:27,000-7290101,03:56:07
000-7290101,2026-10-01,11,OWV5H27E6,Freelancer 02,209,00:38:22,000-7290101,03:56:07
000-7290101,2026-10-01,11,OWV5H27E5,Freelancer 01,123,00:16:12,000-7290101,03:56:07
000-7290101,2026-10-01,11,OWV5H27D4,Gianmiller Moraes,284,00:50:38,000-7290101,03:56:07
000-7290101,2026-10-01,11,OWV5H27D2,Natan Silva Medeiros Júnior,290,00:54:53,000-7290101,03:56:07
000-7290101,2026-10-01,11,OWV5H27E4,Marcos Vinicio Alves Pessoa,26,00:05:56,000-7290101,03:56:07
000-7290101,2026-10-01,11,OWV5H27D6,Adilson José Gonçalves,30,00:08:03,000-7290101,03:56:07
000-7290101,2026-10-01,11,OWV5H27E2,Leonardo Caetano Rodrigues,263,00:14:18,000-7290101,03:56:07
000-7290101,2026-10-01,11,OWV5H27D5,Geraldo Teixeira Baia Junior,39,00:16:34,000-7290101,03:56:07
000-7190101,2026-10-01,7,KZX0905E4,Freelancer 02,121,00:36:37,000-7190101,01:44:20
000-7190101,2026-10-01,7,KZX0905D3,Pedro Lucas Procópio dos Santos,31,00:09:43,000-7190101,01:44:20
000-7190101,2026-10-01,7,KZX0905D4,Pedro Lucas Procópio dos Santos,39,00:11:00,000-7190101,01:44:20
000-7190101,2026-10-01,7,KZX0905E3,Felipe Rogerio Estevam Da Silva ,168,00:27:08,000-7190101,01:44:20
000-7190101,2026-10-01,7,KZX0905D2,Freelancer 01,37,00:06:24,000-7190101,01:44:20
000-7190101,2026-10-01,7,KZX0905E2,Pedro Lucas Procópio dos Santos,80,00:13:28,000-7190101,01:44:20
000-7140101,2026-10-01,7,HAI2518E1,Marcos Vinicio Alves Pessoa,69,00:19:56,000-7140101,03:08:03
000-7140101,2026-10-01,7,HAI2518E2,Leonardo Caetano Rodrigues,95,00:30:41,000-7140101,03:08:03
000-7140101,2026-10-01,7,HAI2518D1,Natan Silva Medeiros Júnior,42,00:07:53,000-7140101,03:08:03
000-7140101,2026-10-01,7,HAI2518D2,Gianmiller Moraes,235,00:54:00,000-7140101,03:08:03
000-7140101,2026-10-01,7,HAI2518D3,Freelancer 04,269,00:59:55,000-7140101,03:08:03
000-7140101,2026-10-01,7,HAI2518E3,Freelancer 01,41,00:15:38,000-7140101,03:08:03
000-7360101,2026-10-01,6,GLK6286E3,Gianmiller Moraes,177,00:46:45,000-7360101,02:20:42
000-7360101,2026-10-01,6,GLK6286D2,Pedro Lucas Procópio dos Santos,42,00:07:33,000-7360101,02:20:42
000-7360101,2026-10-01,6,GLK6286D1,Felipe Rogerio Estevam Da Silva ,212,00:17:54,000-7360101,02:20:42
000-7360101,2026-10-01,6,GLK6286E1,Leonardo Caetano Rodrigues,276,00:21:41,000-7360101,02:20:42
000-7360101,2026-10-01,6,GLK6286E2,Pedro Lucas Procópio dos Santos,47,00:14:13,000-7360101,02:20:42
000-7360101,2026-10-01,6,GLK6286D3,Freelancer 01,296,00:32:36,000-7360101,02:20:42
000-7120101,2026-10-01,7,DJB5C58E2,Gianmiller Moraes,62,00:25:31,000-7120101,03:24:44
000-7120101,2026-10-01,7,DJB5C58E1,Freelancer 04,275,00:18:56,000-7120101,03:24:44
000-7120101,2026-10-01,7,DJB5C58D3,Adilson José Gonçalves,311,00:49:53,000-7120101,03:24:44
000-7120101,2026-10-01,7,DJB5C58D1,Natan Silva Medeiros Júnior,234,00:37:27,000-7120101,03:24:44
000-7120101,2026-10-01,7,DJB5C58D2,Leonardo Caetano Rodrigues,77,00:18:39,000-7120101,03:24:44
000-7120101,2026-10-01,7,DJB5C58E3,Freelancer 02,185,00:54:18,000-7120101,03:24:44
000-7150101,2026-10-01,7,MQU8E71E2,Adilson José Gonçalves,192,00:32:42,000-7150101,04:04:56
000-7150101,2026-10-01,7,MQU8E71E1,Natan Silva Medeiros Júnior,89,01:56:04,000-7150101,04:04:56
000-7150101,2026-10-01,7,MQU8E71D2,Felipe Rogerio Estevam Da Silva ,203,00:37:29,000-7150101,04:04:56
000-7150101,2026-10-01,7,MQU8E71D1,Freelancer 02,46,00:11:26,000-7150101,04:04:56
000-7150101,2026-10-01,7,MQU8E71E3,Freelancer 01,39,00:13:31,000-7150101,04:04:56
000-7150101,2026-10-01,7,MQU8E71D3,Geraldo Teixeira Baia Junior,144,00:33:44,000-7150101,04:04:56
000-7170101,2026-10-01,7,HOB4C81D1,Freelancer 01,40,00:07:32,000-7170101,01:52:28
000-7170101,2026-10-01,7,HOB4C81D2,Adilson José Gonçalves,82,00:20:53,000-7170101,01:52:28
000-7170101,2026-10-01,7,HOB4C81E3,Leonardo Caetano Rodrigues,151,00:32:22,000-7170101,01:52:28
000-7170101,2026-10-01,7,HOB4C81E1,Gianmiller Moraes,60,00:13:03,000-7170101,01:52:28
000-7170101,2026-10-01,7,HOB4C81D3,Freelancer 02,64,00:23:16,000-7170101,01:52:28
000-7170101,2026-10-01,7,HOB4C81E2,Natan Silva Medeiros Júnior,38,00:15:22,000-7170101,01:52:28
000-7250101,2026-10-01,8,TCL0I17E1,Freelancer 04,132,00:16:58,000-7250101,01:18:10
000-7250101,2026-10-01,8,TCL0I17D2,Geraldo Teixeira Baia Junior,139,00:17:37,000-7250101,01:18:10
000-7250101,2026-10-01,8,TCL0I17D4,Leonardo Caetano Rodrigues,41,00:09:19,000-7250101,01:18:10
000-7250101,2026-10-01,8,TCL0I17E2,Freelancer 01,75,00:14:47,000-7250101,01:18:10
000-7250101,2026-10-01,8,TCL0I17D3,Felipe Rogerio Estevam Da Silva ,41,00:08:23,000-7250101,01:18:10
000-7250101,2026-10-01,8,TCL0I17E3,Freelancer 02,65,00:10:29,000-7250101,01:18:10
000-7250101,2026-10-01,8,TCL0I17D1,Leonardo Caetano Rodrigues,29,00:00:37,000-7250101,01:18:10
000-7410101,2026-10-01,7,OWQ4406D2,Felipe Rogerio Estevam Da Silva ,150,00:23:36,000-7410101,01:27:11
000-7410101,2026-10-01,7,OWQ4406D3,Leonardo Caetano Rodrigues,47,00:12:26,000-7410101,01:27:11
000-7410101,2026-10-01,7,OWQ4406E1,Freelancer 04,35,00:04:16,000-7410101,01:27:11
000-7410101,2026-10-01,7,OWQ4406D1,Marcos Vinicio Alves Pessoa,68,00:06:11,000-7410101,01:27:11
000-7410101,2026-10-01,7,OWQ4406E2,Adilson José Gonçalves,224,00:28:14,000-7410101,01:27:11
000-7410101,2026-10-01,7,OWQ4406E3,Freelancer 01,46,00:12:28,000-7410101,01:27:11
000-7380101,2026-10-01,7,KKJ5250E2,Marcos Vinicio Alves Pessoa,328,01:40:26,000-7380101,03:38:04
000-7380101,2026-10-01,7,KKJ5250E1,Freelancer 01,68,00:13:23,000-7380101,03:38:04
000-7380101,2026-10-01,7,KKJ5250D3,Leonardo Caetano Rodrigues,62,00:14:34,000-7380101,03:38:04
000-7380101,2026-10-01,7,KKJ5250D2,Adilson José Gonçalves,196,00:46:49,000-7380101,03:38:04
000-7380101,2026-10-01,7,KKJ5250E3,Natan Silva Medeiros Júnior,38,00:21:26,000-7380101,03:38:04
000-7380101,2026-10-01,7,KKJ5250D1,Gianmiller Moraes,60,00:21:26,000-7380101,03:38:04
000-7180101,2026-10-01,6,RFP8G80D3,Marcos Vinicio Alves Pessoa,185,00:52:08,000-7180101,03:08:02
000-7180101,2026-10-01,6,RFP8G80D2,Freelancer 01,176,00:42:44,000-7180101,03:08:02
000-7180101,2026-10-01,6,RFP8G80E3,Leonardo Caetano Rodrigues,30,01:08:38,000-7180101,03:08:02
000-7180101,2026-10-01,6,RFP8G80E1,Leonardo Caetano Rodrigues,50,00:09:07,000-7180101,03:08:02
000-7180101,2026-10-01,6,RFP8G80E2,Freelancer 02,41,00:15:25,000-7180101,03:08:02
000-7340101,2026-10-01,7,TYE8D59D2,Freelancer 01,46,00:05:40,000-7340101,02:19:38
000-7340101,2026-10-01,7,TYE8D59D3,Marcos Vinicio Alves Pessoa,176,00:51:48,000-7340101,02:19:38
000-7340101,2026-10-01,7,TYE8D59E2,Felipe Rogerio Estevam Da Silva ,321,00:33:35,000-7340101,02:19:38
000-7340101,2026-10-01,7,TYE8D59E1,Freelancer 04,71,00:10:44,000-7340101,02:19:38
000-7340101,2026-10-01,7,TYE8D59D1,Geraldo Teixeira Baia Junior,86,00:20:53,000-7340101,02:19:38
000-7340101,2026-10-01,7,TYE8D59E3,Freelancer 01,30,00:16:58,000-7340101,02:19:38
000-7300201,2026-10-02,9,OWV8A20E4,Gianmiller Moraes,202,01:17:34,000-7300201,03:42:00
000-7300201,2026-10-02,9,OWV8A20E2,Freelancer 02,311,00:35:57,000-7300201,03:42:00
000-7300201,2026-10-02,9,OWV8A20D2,Felipe Rogerio Estevam Da Silva ,76,00:24:04,000-7300201,03:42:00
000-7300201,2026-10-02,9,OWV8A20D3,Freelancer 04,151,00:24:55,000-7300201,03:42:00
000-7300201,2026-10-02,9,OWV8A20D4,Pedro Lucas Procópio dos Santos,13,00:05:01,000-7300201,03:42:00
000-7300201,2026-10-02,9,OWV8A20E5,Leonardo Caetano Rodrigues,73,00:23:12,000-7300201,03:42:00
000-7300201,2026-10-02,9,OWV8A20E3,Pedro Lucas Procópio dos Santos,24,00:24:05,000-7300201,03:42:00
000-7300201,2026-10-02,9,OWV8A20D5,Natan Silva Medeiros Júnior,17,00:07:12,000-7300201,03:42:00
000-7260201,2026-10-02,4,TCL0I22D2,Paulo Rozani Lopes Da Silva,293,00:44:42,000-7260201,01:06:00
000-7260201,2026-10-02,4,TCL0I22E1,Denilton Batista Dos Santos,60,00:07:43,000-7260201,01:06:00
000-7260201,2026-10-02,4,TCL0I22E2,Freelancer 03,2,00:03:40,000-7260201,01:06:00
000-7260201,2026-10-02,4,TCL0I22D3,Felipe Rogerio Estevam Da Silva ,70,00:09:55,000-7260201,01:06:00
000-7880202,2026-10-02,2,PICK-UPD1,Natan Silva Medeiros Júnior,172,01:14:39,000-7880202,01:14:39
000-7240201,2026-10-02,9,TCB7I34E5,Leonardo Caetano Rodrigues,90,00:09:06,000-7240201,02:27:36
000-7240201,2026-10-02,9,TCB7I34D5,Marcos Vinicio Alves Pessoa,88,00:25:12,000-7240201,02:27:36
000-7240201,2026-10-02,9,TCB7I34E4,Freelancer 03,114,00:20:58,000-7240201,02:27:36
000-7240201,2026-10-02,9,TCB7I34D3,Freelancer 04,97,00:30:04,000-7240201,02:27:36
000-7240201,2026-10-02,9,TCB7I34D2,Felipe Rogerio Estevam Da Silva ,72,00:11:24,000-7240201,02:27:36
000-7240201,2026-10-02,9,TCB7I34E1,Denilton Batista Dos Santos,74,00:18:25,000-7240201,02:27:36
000-7240201,2026-10-02,9,TCB7I34E3,Paulo Rozani Lopes Da Silva,27,00:16:03,000-7240201,02:27:36
000-7240201,2026-10-02,9,TCB7I34E2,Natan Silva Medeiros Júnior,24,00:08:43,000-7240201,02:27:36
000-7240201,2026-10-02,9,TCB7I34D4,Freelancer 01,36,00:07:41,000-7240201,02:27:36
000-7880201,2026-10-02,1,PICK-UPD1,Marcos Vinicio Alves Pessoa,15,00:08:21,000-7880201,00:08:21
000-7120201,2026-10-02,7,DJB5C58E1,Geraldo Teixeira Baia Junior,69,00:15:23,000-7120201,02:09:07
000-7120201,2026-10-02,7,DJB5C58E3,Leonardo Caetano Rodrigues,41,00:11:44,000-7120201,02:09:07
000-7120201,2026-10-02,7,DJB5C58D1,Denilton Batista Dos Santos,52,00:18:26,000-7120201,02:09:07
000-7120201,2026-10-02,7,DJB5C58E2,Natan Silva Medeiros Júnior,180,00:43:21,000-7120201,02:09:07
000-7120201,2026-10-02,7,DJB5C58D2,Freelancer 01,98,00:21:10,000-7120201,02:09:07
000-7120201,2026-10-02,7,DJB5C58D3,Adilson José Gonçalves,55,00:19:03,000-7120201,02:09:07
000-7180201,2026-10-02,6,RFP8G80E1,Freelancer 02,75,00:23:59,000-7180201,02:19:27
000-7180201,2026-10-02,6,RFP8G80D2,Freelancer 01,160,00:44:59,000-7180201,02:19:27
000-7180201,2026-10-02,6,RFP8G80E3,Adilson José Gonçalves,50,00:10:38,000-7180201,02:19:27
000-7180201,2026-10-02,6,RFP8G80D3,Natan Silva Medeiros Júnior,173,00:43:44,000-7180201,02:19:27
000-7180201,2026-10-02,6,RFP8G80E2,Denilton Batista Dos Santos,29,00:16:07,000-7180201,02:19:27
000-7260202,2026-10-02,4,TCL0I22E1,Adilson José Gonçalves,62,00:06:53,000-7260202,00:38:52
000-7260202,2026-10-02,4,TCL0I22E2,Freelancer 04,52,00:08:58,000-7260202,00:38:52
000-7260202,2026-10-02,4,TCL0I22D2,Freelancer 02,110,00:13:09,000-7260202,00:38:52
000-7260202,2026-10-02,4,TCL0I22D3,Freelancer 03,47,00:09:52,000-7260202,00:38:52
000-7140201,2026-10-02,7,HAI2518D2,Freelancer 03,160,00:47:41,000-7140201,03:10:20
000-7140201,2026-10-02,7,HAI2518E2,Leonardo Caetano Rodrigues,217,00:42:06,000-7140201,03:10:20
000-7140201,2026-10-02,7,HAI2518D3,Denilton Batista Dos Santos,62,00:38:27,000-7140201,03:10:20
000-7140201,2026-10-02,7,HAI2518E1,Freelancer 02,63,00:36:21,000-7140201,03:10:20
000-7140201,2026-10-02,7,HAI2518D1,Geraldo Teixeira Baia Junior,50,00:11:20,000-7140201,03:10:20
000-7140201,2026-10-02,7,HAI2518E3,Adilson José Gonçalves,42,00:14:25,000-7140201,03:10:20
000-7410201,2026-10-02,7,OWQ4406E2,Adilson José Gonçalves,42,00:10:14,000-7410201,01:12:50
000-7410201,2026-10-02,7,OWQ4406E1,Marcos Vinicio Alves Pessoa,94,00:19:05,000-7410201,01:12:50
000-7410201,2026-10-02,7,OWQ4406E3,Felipe Rogerio Estevam Da Silva ,31,00:11:25,000-7410201,01:12:50
000-7410201,2026-10-02,7,OWQ4406D2,Leonardo Caetano Rodrigues,64,00:13:34,000-7410201,01:12:50
000-7410201,2026-10-02,7,OWQ4406D1,Denilton Batista Dos Santos,61,00:15:04,000-7410201,01:12:50
000-7410201,2026-10-02,7,OWQ4406D3,Freelancer 01,8,00:03:28,000-7410201,01:12:50
000-7250201,2026-10-02,9,TCL0I17D2,Adilson José Gonçalves,48,00:11:08,000-7250201,03:01:17
000-7250201,2026-10-02,9,TCL0I17D3,Freelancer 02,28,00:09:42,000-7250201,03:01:17
000-7250201,2026-10-02,9,TCL0I17D4,Felipe Rogerio Estevam Da Silva ,36,00:07:18,000-7250201,03:01:17
000-7250201,2026-10-02,9,TCL0I17E2,Freelancer 01,158,00:23:49,000-7250201,03:01:17
000-7250201,2026-10-02,9,TCL0I17D5,Geraldo Teixeira Baia Junior,177,00:38:12,000-7250201,03:01:17
000-7250201,2026-10-02,9,TCL0I17E3,Gianmiller Moraes,206,00:54:48,000-7250201,03:01:17
000-7250201,2026-10-02,9,TCL0I17E5,Natan Silva Medeiros Júnior,60,00:22:18,000-7250201,03:01:17
000-7250201,2026-10-02,9,TCL0I17E4,Leonardo Caetano Rodrigues,67,00:14:02,000-7250201,03:01:17
000-7150201,2026-10-02,7,MQU8E71E2,Felipe Rogerio Estevam Da Silva ,53,00:36:10,000-7150201,02:34:34
000-7150201,2026-10-02,7,MQU8E71D3,Freelancer 01,134,00:27:50,000-7150201,02:34:34
000-7150201,2026-10-02,7,MQU8E71D2,Freelancer 04,152,00:51:43,000-7150201,02:34:34
000-7150201,2026-10-02,7,MQU8E71E1,Geraldo Teixeira Baia Junior,60,00:19:51,000-7150201,02:34:34
000-7150201,2026-10-02,7,MQU8E71D1,Adilson José Gonçalves,40,00:03:03,000-7150201,02:34:34
000-7150201,2026-10-02,7,MQU8E71E3,Adilson José Gonçalves,32,00:15:57,000-7150201,02:34:34
000-7190201,2026-10-02,7,KZX0905D4,Freelancer 03,89,00:29:57,000-7190201,03:14:20
000-7190201,2026-10-02,7,KZX0905D3,Leonardo Caetano Rodrigues,146,00:49:33,000-7190201,03:14:20
000-7190201,2026-10-02,7,KZX0905E3,Geraldo Teixeira Baia Junior,122,00:34:54,000-7190201,03:14:20
000-7190201,2026-10-02,7,KZX0905E2,Gianmiller Moraes,70,00:47:52,000-7190201,03:14:20
000-7190201,2026-10-02,7,KZX0905E4,Freelancer 04,35,00:18:53,000-7190201,03:14:20
000-7190201,2026-10-02,7,KZX0905D2,Felipe Rogerio Estevam Da Silva ,50,00:13:11,000-7190201,03:14:20
000-7130201,2026-10-02,7,JXS4C69D3,Freelancer 04,43,00:11:01,000-7130201,04:45:16
000-7130201,2026-10-02,7,JXS4C69E2,Marcos Vinicio Alves Pessoa,236,01:26:48,000-7130201,04:45:16
000-7130201,2026-10-02,7,JXS4C69D2,Paulo Rozani Lopes Da Silva,211,01:12:24,000-7130201,04:45:16
000-7130201,2026-10-02,7,JXS4C69E3,Gianmiller Moraes,73,01:09:06,000-7130201,04:45:16
000-7130201,2026-10-02,7,JXS4C69D1,Felipe Rogerio Estevam Da Silva ,100,00:32:52,000-7130201,04:45:16
000-7130201,2026-10-02,7,JXS4C69E1,Freelancer 02,50,00:13:05,000-7130201,04:45:16
000-7380201,2026-10-02,7,KKJ5250D1,Geraldo Teixeira Baia Junior,49,00:16:19,000-7380201,03:28:47
000-7380201,2026-10-02,7,KKJ5250E1,Marcos Vinicio Alves Pessoa,55,00:29:25,000-7380201,03:28:47
000-7380201,2026-10-02,7,KKJ5250D3,Freelancer 02,311,00:51:46,000-7380201,03:28:47
000-7380201,2026-10-02,7,KKJ5250E2,Felipe Rogerio Estevam Da Silva ,109,01:22:38,000-7380201,03:28:47
000-7380201,2026-10-02,7,KKJ5250D2,Freelancer 01,50,00:15:46,000-7380201,03:28:47
000-7380201,2026-10-02,7,KKJ5250E3,Freelancer 04,38,00:12:53,000-7380201,03:28:47
000-7250202,2026-10-02,9,TCL0I17D3,Freelancer 01,300,00:24:23,000-7250202,02:55:38
000-7250202,2026-10-02,9,TCL0I17E3,Felipe Rogerio Estevam Da Silva ,94,00:24:16,000-7250202,02:55:38
000-7250202,2026-10-02,9,TCL0I17D5,Freelancer 04,32,00:05:49,000-7250202,02:55:38
000-7250202,2026-10-02,9,TCL0I17E5,Leonardo Caetano Rodrigues,138,00:34:10,000-7250202,02:55:38
000-7250202,2026-10-02,9,TCL0I17D2,Freelancer 02,75,00:17:49,000-7250202,02:55:38
000-7250202,2026-10-02,9,TCL0I17E4,Freelancer 04,25,00:03:28,000-7250202,02:55:38
000-7250202,2026-10-02,9,TCL0I17D4,Marcos Vinicio Alves Pessoa,146,00:44:01,000-7250202,02:55:38
000-7250202,2026-10-02,9,TCL0I17E2,Freelancer 04,275,00:21:42,000-7250202,02:55:38
000-7410202,2026-10-02,7,OWQ4406E3,Leonardo Caetano Rodrigues,68,00:17:56,000-7410202,02:26:02
000-7410202,2026-10-02,7,OWQ4406D1,Marcos Vinicio Alves Pessoa,60,00:09:50,000-7410202,02:26:02
000-7410202,2026-10-02,7,OWQ4406D2,Gianmiller Moraes,42,00:27:20,000-7410202,02:26:02
000-7410202,2026-10-02,7,OWQ4406D3,Freelancer 01,273,00:38:51,000-7410202,02:26:02
000-7410202,2026-10-02,7,OWQ4406E2,Freelancer 04,31,00:09:27,000-7410202,02:26:02
000-7410202,2026-10-02,7,OWQ4406E1,Freelancer 03,189,00:42:38,000-7410202,02:26:02
000-7220201,2026-10-02,8,LNK6G50E4,Marcos Vinicio Alves Pessoa,16,00:06:31,000-7220201,00:59:47
000-7220201,2026-10-02,8,LNK6G50D3,Freelancer 04,14,00:03:52,000-7220201,00:59:47
000-7220201,2026-10-02,8,LNK6G50E3,Leonardo Caetano Rodrigues,26,00:09:58,000-7220201,00:59:47
000-7220201,2026-10-02,8,LNK6G50D4,Freelancer 01,19,00:05:42,000-7220201,00:59:47
000-7220201,2026-10-02,8,LNK6G50D2,Freelancer 04,22,00:02:32,000-7220201,00:59:47
000-7220201,2026-10-02,8,LNK6G50E2,Freelancer 03,58,00:10:15,000-7220201,00:59:47
000-7220201,2026-10-02,8,LNK6G50E1,Natan Silva Medeiros Júnior,110,00:20:57,000-7220201,00:59:47
000-7160501,2026-10-05,7,MQL5679D3,Freelancer 02,320,01:31:09,000-7160501,04:35:15
000-7160501,2026-10-05,7,MQL5679D2,Leonardo Caetano Rodrigues,89,00:12:44,000-7160501,04:35:15
000-7160501,2026-10-05,7,MQL5679E3,Denilton Batista Dos Santos,98,01:09:28,000-7160501,04:35:15
000-7160501,2026-10-05,7,MQL5679D1,Felipe Rogerio Estevam Da Silva ,236,00:24:14,000-7160501,04:35:15
000-7160501,2026-10-05,7,MQL5679E1,Paulo Rozani Lopes Da Silva,256,00:40:15,000-7160501,04:35:15
000-7160501,2026-10-05,7,MQL5679E2,Adilson José Gonçalves,274,00:37:25,000-7160501,04:35:15
000-7240501,2026-10-05,11,TCB7I34D1,Paulo Rozani Lopes Da Silva,31,00:14:25,000-7240501,01:43:46
000-7240501,2026-10-05,11,TCB7I34E5,Felipe Rogerio Estevam Da Silva ,59,00:04:03,000-7240501,01:43:46
000-7240501,2026-10-05,11,TCB7I34E4,Adilson José Gonçalves,57,00:05:53,000-7240501,01:43:46
000-7240501,2026-10-05,11,TCB7I34D2,Leonardo Caetano Rodrigues,78,00:11:17,000-7240501,01:43:46
000-7240501,2026-10-05,11,TCB7I34D4,Natan Silva Medeiros Júnior,82,00:19:35,000-7240501,01:43:46
000-7240501,2026-10-05,11,TCB7I34E2,Freelancer 02,51,00:14:49,000-7240501,01:43:46
000-7240501,2026-10-05,11,TCB7I34E1,Denilton Batista Dos Santos,23,00:07:10,000-7240501,01:43:46
000-7240501,2026-10-05,11,TCB7I34E3,Gianmiller Moraes,27,00:11:36,000-7240501,01:43:46
000-7240501,2026-10-05,11,TCB7I34D5,Marcos Vinicio Alves Pessoa,23,00:09:36,000-7240501,01:43:46
000-7240501,2026-10-05,11,TCB7I34D3,Felipe Rogerio Estevam Da Silva ,18,00:05:22,000-7240501,01:43:46
000-7290501,2026-10-05,13,OWV5H27E1,Paulo Rozani Lopes Da Silva,223,00:48:09,000-7290501,04:28:04
000-7290501,2026-10-05,13,OWV5H27E4,Gianmiller Moraes,218,00:54:21,000-7290501,04:28:04
000-7290501,2026-10-05,13,OWV5H27D6,Natan Silva Medeiros Júnior,118,00:27:19,000-7290501,04:28:04
000-7290501,2026-10-05,13,OWV5H27D4,Marcos Vinicio Alves Pessoa,117,00:16:29,000-7290501,04:28:04
000-7290501,2026-10-05,13,OWV5H27E3,Felipe Rogerio Estevam Da Silva ,109,00:18:34,000-7290501,04:28:04
000-7290501,2026-10-05,13,OWV5H27E6,Leonardo Caetano Rodrigues,24,00:11:22,000-7290501,04:28:04
000-7290501,2026-10-05,13,OWV5H27D1,Leonardo Caetano Rodrigues,101,00:18:30,000-7290501,04:28:04
000-7290501,2026-10-05,13,OWV5H27E5,Marcos Vinicio Alves Pessoa,79,00:14:49,000-7290501,04:28:04
000-7290501,2026-10-05,13,OWV5H27D2,Freelancer 02,42,00:08:32,000-7290501,04:28:04
000-7290501,2026-10-05,13,OWV5H27D3,Felipe Rogerio Estevam Da Silva ,73,00:13:06,000-7290501,04:28:04
000-7290501,2026-10-05,13,OWV5H27D5,Adilson José Gonçalves,67,00:04:48,000-7290501,04:28:04
000-7290501,2026-10-05,13,OWV5H27E2,Freelancer 02,241,00:32:05,000-7290501,04:28:04
000-7320501,2026-10-05,13,QXO9C83E3,Adilson José Gonçalves,266,00:34:10,000-7320501,06:57:58
000-7320501,2026-10-05,13,QXO9C83D6,Marcos Vinicio Alves Pessoa,141,00:46:40,000-7320501,06:57:58
000-7320501,2026-10-05,13,QXO9C83D5,Gianmiller Moraes,44,00:22:07,000-7320501,06:57:58
000-7320501,2026-10-05,13,QXO9C83D3,Freelancer 02,260,00:49:17,000-7320501,06:57:58
000-7320501,2026-10-05,13,QXO9C83D2,Gianmiller Moraes,84,00:12:32,000-7320501,06:57:58
000-7320501,2026-10-05,13,QXO9C83D1,Leonardo Caetano Rodrigues,129,00:21:27,000-7320501,06:57:58
000-7320501,2026-10-05,13,QXO9C83E6,Felipe Rogerio Estevam Da Silva ,232,00:31:46,000-7320501,06:57:58
000-7320501,2026-10-05,13,QXO9C83E2,Paulo Rozani Lopes Da Silva,93,00:42:28,000-7320501,06:57:58
000-7320501,2026-10-05,13,QXO9C83E1,Leonardo Caetano Rodrigues,84,00:08:28,000-7320501,06:57:58
000-7320501,2026-10-05,13,QXO9C83E4,Natan Silva Medeiros Júnior,347,01:11:31,000-7320501,06:57:58
000-7320501,2026-10-05,13,QXO9C83E5,Denilton Batista Dos Santos,378,01:03:53,000-7320501,06:57:58
000-7320501,2026-10-05,13,QXO9C83D4,Felipe Rogerio Estevam Da Silva ,49,00:13:39,000-7320501,06:57:58
000-7180501,2026-10-05,7,RFP8G80D3,Natan Silva Medeiros Júnior,397,01:10:50,000-7180501,04:09:01
000-7180501,2026-10-05,7,RFP8G80E2,Pedro Lucas Procópio dos Santos,66,00:44:56,000-7180501,04:09:01
000-7180501,2026-10-05,7,RFP8G80D1,Gianmiller Moraes,266,00:28:58,000-7180501,04:09:01
000-7180501,2026-10-05,7,RFP8G80E1,Leonardo Caetano Rodrigues,217,00:56:23,000-7180501,04:09:01
000-7180501,2026-10-05,7,RFP8G80D2,Pedro Lucas Procópio dos Santos,44,00:22:04,000-7180501,04:09:01
000-7180501,2026-10-05,7,RFP8G80E3,Felipe Rogerio Estevam Da Silva ,148,00:25:50,000-7180501,04:09:01
000-7120501,2026-10-05,7,DJB5C58D1,Natan Silva Medeiros Júnior,271,00:27:29,000-7120501,04:17:34
000-7120501,2026-10-05,7,DJB5C58E1,Paulo Rozani Lopes Da Silva,198,01:03:12,000-7120501,04:17:34
000-7120501,2026-10-05,7,DJB5C58E3,Leonardo Caetano Rodrigues,46,00:09:56,000-7120501,04:17:34
000-7120501,2026-10-05,7,DJB5C58D2,Gianmiller Moraes,348,01:13:24,000-7120501,04:17:34
000-7120501,2026-10-05,7,DJB5C58E2,Felipe Rogerio Estevam Da Silva ,207,00:34:04,000-7120501,04:17:34
000-7120501,2026-10-05,7,DJB5C58D3,Freelancer 02,159,00:49:29,000-7120501,04:17:34
000-7250501,2026-10-05,5,TCL0I17E4,Leonardo Caetano Rodrigues,69,00:15:21,000-7250501,02:00:03
000-7250501,2026-10-05,5,TCL0I17D4,Marcos Vinicio Alves Pessoa,48,00:11:34,000-7250501,02:00:03
000-7250501,2026-10-05,5,TCL0I17D5,Adilson José Gonçalves,289,00:39:41,000-7250501,02:00:03
000-7250501,2026-10-05,5,TCL0I17E3,Denilton Batista Dos Santos,76,00:38:41,000-7250501,02:00:03
000-7250501,2026-10-05,5,TCL0I17E5,Felipe Rogerio Estevam Da Silva ,68,00:14:46,000-7250501,02:00:03
000-7400501,2026-10-05,9,PUN0E10D4,Pedro Lucas Procópio dos Santos,100,00:17:27,000-7400501,03:32:00
000-7400501,2026-10-05,9,PUN0E10E1,Marcos Vinicio Alves Pessoa,232,00:46:42,000-7400501,03:32:00
000-7400501,2026-10-05,9,PUN0E10E2,Gianmiller Moraes,75,00:39:26,000-7400501,03:32:00
000-7400501,2026-10-05,9,PUN0E10D3,Adilson José Gonçalves,198,00:37:08,000-7400501,03:32:00
000-7400501,2026-10-05,9,PUN0E10E4,Pedro Lucas Procópio dos Santos,27,00:19:22,000-7400501,03:32:00
000-7400501,2026-10-05,9,PUN0E10D5,Paulo Rozani Lopes Da Silva,124,00:36:41,000-7400501,03:32:00
000-7400501,2026-10-05,9,PUN0E10D2,Pedro Lucas Procópio dos Santos,59,00:03:14,000-7400501,03:32:00
000-7400501,2026-10-05,9,PUN0E10E3,Felipe Rogerio Estevam Da Silva ,33,00:12:00,000-7400501,03:32:00
000-7260501,2026-10-05,8,TCL0I22E5,Adilson José Gonçalves,238,00:29:34,000-7260501,02:34:29
000-7260501,2026-10-05,8,TCL0I22D3,Leonardo Caetano Rodrigues,32,00:01:05,000-7260501,02:34:29
000-7260501,2026-10-05,8,TCL0I22D4,Leonardo Caetano Rodrigues,27,00:04:04,000-7260501,02:34:29
000-7260501,2026-10-05,8,TCL0I22E4,Gianmiller Moraes,140,00:31:51,000-7260501,02:34:29
000-7260501,2026-10-05,8,TCL0I22D2,Marcos Vinicio Alves Pessoa,195,00:36:20,000-7260501,02:34:29
000-7260501,2026-10-05,8,TCL0I22D5,Felipe Rogerio Estevam Da Silva ,90,00:17:25,000-7260501,02:34:29
000-7260501,2026-10-05,8,TCL0I22E2,Leonardo Caetano Rodrigues,260,00:12:56,000-7260501,02:34:29
000-7260501,2026-10-05,8,TCL0I22E3,Paulo Rozani Lopes Da Silva,36,00:21:14,000-7260501,02:34:29
000-7130501,2026-10-05,7,JXS4C69E2,Leonardo Caetano Rodrigues,134,00:42:37,000-7130501,03:54:25
000-7130501,2026-10-05,7,JXS4C69E1,Felipe Rogerio Estevam Da Silva ,204,00:29:05,000-7130501,03:54:25
000-7130501,2026-10-05,7,JXS4C69D1,Felipe Rogerio Estevam Da Silva ,97,00:21:16,000-7130501,03:54:25
000-7130501,2026-10-05,7,JXS4C69D2,Marcos Vinicio Alves Pessoa,368,01:19:55,000-7130501,03:54:25
000-7130501,2026-10-05,7,JXS4C69E3,Leonardo Caetano Rodrigues,44,00:14:16,000-7130501,03:54:25
000-7130501,2026-10-05,7,JXS4C69D3,Denilton Batista Dos Santos,173,00:47:16,000-7130501,03:54:25
000-7380501,2026-10-05,7,KKJ5250D3,Natan Silva Medeiros Júnior,315,00:55:25,000-7380501,03:24:27
000-7380501,2026-10-05,7,KKJ5250D2,Denilton Batista Dos Santos,255,00:49:49,000-7380501,03:24:27
000-7380501,2026-10-05,7,KKJ5250E3,Leonardo Caetano Rodrigues,126,00:32:51,000-7380501,03:24:27
000-7380501,2026-10-05,7,KKJ5250D1,Freelancer 02,218,00:43:55,000-7380501,03:24:27
000-7380501,2026-10-05,7,KKJ5250E2,Felipe Rogerio Estevam Da Silva ,59,00:15:42,000-7380501,03:24:27
000-7380501,2026-10-05,7,KKJ5250E1,Adilson José Gonçalves,52,00:06:45,000-7380501,03:24:27
000-7140501,2026-10-05,7,HAI2518D2,Adilson José Gonçalves,105,00:26:02,000-7140501,01:45:23
000-7140501,2026-10-05,7,HAI2518E2,Felipe Rogerio Estevam Da Silva ,69,00:04:12,000-7140501,01:45:23
000-7140501,2026-10-05,7,HAI2518E3,Paulo Rozani Lopes Da Silva,37,00:15:33,000-7140501,01:45:23
000-7140501,2026-10-05,7,HAI2518E1,Denilton Batista Dos Santos,49,00:13:04,000-7140501,01:45:23
000-7140501,2026-10-05,7,HAI2518D3,Leonardo Caetano Rodrigues,98,00:15:55,000-7140501,01:45:23
000-7140501,2026-10-05,7,HAI2518D1,Marcos Vinicio Alves Pessoa,67,00:30:37,000-7140501,01:45:23
000-7190501,2026-10-05,9,KZX0905E4,Marcos Vinicio Alves Pessoa,49,00:13:46,000-7190501,02:17:24
000-7190501,2026-10-05,9,KZX0905D3,Freelancer 02,18,00:11:35,000-7190501,02:17:24
000-7190501,2026-10-05,9,KZX0905D1,Leonardo Caetano Rodrigues,42,00:04:16,000-7190501,02:17:24
000-7190501,2026-10-05,9,KZX0905E3,Adilson José Gonçalves,154,00:17:26,000-7190501,02:17:24
000-7190501,2026-10-05,9,KZX0905D4,Paulo Rozani Lopes Da Silva,25,00:17:06,000-7190501,02:17:24
000-7190501,2026-10-05,9,KZX0905D2,Denilton Batista Dos Santos,23,00:22:30,000-7190501,02:17:24
000-7190501,2026-10-05,9,KZX0905E1,Felipe Rogerio Estevam Da Silva ,161,00:28:36,000-7190501,02:17:24
000-7190501,2026-10-05,9,KZX0905E2,Pedro Lucas Procópio dos Santos,156,00:22:09,000-7190501,02:17:24
000-7880601,2026-10-06,1,PICK-UPD1,Pedro Lucas Procópio dos Santos,61,00:10:30,000-7880601,00:10:30
000-7120601,2026-10-06,7,DJB5C58D2,Freelancer 01,104,00:28:08,000-7120601,02:03:47
000-7120601,2026-10-06,7,DJB5C58D3,Adilson José Gonçalves,33,00:06:58,000-7120601,02:03:47
000-7120601,2026-10-06,7,DJB5C58E1,Denilton Batista Dos Santos,49,00:25:16,000-7120601,02:03:47
000-7120601,2026-10-06,7,DJB5C58E2,Geraldo Teixeira Baia Junior,40,00:06:42,000-7120601,02:03:47
000-7120601,2026-10-06,7,DJB5C58D1,Marcos Vinicio Alves Pessoa,40,00:07:30,000-7120601,02:03:47
000-7120601,2026-10-06,7,DJB5C58E3,Leonardo Caetano Rodrigues,182,00:49:13,000-7120601,02:03:47
000-7880602,2026-10-06,1,PICK-UPD1,Pedro Lucas Procópio dos Santos,72,00:20:21,000-7880602,00:20:21
000-7370601,2026-10-06,7,KKJ5170D3,Freelancer 02,374,01:17:34,000-7370601,04:07:27
000-7370601,2026-10-06,7,KKJ5170E2,Gianmiller Moraes,115,01:04:35,000-7370601,04:07:27
000-7370601,2026-10-06,7,KKJ5170E1,Adilson José Gonçalves,229,00:27:30,000-7370601,04:07:27
000-7370601,2026-10-06,7,KKJ5170E3,Natan Silva Medeiros Júnior,209,00:54:31,000-7370601,04:07:27
000-7370601,2026-10-06,7,KKJ5170D1,Leonardo Caetano Rodrigues,69,00:06:29,000-7370601,04:07:27
000-7370601,2026-10-06,7,KKJ5170D2,Marcos Vinicio Alves Pessoa,44,00:16:48,000-7370601,04:07:27
000-7140601,2026-10-06,7,HAI2518D3,Marcos Vinicio Alves Pessoa,58,00:27:34,000-7140601,02:52:08
000-7140601,2026-10-06,7,HAI2518E1,Freelancer 01,57,00:20:44,000-7140601,02:52:08
000-7140601,2026-10-06,7,HAI2518D2,Geraldo Teixeira Baia Junior,209,00:40:07,000-7140601,02:52:08
000-7140601,2026-10-06,7,HAI2518E3,Felipe Rogerio Estevam Da Silva ,203,01:04:28,000-7140601,02:52:08
000-7140601,2026-10-06,7,HAI2518D1,Paulo Rozani Lopes Da Silva,40,00:07:27,000-7140601,02:52:08
000-7140601,2026-10-06,7,HAI2518E2,Adilson José Gonçalves,38,00:11:48,000-7140601,02:52:08
000-7880603,2026-10-06,2,PICK-UPD1,Pedro Lucas Procópio dos Santos,50,00:09:00,000-7880603,00:29:54
000-7880603,2026-10-06,2,PICK-UPE1,Pedro Lucas Procópio dos Santos,35,00:20:54,000-7880603,00:29:54
000-7160601,2026-10-06,7,MQL5679E2,Leonardo Caetano Rodrigues,43,00:14:29,000-7160601,02:56:04
000-7160601,2026-10-06,7,MQL5679D3,Paulo Rozani Lopes Da Silva,107,00:53:06,000-7160601,02:56:04
000-7160601,2026-10-06,7,MQL5679E1,Natan Silva Medeiros Júnior,59,00:21:26,000-7160601,02:56:04
000-7160601,2026-10-06,7,MQL5679D2,Denilton Batista Dos Santos,130,01:08:20,000-7160601,02:56:04
000-7160601,2026-10-06,7,MQL5679E3,Adilson José Gonçalves,37,00:14:50,000-7160601,02:56:04
000-7160601,2026-10-06,7,MQL5679D1,Freelancer 01,40,00:03:53,000-7160601,02:56:04
000-7130601,2026-10-06,7,JXS4C69E1,Pedro Lucas Procópio dos Santos,60,00:14:10,000-7130601,03:52:59
000-7130601,2026-10-06,7,JXS4C69E3,Leonardo Caetano Rodrigues,130,01:29:56,000-7130601,03:52:59
000-7130601,2026-10-06,7,JXS4C69D3,Freelancer 04,47,00:19:52,000-7130601,03:52:59
000-7130601,2026-10-06,7,JXS4C69D2,Denilton Batista Dos Santos,94,01:26:27,000-7130601,03:52:59
000-7130601,2026-10-06,7,JXS4C69E2,Freelancer 01,40,00:09:35,000-7130601,03:52:59
000-7130601,2026-10-06,7,JXS4C69D1,Adilson José Gonçalves,40,00:12:59,000-7130601,03:52:59
000-7210601,2026-10-06,8,JJB9B08D4,Felipe Rogerio Estevam Da Silva ,77,00:16:19,000-7210601,02:40:16
000-7210601,2026-10-06,8,JJB9B08D5,Pedro Lucas Procópio dos Santos,44,00:10:39,000-7210601,02:40:16
000-7210601,2026-10-06,8,JJB9B08D2,Adilson José Gonçalves,70,00:10:49,000-7210601,02:40:16
000-7210601,2026-10-06,8,JJB9B08E4,Denilton Batista Dos Santos,57,00:30:13,000-7210601,02:40:16
000-7210601,2026-10-06,8,JJB9B08D3,Pedro Lucas Procópio dos Santos,28,00:15:38,000-7210601,02:40:16
000-7210601,2026-10-06,8,JJB9B08E2,Pedro Lucas Procópio dos Santos,44,00:14:55,000-7210601,02:40:16
000-7210601,2026-10-06,8,JJB9B08E3,Leonardo Caetano Rodrigues,150,00:43:23,000-7210601,02:40:16
000-7210601,2026-10-06,8,JJB9B08E5,Freelancer 01,82,00:18:20,000-7210601,02:40:16
000-7170601,2026-10-06,7,HOB4C81E1,Freelancer 01,52,00:05:59,000-7170601,02:50:10
000-7170601,2026-10-06,7,HOB4C81E2,Freelancer 01,46,00:19:10,000-7170601,02:50:10
000-7170601,2026-10-06,7,HOB4C81E3,Gianmiller Moraes,58,00:33:56,000-7170601,02:50:10
000-7170601,2026-10-06,7,HOB4C81D2,Adilson José Gonçalves,202,00:28:00,000-7170601,02:50:10
000-7170601,2026-10-06,7,HOB4C81D3,Paulo Rozani Lopes Da Silva,270,01:17:40,000-7170601,02:50:10
000-7170601,2026-10-06,7,HOB4C81D1,Freelancer 04,69,00:05:25,000-7170601,02:50:10
000-7240601,2026-10-06,9,TCB7I34D4,Leonardo Caetano Rodrigues,232,00:42:19,000-7240601,04:01:50
000-7240601,2026-10-06,9,TCB7I34E5,Denilton Batista Dos Santos,270,00:31:18,000-7240601,04:01:50
000-7240601,2026-10-06,9,TCB7I34E2,Marcos Vinicio Alves Pessoa,248,00:43:11,000-7240601,04:01:50
000-7240601,2026-10-06,9,TCB7I34E3,Natan Silva Medeiros Júnior,152,00:36:36,000-7240601,04:01:50
000-7240601,2026-10-06,9,TCB7I34D5,Freelancer 02,141,00:33:31,000-7240601,04:01:50
000-7240601,2026-10-06,9,TCB7I34D3,Felipe Rogerio Estevam Da Silva ,70,00:25:01,000-7240601,04:01:50
000-7240601,2026-10-06,9,TCB7I34E1,Freelancer 01,64,00:06:25,000-7240601,04:01:50
000-7240601,2026-10-06,9,TCB7I34E4,Geraldo Teixeira Baia Junior,59,00:23:29,000-7240601,04:01:50
000-7190601,2026-10-06,8,KZX0905E4,Pedro Lucas Procópio dos Santos,41,00:16:56,000-7190601,04:19:26
000-7190601,2026-10-06,8,KZX0905D2,Geraldo Teixeira Baia Junior,128,00:25:37,000-7190601,04:19:26
000-7190601,2026-10-06,8,KZX0905E2,Felipe Rogerio Estevam Da Silva ,46,00:14:33,000-7190601,04:19:26
000-7190601,2026-10-06,8,KZX0905E1,Natan Silva Medeiros Júnior,139,01:24:27,000-7190601,04:19:26
000-7190601,2026-10-06,8,KZX0905D4,Gianmiller Moraes,186,01:08:14,000-7190601,04:19:26
000-7190601,2026-10-06,8,KZX0905D3,Leonardo Caetano Rodrigues,97,00:23:31,000-7190601,04:19:26
000-7190601,2026-10-06,8,KZX0905E3,Adilson José Gonçalves,56,00:26:08,000-7190601,04:19:26
000-7380601,2026-10-06,7,KKJ5250D2,Felipe Rogerio Estevam Da Silva ,99,00:35:16,000-7380601,02:01:32
000-7380601,2026-10-06,7,KKJ5250E3,Marcos Vinicio Alves Pessoa,30,00:15:24,000-7380601,02:01:32
000-7380601,2026-10-06,7,KKJ5250E2,Freelancer 01,141,00:28:24,000-7380601,02:01:32
000-7380601,2026-10-06,7,KKJ5250D3,Marcos Vinicio Alves Pessoa,55,00:20:31,000-7380601,02:01:32
000-7380601,2026-10-06,7,KKJ5250E1,Adilson José Gonçalves,49,00:16:17,000-7380601,02:01:32
000-7380601,2026-10-06,7,KKJ5250D1,Freelancer 04,40,00:05:40,000-7380601,02:01:32
000-7180601,2026-10-06,7,RFP8G80D2,Adilson José Gonçalves,31,00:08:35,000-7180601,03:46:19
000-7180601,2026-10-06,7,RFP8G80E2,Freelancer 04,294,01:24:50,000-7180601,03:46:19
000-7180601,2026-10-06,7,RFP8G80D1,Freelancer 01,239,00:44:36,000-7180601,03:46:19
000-7180601,2026-10-06,7,RFP8G80E3,Marcos Vinicio Alves Pessoa,167,01:00:24,000-7180601,03:46:19
000-7180601,2026-10-06,7,RFP8G80E1,Freelancer 02,75,00:19:50,000-7180601,03:46:19
000-7180601,2026-10-06,7,RFP8G80D3,Leonardo Caetano Rodrigues,38,00:08:04,000-7180601,03:46:19
000-7340601,2026-10-06,7,TYE8D59D1,Adilson José Gonçalves,84,00:11:28,000-7340601,04:02:13
000-7340601,2026-10-06,7,TYE8D59E1,Geraldo Teixeira Baia Junior,230,00:41:23,000-7340601,04:02:13
000-7340601,2026-10-06,7,TYE8D59D3,Freelancer 04,370,01:30:43,000-7340601,04:02:13
000-7340601,2026-10-06,7,TYE8D59E3,Felipe Rogerio Estevam Da Silva ,192,00:51:02,000-7340601,04:02:13
000-7340601,2026-10-06,7,TYE8D59E2,Denilton Batista Dos Santos,52,00:25:49,000-7340601,04:02:13
000-7340601,2026-10-06,7,TYE8D59D2,Freelancer 01,64,00:21:48,000-7340601,04:02:13
