"UNIDADE","DATA_OPERACAO","DATA_ENTREGA","CLIENTE","CODIGO_CARGA","TRANSPORTE","TOTAL_PALETES","TOTAL_PALETES_MISTOS","TOTAL_PALETES_COMPLETOS","VEICULO","LISTA","CAIXAS","TIPO_PALETE","TOKEN","BAIA","DOCA","MONTADOR","INICIO_MONTAGEM","FIM_MONTAGEM","TEMPO_MONTAGEM","CONFERENTE","INICIO_CONFERENCIA","FIM_CONFERENCIA","EMPILHADOR","HORARIO_EMPILHAMENTO","INICIO_OPERACAO","FIM_OPERACAO"
MATRIZ,2026-09-14,2026-09-14,POUSADA ALTO DA CAT,"7371401","000-7371401",7,7,0,KKJ5170,KKJ5170D2,148,MISTO,"49",D2,"1",Felipe Rogerio Estevam Da Silva ,"2026-09-14 21:33:22","2026-09-14 22:10:40",37.30,Wallace Christian Gomes Esteves   ,"2026-09-15 00:28:43","2026-09-15 00:28:46",Maxmiler Fernandes Silva,"2026-09-15 00:28:36",2026-09-14 18:18:00.000,2026-09-15 04:30:00.000
MATRIZ,2026-09-14,2026-09-14,POUSADA ALTO DA CAT,"7371401","000-7371401",7,7,0,KKJ5170,KKJ5170E1,71,MISTO,"50",E1,"1",Marcos Vinicio Alves Pessoa,"2026-09-14 21:38:55","2026-09-14 22:22:16",43.35,Wallace Christian Gomes Esteves   ,"2026-09-15 00:27:46","2026-09-15 00:27:50",Maxmiler Fernandes Silva,"2026-09-15 00:27:27",2026-09-14 18:18:00.000,2026-09-15 04:30:00.000
MATRIZ,2026-09-14,2026-09-14,POUSADA ALTO DA CAT,"7371401","000-7371401",7,7,0,KKJ5170,KKJ5170D1,222,MISTO,"48",D1,"1",Leonardo Caetano Rodrigues,"2026-09-14 21:26:42","2026-09-14 21:50:16",23.57,Wallace Christian Gomes Esteves   ,"2026-09-15 00:27:34","2026-09-15 00:27:37",Maxmiler Fernandes Silva,"2026-09-15 00:25:32",2026-09-14 18:18:00.000,2026-09-15 04:30:00.000
MATRIZ,2026-09-14,2026-09-14,POUSADA ALTO DA CAT,"7371401","000-7371401",7,7,0,KKJ5170,KKJ5170E2,324,MISTO,"149",E2,"1",Geraldo Teixeira Baia Junior,"2026-09-14 22:26:19","2026-09-14 23:33:12",66.88,Wallace Christian Gomes Esteves   ,"2026-09-15 00:35:34","2026-09-15 00:35:41",Maxmiler Fernandes Silva,"2026-09-15 00:34:39",2026-09-14 18:18:00.000,2026-09-15 04:30:00.000
MATRIZ,2026-09-14,2026-09-14,POUSADA ALTO DA CAT,"7371401","000-7371401",7,7,0,KKJ5170,KKJ5170D3,230,MISTO,"46",D3,"1",Pedro Lucas Procópio dos Santos,"2026-09-14 21:21:20","2026-09-14 22:05:09",43.82,Wallace Christian Gomes Esteves   ,"2026-09-15 00:29:17","2026-09-15 00:29:20",Maxmiler Fernandes Silva,"2026-09-15 00:28:42",2026-09-14 18:18:00.000,2026-09-15 04:30:00.000
MATRIZ,2026-09-14,2026-09-14,POUSADA ALTO DA CAT,"7371401","000-7371401",7,7,0,KKJ5170,KKJ5170E3,54,MISTO,"51",E3,"1",Natan Silva Medeiros Júnior,"2026-09-14 21:44:06","2026-09-14 22:05:31",21.42,Wallace Christian Gomes Esteves   ,"2026-09-15 00:35:46","2026-09-15 00:35:48",Maxmiler Fernandes Silva,"2026-09-15 00:29:45",2026-09-14 18:18:00.000,2026-09-15 04:30:00.000
MATRIZ,2026-09-14,2026-09-14,MERC. MARATAIZES,"7141401","000-7141401",7,7,0,HAI2518,HAI2518D3,151,MISTO,"127",D3,"4",Denilton Batista Dos Santos,"2026-09-14 23:29:03","2026-09-15 01:32:24",123.35,Wallace Christian Gomes Esteves   ,"2026-09-15 02:30:39","2026-09-15 02:30:42",Leonardo Miguel,"2026-09-15 02:27:42",2026-09-14 18:18:00.000,2026-09-15 04:30:00.000
MATRIZ,2026-09-14,2026-09-14,MERC. MARATAIZES,"7141401","000-7141401",7,7,0,HAI2518,HAI2518E3,37,MISTO,"130",E3,"4",Pedro Lucas Procópio dos Santos,"2026-09-14 23:44:03","2026-09-14 23:56:42",12.65,Wallace Christian Gomes Esteves   ,"2026-09-15 02:30:54","2026-09-15 02:31:03",Maxmiler Fernandes Silva,"2026-09-15 01:00:27",2026-09-14 18:18:00.000,2026-09-15 04:30:00.000
MATRIZ,2026-09-14,2026-09-14,MERC. MARATAIZES,"7141401","000-7141401",7,7,0,HAI2518,HAI2518D1,39,MISTO,"132",D1,"4",Leonardo Caetano Rodrigues,"2026-09-14 23:44:13","2026-09-14 23:47:47",3.57,Wallace Christian Gomes Esteves   ,"2026-09-15 02:31:27","2026-09-15 02:31:30",Maxmiler Fernandes Silva,"2026-09-15 01:05:15",2026-09-14 18:18:00.000,2026-09-15 04:30:00.000
MATRIZ,2026-09-14,2026-09-14,MERC. MARATAIZES,"7141401","000-7141401",7,7,0,HAI2518,HAI2518E1,58,MISTO,"122",E1,"4",Felipe Rogerio Estevam Da Silva ,"2026-09-14 23:36:04","2026-09-14 23:56:58",20.90,Wallace Christian Gomes Esteves   ,"2026-09-15 02:30:46","2026-09-15 02:30:49",Maxmiler Fernandes Silva,"2026-09-15 01:05:25",2026-09-14 18:18:00.000,2026-09-15 04:30:00.000
MATRIZ,2026-09-14,2026-09-14,MERC. MARATAIZES,"7141401","000-7141401",7,7,0,HAI2518,HAI2518D2,201,MISTO,"154",D2,"4",Natan Silva Medeiros Júnior,"2026-09-14 22:52:38","2026-09-14 23:35:49",43.18,Wallace Christian Gomes Esteves   ,"2026-09-15 02:31:18","2026-09-15 02:31:20",Maxmiler Fernandes Silva,"2026-09-15 01:06:40",2026-09-14 18:18:00.000,2026-09-15 04:30:00.000
MATRIZ,2026-09-14,2026-09-14,MERC. MARATAIZES,"7141401","000-7141401",7,7,0,HAI2518,HAI2518E2,52,MISTO,"123",E2,"4",Natan Silva Medeiros Júnior,"2026-09-14 23:40:35","2026-09-14 23:54:54",14.32,Wallace Christian Gomes Esteves   ,"2026-09-15 02:31:36","2026-09-15 02:31:38",Maxmiler Fernandes Silva,"2026-09-15 01:05:20",2026-09-14 18:18:00.000,2026-09-15 04:30:00.000
MATRIZ,2026-09-14,2026-09-14,MERCEARIA OLIVEIRA,"7231401","000-7231401",11,9,2,TCB7H85,TCB7H85E1,75,COMPLETO,,E1,"4",,,,,Wallace Christian Gomes Esteves   ,"2026-09-15 00:16:05","2026-09-15 00:16:34",Maxmiler Fernandes Silva,"2026-09-15 00:15:28",2026-09-14 18:18:00.000,2026-09-15 04:30:00.000
MATRIZ,2026-09-14,2026-09-14,MERCEARIA OLIVEIRA,"7231401","000-7231401",11,9,2,TCB7H85,TCB7H85E5,60,MISTO,"26",E5,"4",Felipe Rogerio Estevam Da Silva ,"2026-09-14 20:37:32","2026-09-14 20:42:33",5.02,Wallace Christian Gomes Esteves   ,"2026-09-15 00:19:11","2026-09-15 00:19:17",Maxmiler Fernandes Silva,"2026-09-15 00:18:56",2026-09-14 18:18:00.000,2026-09-15 04:30:00.000
MATRIZ,2026-09-14,2026-09-14,MERCEARIA OLIVEIRA,"7231401","000-7231401",11,9,2,TCB7H85,TCB7H85D1,75,COMPLETO,,D1,"4",,,,,Wallace Christian Gomes Esteves   ,"2026-09-15 00:19:30","2026-09-15 00:19:33",Maxmiler Fernandes Silva,"2026-09-15 00:19:01",2026-09-14 18:18:00.000,2026-09-15 04:30:00.000
MATRIZ,2026-09-14,2026-09-14,MERCEARIA OLIVEIRA,"7231401","000-7231401",11,9,2,TCB7H85,TCB7H85D5,48,MISTO,"28",D5,"4",Felipe Rogerio Estevam Da Silva ,"2026-09-14 20:43:04","2026-09-14 20:54:43",11.65,Wallace Christian Gomes Esteves   ,"2026-09-15 00:19:23","2026-09-15 00:19:27",Maxmiler Fernandes Silva,"2026-09-15 00:18:51",2026-09-14 18:18:00.000,2026-09-15 04:30:00.000
MATRIZ,2026-09-14,2026-09-14,MERCEARIA OLIVEIRA,"7231401","000-7231401",11,9,2,TCB7H85,TCB7H85E2,171,MISTO,"23",E2,"4",Gianmiller Moraes,"2026-09-14 20:20:13","2026-09-14 21:07:56",47.72,Wallace Christian Gomes Esteves   ,"2026-09-14 23:59:43","2026-09-14 23:59:52",Maxmiler Fernandes Silva,"2026-09-14 23:59:34",2026-09-14 18:18:00.000,2026-09-15 04:30:00.000
MATRIZ,2026-09-14,2026-09-14,MERCEARIA OLIVEIRA,"7231401","000-7231401",11,9,2,TCB7H85,TCB7H85D4,27,MISTO,"31",D4,"4",Pedro Lucas Procópio dos Santos,"2026-09-14 20:45:02","2026-09-14 20:54:14",9.20,Wallace Christian Gomes Esteves   ,"2026-09-14 23:46:02","2026-09-14 23:46:06",Maxmiler Fernandes Silva,"2026-09-14 23:45:51",2026-09-14 18:18:00.000,2026-09-15 04:30:00.000
MATRIZ,2026-09-14,2026-09-14,MERCEARIA OLIVEIRA,"7231401","000-7231401",11,9,2,TCB7H85,TCB7H85D2,32,MISTO,"29",D2,"4",Leonardo Caetano Rodrigues,"2026-09-14 20:47:09","2026-09-14 20:57:40",10.52,Wallace Christian Gomes Esteves   ,"2026-09-15 00:07:21","2026-09-15 00:07:27",Maxmiler Fernandes Silva,"2026-09-15 00:06:42",2026-09-14 18:18:00.000,2026-09-15 04:30:00.000
MATRIZ,2026-09-14,2026-09-14,MERCEARIA OLIVEIRA,"7231401","000-7231401",11,9,2,TCB7H85,TCB7H85E3,163,MISTO,"18",E3,"4",Denilton Batista Dos Santos,"2026-09-14 20:23:08","2026-09-14 21:06:10",43.03,Wallace Christian Gomes Esteves   ,"2026-09-15 00:10:05","2026-09-15 00:10:11",Maxmiler Fernandes Silva,"2026-09-15 00:10:00",2026-09-14 18:18:00.000,2026-09-15 04:30:00.000
MATRIZ,2026-09-14,2026-09-14,MERCEARIA OLIVEIRA,"7231401","000-7231401",11,9,2,TCB7H85,TCB7H85E4,115,MISTO,"15",E4,"4",Adilson José Gonçalves,"2026-09-14 20:34:03","2026-09-14 20:52:06",18.05,Wallace Christian Gomes Esteves   ,"2026-09-15 00:12:53","2026-09-15 00:13:00",Maxmiler Fernandes Silva,"2026-09-15 00:12:39",2026-09-14 18:18:00.000,2026-09-15 04:30:00.000
MATRIZ,2026-09-14,2026-09-14,MERCEARIA OLIVEIRA,"7231401","000-7231401",11,9,2,TCB7H85,TCB7H85D3,20,MISTO,"32",D3,"4",Natan Silva Medeiros Júnior,"2026-09-14 20:53:13","2026-09-14 20:59:34",6.35,Wallace Christian Gomes Esteves   ,"2026-09-15 00:10:14","2026-09-15 00:10:17",Maxmiler Fernandes Silva,"2026-09-15 00:10:08",2026-09-14 18:18:00.000,2026-09-15 04:30:00.000
MATRIZ,2026-09-14,2026-09-14,BAR DO ALCIR,"7411401","000-7411401",7,7,0,OWQ4406,OWQ4406D2,70,MISTO,"158",D2,"3",Natan Silva Medeiros Júnior,"2026-09-14 22:09:58","2026-09-14 22:51:29",41.52,Wallace Christian Gomes Esteves   ,"2026-09-15 00:49:20","2026-09-15 00:49:22",Maxmiler Fernandes Silva,"2026-09-15 00:46:32",2026-09-14 18:18:00.000,2026-09-15 04:30:00.000
MATRIZ,2026-09-14,2026-09-14,BAR DO ALCIR,"7411401","000-7411401",7,7,0,OWQ4406,OWQ4406E3,40,MISTO,"148",E3,"3",Leonardo Caetano Rodrigues,"2026-09-14 22:22:51","2026-09-14 22:40:42",17.85,Wallace Christian Gomes Esteves   ,"2026-09-15 00:50:04","2026-09-15 00:50:07",Maxmiler Fernandes Silva,"2026-09-15 00:40:04",2026-09-14 18:18:00.000,2026-09-15 04:30:00.000
MATRIZ,2026-09-14,2026-09-14,BAR DO ALCIR,"7411401","000-7411401",7,7,0,OWQ4406,OWQ4406E2,62,MISTO,"157",E2,"3",Felipe Rogerio Estevam Da Silva ,"2026-09-14 22:11:34","2026-09-14 22:28:37",17.05,Wallace Christian Gomes Esteves   ,"2026-09-15 00:50:11","2026-09-15 00:50:17",Maxmiler Fernandes Silva,"2026-09-15 00:38:43",2026-09-14 18:18:00.000,2026-09-15 04:30:00.000
MATRIZ,2026-09-14,2026-09-14,BAR DO ALCIR,"7411401","000-7411401",7,7,0,OWQ4406,OWQ4406E1,185,MISTO,"52",E1,"3",Denilton Batista Dos Santos,"2026-09-14 21:56:15","2026-09-14 22:40:15",44.00,Wallace Christian Gomes Esteves   ,"2026-09-15 00:50:20","2026-09-15 00:50:24",Maxmiler Fernandes Silva,"2026-09-15 00:43:18",2026-09-14 18:18:00.000,2026-09-15 04:30:00.000
MATRIZ,2026-09-14,2026-09-14,BAR DO ALCIR,"7411401","000-7411401",7,7,0,OWQ4406,OWQ4406D3,10,MISTO,"129",D3,"3",Marcos Vinicio Alves Pessoa,"2026-09-14 22:23:20","2026-09-14 22:29:50",6.50,Wallace Christian Gomes Esteves   ,"2026-09-15 00:48:27","2026-09-15 00:48:37",Maxmiler Fernandes Silva,"2026-09-15 00:46:27",2026-09-14 18:18:00.000,2026-09-15 04:30:00.000
MATRIZ,2026-09-14,2026-09-14,BAR DO ALCIR,"7411401","000-7411401",7,7,0,OWQ4406,OWQ4406D1,59,MISTO,"156",D1,"3",Pedro Lucas Procópio dos Santos,"2026-09-14 22:12:20","2026-09-14 22:28:18",15.97,Wallace Christian Gomes Esteves   ,"2026-09-15 00:49:08","2026-09-15 00:49:10",Maxmiler Fernandes Silva,"2026-09-15 00:42:16",2026-09-14 18:18:00.000,2026-09-15 04:30:00.000
MATRIZ,2026-09-14,2026-09-14,BAR LANCHANETE,"7321401","000-7321401",13,12,1,QXO9C83,QXO9C83E5,44,MISTO,"30",E5,"5",Geraldo Teixeira Baia Junior,"2026-09-14 20:43:30","2026-09-14 20:58:02",14.53,Wallace Christian Gomes Esteves   ,"2026-09-14 22:01:26","2026-09-14 22:01:40",Maxmiler Fernandes Silva,"2026-09-14 21:12:42",2026-09-14 18:18:00.000,2026-09-15 04:30:00.000
MATRIZ,2026-09-14,2026-09-14,BAR LANCHANETE,"7321401","000-7321401",13,12,1,QXO9C83,QXO9C83D3,208,MISTO,"21",D3,"5",Marcos Vinicio Alves Pessoa,"2026-09-14 20:13:58","2026-09-14 20:49:16",35.30,Wallace Christian Gomes Esteves   ,"2026-09-14 22:05:25","2026-09-14 22:05:30",Maxmiler Fernandes Silva,"2026-09-14 21:16:35",2026-09-14 18:18:00.000,2026-09-15 04:30:00.000
MATRIZ,2026-09-14,2026-09-14,BAR LANCHANETE,"7321401","000-7321401",13,12,1,QXO9C83,QXO9C83D2,75,COMPLETO,,D2,"5",,,,,Wallace Christian Gomes Esteves   ,"2026-09-14 22:02:24","2026-09-14 22:02:29",Maxmiler Fernandes Silva,"2026-09-14 20:57:44",2026-09-14 18:18:00.000,2026-09-15 04:30:00.000
MATRIZ,2026-09-14,2026-09-14,BAR LANCHANETE,"7321401","000-7321401",13,12,1,QXO9C83,QXO9C83E6,133,MISTO,"20",E6,"5",Natan Silva Medeiros Júnior,"2026-09-14 20:14:01","2026-09-14 20:49:46",35.75,Wallace Christian Gomes Esteves   ,"2026-09-14 22:03:40","2026-09-14 22:03:52",Maxmiler Fernandes Silva,"2026-09-14 21:47:07",2026-09-14 18:18:00.000,2026-09-15 04:30:00.000
MATRIZ,2026-09-14,2026-09-14,BAR LANCHANETE,"7321401","000-7321401",13,12,1,QXO9C83,QXO9C83D1,295,MISTO,"2",D1,"5",Geraldo Teixeira Baia Junior,"2026-09-14 19:34:46","2026-09-14 20:09:24",34.63,Wallace Christian Gomes Esteves   ,"2026-09-14 22:04:47","2026-09-14 22:04:50",Maxmiler Fernandes Silva,"2026-09-14 21:05:55",2026-09-14 18:18:00.000,2026-09-15 04:30:00.000
MATRIZ,2026-09-14,2026-09-14,BAR LANCHANETE,"7321401","000-7321401",13,12,1,QXO9C83,QXO9C83E3,226,MISTO,"19",E3,"5",Leonardo Caetano Rodrigues,"2026-09-14 20:13:58","2026-09-14 20:42:45",28.78,Wallace Christian Gomes Esteves   ,"2026-09-14 22:05:17","2026-09-14 22:05:19",Maxmiler Fernandes Silva,"2026-09-14 21:25:45",2026-09-14 18:18:00.000,2026-09-15 04:30:00.000
MATRIZ,2026-09-14,2026-09-14,BAR LANCHANETE,"7321401","000-7321401",13,12,1,QXO9C83,QXO9C83E2,82,MISTO,"22",E2,"5",Pedro Lucas Procópio dos Santos,"2026-09-14 20:15:09","2026-09-14 20:40:00",24.85,Wallace Christian Gomes Esteves   ,"2026-09-14 22:01:46","2026-09-14 22:01:49",Maxmiler Fernandes Silva,"2026-09-14 21:09:07",2026-09-14 18:18:00.000,2026-09-15 04:30:00.000
MATRIZ,2026-09-14,2026-09-14,BAR LANCHANETE,"7321401","000-7321401",13,12,1,QXO9C83,QXO9C83E1,84,MISTO,"16",E1,"5",Wallace Christian Gomes Esteves   ,"2026-09-14 20:15:05","2026-09-14 20:27:41",12.60,Wallace Christian Gomes Esteves   ,"2026-09-14 22:02:06","2026-09-14 22:02:09",Maxmiler Fernandes Silva,"2026-09-14 21:00:32",2026-09-14 18:18:00.000,2026-09-15 04:30:00.000
MATRIZ,2026-09-14,2026-09-14,BAR LANCHANETE,"7321401","000-7321401",13,12,1,QXO9C83,QXO9C83E4,49,MISTO,"27",E4,"5",Geraldo Teixeira Baia Junior,"2026-09-14 20:39:57","2026-09-14 20:43:18",3.35,Wallace Christian Gomes Esteves   ,"2026-09-14 22:02:50","2026-09-14 22:02:53",Maxmiler Fernandes Silva,"2026-09-14 21:07:27",2026-09-14 18:18:00.000,2026-09-15 04:30:00.000
MATRIZ,2026-09-14,2026-09-14,BAR LANCHANETE,"7321401","000-7321401",13,12,1,QXO9C83,QXO9C83D4,59,MISTO,"24",D4,"5",Geraldo Teixeira Baia Junior,"2026-09-14 20:27:41","2026-09-14 20:39:11",11.50,Wallace Christian Gomes Esteves   ,"2026-09-14 22:03:03","2026-09-14 22:03:05",Maxmiler Fernandes Silva,"2026-09-14 21:04:18",2026-09-14 18:18:00.000,2026-09-15 04:30:00.000
MATRIZ,2026-09-14,2026-09-14,BAR LANCHANETE,"7321401","000-7321401",13,12,1,QXO9C83,QXO9C83D5,331,MISTO,"1",D5,"5",Geraldo Teixeira Baia Junior,"2026-09-14 19:00:32","2026-09-14 19:33:54",33.37,Wallace Christian Gomes Esteves   ,"2026-09-14 22:04:09","2026-09-14 22:04:15",Maxmiler Fernandes Silva,"2026-09-14 21:01:44",2026-09-14 18:18:00.000,2026-09-15 04:30:00.000
MATRIZ,2026-09-14,2026-09-14,BAR LANCHANETE,"7321401","000-7321401",13,12,1,QXO9C83,QXO9C83D6,194,MISTO,"17",D6,"5",Felipe Rogerio Estevam Da Silva ,"2026-09-14 20:13:52","2026-09-14 20:37:04",23.20,Wallace Christian Gomes Esteves   ,"2026-09-14 22:03:57","2026-09-14 22:04:03",Maxmiler Fernandes Silva,"2026-09-14 21:24:32",2026-09-14 18:18:00.000,2026-09-15 04:30:00.000
MATRIZ,2026-09-14,2026-09-14,BUTECO DO DANI LTDA,"7131401","000-7131401",7,7,0,JXS4C69,JXS4C69E1,181,MISTO,"125",E1,"5",Marcos Vinicio Alves Pessoa,"2026-09-14 23:00:47","2026-09-14 23:42:29",41.70,Wallace Christian Gomes Esteves   ,"2026-09-15 03:53:10","2026-09-15 03:53:12",Maxmiler Fernandes Silva,"2026-09-15 03:52:13",2026-09-14 18:18:00.000,2026-09-15 04:30:00.000
MATRIZ,2026-09-14,2026-09-14,BUTECO DO DANI LTDA,"7131401","000-7131401",7,7,0,JXS4C69,JXS4C69E2,366,MISTO,"143",E2,"5",Leonardo Caetano Rodrigues,"2026-09-14 22:44:16","2026-09-14 23:43:05",58.82,Wallace Christian Gomes Esteves   ,"2026-09-15 03:52:36","2026-09-15 03:52:38",Maxmiler Fernandes Silva,"2026-09-15 03:52:17",2026-09-14 18:18:00.000,2026-09-15 04:30:00.000
MATRIZ,2026-09-14,2026-09-14,BUTECO DO DANI LTDA,"7131401","000-7131401",7,7,0,JXS4C69,JXS4C69D1,280,MISTO,"131",D1,"5",Felipe Rogerio Estevam Da Silva ,"2026-09-14 22:54:51","2026-09-14 23:19:15",24.40,Wallace Christian Gomes Esteves   ,"2026-09-15 03:52:57","2026-09-15 03:52:59",Maxmiler Fernandes Silva,"2026-09-15 01:08:00",2026-09-14 18:18:00.000,2026-09-15 04:30:00.000
MATRIZ,2026-09-14,2026-09-14,BUTECO DO DANI LTDA,"7131401","000-7131401",7,7,0,JXS4C69,JXS4C69E3,48,MISTO,"118",E3,"5",Felipe Rogerio Estevam Da Silva ,"2026-09-14 23:20:01","2026-09-14 23:35:40",15.65,Wallace Christian Gomes Esteves   ,"2026-09-15 03:52:29","2026-09-15 03:52:31",Leonardo Miguel,"2026-09-15 02:33:00",2026-09-14 18:18:00.000,2026-09-15 04:30:00.000
MATRIZ,2026-09-14,2026-09-14,BUTECO DO DANI LTDA,"7131401","000-7131401",7,7,0,JXS4C69,JXS4C69D2,140,MISTO,"119",D2,"5",Adilson José Gonçalves,"2026-09-14 23:07:39","2026-09-14 23:47:37",39.97,Wallace Christian Gomes Esteves   ,"2026-09-15 03:52:41","2026-09-15 03:52:44",Maxmiler Fernandes Silva,"2026-09-15 03:43:54",2026-09-14 18:18:00.000,2026-09-15 04:30:00.000
MATRIZ,2026-09-14,2026-09-14,BUTECO DO DANI LTDA,"7131401","000-7131401",7,7,0,JXS4C69,JXS4C69D3,67,MISTO,"133",D3,"5",Pedro Lucas Procópio dos Santos,"2026-09-14 23:11:12","2026-09-14 23:35:54",24.70,Wallace Christian Gomes Esteves   ,"2026-09-15 03:53:05","2026-09-15 03:53:07",Leonardo Miguel,"2026-09-15 02:31:46",2026-09-14 18:18:00.000,2026-09-15 04:30:00.000
MATRIZ,2026-09-14,2026-09-14,POSTO TNE ILHA LTDA,"7181401","000-7181401",7,7,0,RFP8G80,RFP8G80E2,64,MISTO,"47",E2,"2",Natan Silva Medeiros Júnior,"2026-09-15 01:41:30","2026-09-15 02:17:36",36.10,Wallace Christian Gomes Esteves   ,"2026-09-15 03:58:37","2026-09-15 03:58:39",Maxmiler Fernandes Silva,"2026-09-15 03:16:42",2026-09-14 18:18:00.000,2026-09-15 04:30:00.000
MATRIZ,2026-09-14,2026-09-14,POSTO TNE ILHA LTDA,"7181401","000-7181401",7,7,0,RFP8G80,RFP8G80E1,227,MISTO,"41",E1,"2",Marcos Vinicio Alves Pessoa,"2026-09-15 01:29:55","2026-09-15 02:27:28",57.55,Wallace Christian Gomes Esteves   ,"2026-09-15 03:58:47","2026-09-15 03:58:49",Maxmiler Fernandes Silva,"2026-09-15 02:57:40",2026-09-14 18:18:00.000,2026-09-15 04:30:00.000
MATRIZ,2026-09-14,2026-09-14,POSTO TNE ILHA LTDA,"7181401","000-7181401",7,7,0,RFP8G80,RFP8G80D2,313,MISTO,"147",D2,"2",Felipe Rogerio Estevam Da Silva ,"2026-09-15 01:05:15","2026-09-15 01:39:50",34.58,Wallace Christian Gomes Esteves   ,"2026-09-15 03:58:07","2026-09-15 03:58:09",Maxmiler Fernandes Silva,"2026-09-15 03:19:36",2026-09-14 18:18:00.000,2026-09-15 04:30:00.000
MATRIZ,2026-09-14,2026-09-14,POSTO TNE ILHA LTDA,"7181401","000-7181401",7,7,0,RFP8G80,RFP8G80D3,117,MISTO,"34",D3,"2",Denilton Batista Dos Santos,"2026-09-15 01:38:46","2026-09-15 02:31:32",52.77,Wallace Christian Gomes Esteves   ,"2026-09-15 03:58:55","2026-09-15 03:58:57",Maxmiler Fernandes Silva,"2026-09-15 03:21:17",2026-09-14 18:18:00.000,2026-09-15 04:30:00.000
MATRIZ,2026-09-14,2026-09-14,POSTO TNE ILHA LTDA,"7181401","000-7181401",7,7,0,RFP8G80,RFP8G80D1,67,MISTO,"128",D1,"2",Felipe Rogerio Estevam Da Silva ,"2026-09-15 01:40:35","2026-09-15 01:54:52",14.28,Wallace Christian Gomes Esteves   ,"2026-09-15 03:58:15","2026-09-15 03:58:18",Maxmiler Fernandes Silva,"2026-09-15 03:18:22",2026-09-14 18:18:00.000,2026-09-15 04:30:00.000
MATRIZ,2026-09-14,2026-09-14,POSTO TNE ILHA LTDA,"7181401","000-7181401",7,7,0,RFP8G80,RFP8G80E3,40,MISTO,"22",E3,"2",Leonardo Caetano Rodrigues,"2026-09-15 01:44:25","2026-09-15 01:56:08",11.72,Wallace Christian Gomes Esteves   ,"2026-09-15 03:59:03","2026-09-15 03:59:05",Maxmiler Fernandes Silva,"2026-09-15 03:02:36",2026-09-14 18:18:00.000,2026-09-15 04:30:00.000
MATRIZ,2026-09-14,2026-09-14,MANCHAS BAR,"7171401","000-7171401",6,6,0,HOB4C81,HOB4C81E2,177,MISTO,"35",E2,"3",Felipe Rogerio Estevam Da Silva ,"2026-09-14 20:56:29","2026-09-14 21:20:29",24.00,Wallace Christian Gomes Esteves   ,"2026-09-15 00:07:32","2026-09-15 00:07:35",Maxmiler Fernandes Silva,"2026-09-15 00:06:51",2026-09-14 18:18:00.000,2026-09-15 04:30:00.000
MATRIZ,2026-09-14,2026-09-14,MANCHAS BAR,"7171401","000-7171401",6,6,0,HOB4C81,HOB4C81D2,50,MISTO,"39",D2,"3",Pedro Lucas Procópio dos Santos,"2026-09-14 21:01:13","2026-09-14 21:15:41",14.47,Wallace Christian Gomes Esteves   ,"2026-09-15 00:11:56","2026-09-15 00:12:01",Maxmiler Fernandes Silva,"2026-09-15 00:11:44",2026-09-14 18:18:00.000,2026-09-15 04:30:00.000
MATRIZ,2026-09-14,2026-09-14,MANCHAS BAR,"7171401","000-7171401",6,6,0,HOB4C81,HOB4C81E1,62,MISTO,"38",E1,"3",Natan Silva Medeiros Júnior,"2026-09-14 21:00:24","2026-09-14 21:15:56",15.53,Wallace Christian Gomes Esteves   ,"2026-09-15 00:12:39","2026-09-15 00:12:42",Maxmiler Fernandes Silva,"2026-09-15 00:12:26",2026-09-14 18:18:00.000,2026-09-15 04:30:00.000
MATRIZ,2026-09-14,2026-09-14,MANCHAS BAR,"7171401","000-7171401",6,6,0,HOB4C81,HOB4C81D1,192,MISTO,"34",D1,"3",Adilson José Gonçalves,"2026-09-14 20:54:45","2026-09-14 21:14:54",20.15,Wallace Christian Gomes Esteves   ,"2026-09-14 23:57:58","2026-09-14 23:58:05",Maxmiler Fernandes Silva,"2026-09-14 23:57:57",2026-09-14 18:18:00.000,2026-09-15 04:30:00.000
MATRIZ,2026-09-14,2026-09-14,MANCHAS BAR,"7171401","000-7171401",6,6,0,HOB4C81,HOB4C81D3,74,MISTO,"37",D3,"3",Leonardo Caetano Rodrigues,"2026-09-14 20:59:53","2026-09-14 21:21:45",21.87,Wallace Christian Gomes Esteves   ,"2026-09-14 23:48:43","2026-09-14 23:48:51",Maxmiler Fernandes Silva,"2026-09-14 23:48:34",2026-09-14 18:18:00.000,2026-09-15 04:30:00.000
MATRIZ,2026-09-14,2026-09-14,MANCHAS BAR,"7171401","000-7171401",6,6,0,HOB4C81,HOB4C81E3,253,MISTO,"33",E3,"3",Marcos Vinicio Alves Pessoa,"2026-09-14 20:55:13","2026-09-14 21:33:29",38.27,Wallace Christian Gomes Esteves   ,"2026-09-14 23:47:22","2026-09-14 23:47:30",Maxmiler Fernandes Silva,"2026-09-14 23:46:49",2026-09-14 18:18:00.000,2026-09-15 04:30:00.000
MATRIZ,2026-09-14,2026-09-14,FRANGOLITO GV,"7121401","000-7121401",7,7,0,DJB5C58,DJB5C58D2,187,MISTO,"124",D2,"1",Marcos Vinicio Alves Pessoa,"2026-09-14 22:31:10","2026-09-14 22:53:00",21.83,Wallace Christian Gomes Esteves   ,"2026-09-15 03:51:55","2026-09-15 03:51:58",Maxmiler Fernandes Silva,"2026-09-15 00:55:27",2026-09-14 18:18:00.000,2026-09-15 04:30:00.000
MATRIZ,2026-09-14,2026-09-14,FRANGOLITO GV,"7121401","000-7121401",7,7,0,DJB5C58,DJB5C58E1,192,MISTO,"141",E1,"1",Felipe Rogerio Estevam Da Silva ,"2026-09-14 22:29:35","2026-09-14 22:54:18",24.72,Wallace Christian Gomes Esteves   ,"2026-09-15 03:52:08","2026-09-15 03:52:10",Maxmiler Fernandes Silva,"2026-09-15 00:54:13",2026-09-14 18:18:00.000,2026-09-15 04:30:00.000
MATRIZ,2026-09-14,2026-09-14,FRANGOLITO GV,"7121401","000-7121401",7,7,0,DJB5C58,DJB5C58E3,193,MISTO,"121",E3,"1",Adilson José Gonçalves,"2026-09-14 22:28:07","2026-09-14 23:02:07",34.00,Wallace Christian Gomes Esteves   ,"2026-09-15 03:51:29","2026-09-15 03:51:31",Maxmiler Fernandes Silva,"2026-09-15 00:51:27",2026-09-14 18:18:00.000,2026-09-15 04:30:00.000
MATRIZ,2026-09-14,2026-09-14,FRANGOLITO GV,"7121401","000-7121401",7,7,0,DJB5C58,DJB5C58D1,325,MISTO,"155",D1,"1",Gianmiller Moraes,"2026-09-14 22:27:21","2026-09-14 23:44:01",76.67,Wallace Christian Gomes Esteves   ,"2026-09-15 03:51:23","2026-09-15 03:51:25",Maxmiler Fernandes Silva,"2026-09-15 02:50:53",2026-09-14 18:18:00.000,2026-09-15 04:30:00.000
MATRIZ,2026-09-14,2026-09-14,FRANGOLITO GV,"7121401","000-7121401",7,7,0,DJB5C58,DJB5C58E2,50,MISTO,"139",E2,"1",Pedro Lucas Procópio dos Santos,"2026-09-14 22:41:07","2026-09-14 22:55:58",14.85,Wallace Christian Gomes Esteves   ,"2026-09-15 03:51:37","2026-09-15 03:51:39",Maxmiler Fernandes Silva,"2026-09-15 00:51:00",2026-09-14 18:18:00.000,2026-09-15 04:30:00.000
MATRIZ,2026-09-14,2026-09-14,FRANGOLITO GV,"7121401","000-7121401",7,7,0,DJB5C58,DJB5C58D3,56,MISTO,"134",D3,"1",Denilton Batista Dos Santos,"2026-09-14 22:41:16","2026-09-14 23:24:17",43.02,Wallace Christian Gomes Esteves   ,"2026-09-15 03:52:03","2026-09-15 03:52:05",Maxmiler Fernandes Silva,"2026-09-15 00:57:45",2026-09-14 18:18:00.000,2026-09-15 04:30:00.000
MATRIZ,2026-09-14,2026-09-14,CRICARE,"7261401","000-7261401",10,2,8,TCL0I22,TCL0I22E4,75,COMPLETO,,E4,"5",,,,,Wallace Christian Gomes Esteves   ,"2026-09-15 04:00:34","2026-09-15 04:00:37",Maxmiler Fernandes Silva,"2026-09-15 01:35:21",2026-09-14 18:18:00.000,2026-09-15 04:30:00.000
MATRIZ,2026-09-14,2026-09-14,CRICARE,"7261401","000-7261401",10,2,8,TCL0I22,TCL0I22D1,75,COMPLETO,,D1,"5",,,,,Wallace Christian Gomes Esteves   ,"2026-09-15 03:59:39","2026-09-15 03:59:45",Maxmiler Fernandes Silva,"2026-09-15 01:35:49",2026-09-14 18:18:00.000,2026-09-15 04:30:00.000
MATRIZ,2026-09-14,2026-09-14,CRICARE,"7261401","000-7261401",10,2,8,TCL0I22,TCL0I22D5,42,MISTO,"159",D5,"5",Leonardo Caetano Rodrigues,"2026-09-14 22:07:07","2026-09-14 22:21:17",14.17,Wallace Christian Gomes Esteves   ,"2026-09-15 04:00:15","2026-09-15 04:00:17",Maxmiler Fernandes Silva,"2026-09-15 01:13:47",2026-09-14 18:18:00.000,2026-09-15 04:30:00.000
MATRIZ,2026-09-14,2026-09-14,CRICARE,"7261401","000-7261401",10,2,8,TCL0I22,TCL0I22E1,75,COMPLETO,,E1,"5",,,,,Wallace Christian Gomes Esteves   ,"2026-09-15 03:59:57","2026-09-15 04:00:02",Maxmiler Fernandes Silva,"2026-09-15 01:35:45",2026-09-14 18:18:00.000,2026-09-15 04:30:00.000
MATRIZ,2026-09-14,2026-09-14,CRICARE,"7261401","000-7261401",10,2,8,TCL0I22,TCL0I22D4,75,COMPLETO,,D4,"5",,,,,Wallace Christian Gomes Esteves   ,"2026-09-15 03:59:51","2026-09-15 03:59:54",Maxmiler Fernandes Silva,"2026-09-15 01:35:25",2026-09-14 18:18:00.000,2026-09-15 04:30:00.000
MATRIZ,2026-09-14,2026-09-14,CRICARE,"7261401","000-7261401",10,2,8,TCL0I22,TCL0I22E3,75,COMPLETO,,E3,"5",,,,,Wallace Christian Gomes Esteves   ,"2026-09-15 04:00:46","2026-09-15 04:00:49",Maxmiler Fernandes Silva,"2026-09-15 01:35:29",2026-09-14 18:18:00.000,2026-09-15 04:30:00.000
MATRIZ,2026-09-14,2026-09-14,CRICARE,"7261401","000-7261401",10,2,8,TCL0I22,TCL0I22D2,75,COMPLETO,,D2,"5",,,,,Wallace Christian Gomes Esteves   ,"2026-09-15 04:00:05","2026-09-15 04:00:09",Maxmiler Fernandes Silva,"2026-09-15 01:35:41",2026-09-14 18:18:00.000,2026-09-15 04:30:00.000
MATRIZ,2026-09-14,2026-09-14,CRICARE,"7261401","000-7261401",10,2,8,TCL0I22,TCL0I22E5,93,MISTO,"160",E5,"5",Adilson José Gonçalves,"2026-09-14 21:57:06","2026-09-14 22:25:34",28.47,Wallace Christian Gomes Esteves   ,"2026-09-15 04:00:28","2026-09-15 04:00:31",Maxmiler Fernandes Silva,"2026-09-15 01:13:52",2026-09-14 18:18:00.000,2026-09-15 04:30:00.000
MATRIZ,2026-09-14,2026-09-14,CRICARE,"7261401","000-7261401",10,2,8,TCL0I22,TCL0I22E2,75,COMPLETO,,E2,"5",,,,,Wallace Christian Gomes Esteves   ,"2026-09-15 04:00:40","2026-09-15 04:00:44",Maxmiler Fernandes Silva,"2026-09-15 01:35:37",2026-09-14 18:18:00.000,2026-09-15 04:30:00.000
MATRIZ,2026-09-14,2026-09-14,CRICARE,"7261401","000-7261401",10,2,8,TCL0I22,TCL0I22D3,75,COMPLETO,,D3,"5",,,,,Wallace Christian Gomes Esteves   ,"2026-09-15 04:00:52","2026-09-15 04:01:13",Maxmiler Fernandes Silva,"2026-09-15 01:35:33",2026-09-14 18:18:00.000,2026-09-15 04:30:00.000
MATRIZ,2026-09-14,2026-09-14,CINTIA BOLERIA GOURMET LTDA,"7151401","000-7151401",7,7,0,MQU8E71,MQU8E71D3,299,MISTO,"140",D3,"3",Marcos Vinicio Alves Pessoa,"2026-09-14 23:44:27","2026-09-15 01:25:36",101.15,Wallace Christian Gomes Esteves   ,"2026-09-15 04:25:15","2026-09-15 04:25:21",Maxmiler Fernandes Silva,"2026-09-15 03:13:31",2026-09-14 18:18:00.000,2026-09-15 04:30:00.000
MATRIZ,2026-09-14,2026-09-14,CINTIA BOLERIA GOURMET LTDA,"7151401","000-7151401",7,7,0,MQU8E71,MQU8E71D2,232,MISTO,"142",D2,"3",Gianmiller Moraes,"2026-09-14 23:47:21","2026-09-15 02:26:53",159.53,Wallace Christian Gomes Esteves   ,"2026-09-15 04:24:44","2026-09-15 04:24:46",Maxmiler Fernandes Silva,"2026-09-15 03:00:29",2026-09-14 18:18:00.000,2026-09-15 04:30:00.000
MATRIZ,2026-09-14,2026-09-14,CINTIA BOLERIA GOURMET LTDA,"7151401","000-7151401",7,7,0,MQU8E71,MQU8E71E2,49,MISTO,"30",E2,"3",Pedro Lucas Procópio dos Santos,"2026-09-15 01:17:31","2026-09-15 01:36:40",19.15,Wallace Christian Gomes Esteves   ,"2026-09-15 04:24:58","2026-09-15 04:25:00",Maxmiler Fernandes Silva,"2026-09-15 03:24:45",2026-09-14 18:18:00.000,2026-09-15 04:30:00.000
MATRIZ,2026-09-14,2026-09-14,CINTIA BOLERIA GOURMET LTDA,"7151401","000-7151401",7,7,0,MQU8E71,MQU8E71E3,72,MISTO,"150",E3,"3",Adilson José Gonçalves,"2026-09-14 23:48:20","2026-09-15 00:07:07",18.78,Wallace Christian Gomes Esteves   ,"2026-09-15 04:24:31","2026-09-15 04:24:33",Maxmiler Fernandes Silva,"2026-09-15 03:30:35",2026-09-14 18:18:00.000,2026-09-15 04:30:00.000
MATRIZ,2026-09-14,2026-09-14,CINTIA BOLERIA GOURMET LTDA,"7151401","000-7151401",7,7,0,MQU8E71,MQU8E71D1,181,MISTO,"120",D1,"3",Leonardo Caetano Rodrigues,"2026-09-15 01:15:16","2026-09-15 01:41:24",26.13,Wallace Christian Gomes Esteves   ,"2026-09-15 04:24:36","2026-09-15 04:24:38",Maxmiler Fernandes Silva,"2026-09-15 03:22:57",2026-09-14 18:18:00.000,2026-09-15 04:30:00.000
MATRIZ,2026-09-14,2026-09-14,CINTIA BOLERIA GOURMET LTDA,"7151401","000-7151401",7,7,0,MQU8E71,MQU8E71E1,35,MISTO,"16",E1,"3",Marcos Vinicio Alves Pessoa,"2026-09-15 03:22:22","2026-09-15 03:29:44",7.37,Wallace Christian Gomes Esteves   ,"2026-09-15 04:25:05","2026-09-15 04:25:08",Maxmiler Fernandes Silva,"2026-09-15 03:49:47",2026-09-14 18:18:00.000,2026-09-15 04:30:00.000
MATRIZ,2026-09-14,2026-09-14,RESTAURANTE PITADA,"7191401","000-7191401",9,9,0,KZX0905,KZX0905D2,216,MISTO,"14",D2,"1",Pedro Lucas Procópio dos Santos,"2026-09-15 01:44:40","2026-09-15 02:19:13",34.55,Wallace Christian Gomes Esteves   ,"2026-09-15 03:55:32","2026-09-15 03:55:34",Maxmiler Fernandes Silva,"2026-09-15 02:52:58",2026-09-14 18:18:00.000,2026-09-15 04:30:00.000
MATRIZ,2026-09-14,2026-09-14,RESTAURANTE PITADA,"7191401","000-7191401",9,9,0,KZX0905,KZX0905D4,133,MISTO,"36",D4,"1",Leonardo Caetano Rodrigues,"2026-09-15 01:58:28","2026-09-15 02:16:03",17.58,Wallace Christian Gomes Esteves   ,"2026-09-15 03:54:42","2026-09-15 03:54:44",Maxmiler Fernandes Silva,"2026-09-15 02:48:12",2026-09-14 18:18:00.000,2026-09-15 04:30:00.000
MATRIZ,2026-09-14,2026-09-14,RESTAURANTE PITADA,"7191401","000-7191401",9,9,0,KZX0905,KZX0905D1,74,MISTO,"126",D1,"1",Felipe Rogerio Estevam Da Silva ,"2026-09-15 02:16:38","2026-09-15 02:21:07",4.48,Wallace Christian Gomes Esteves   ,"2026-09-15 03:55:00","2026-09-15 03:55:02",Maxmiler Fernandes Silva,"2026-09-15 02:46:31",2026-09-14 18:18:00.000,2026-09-15 04:30:00.000
MATRIZ,2026-09-14,2026-09-14,RESTAURANTE PITADA,"7191401","000-7191401",9,9,0,KZX0905,KZX0905E2,29,MISTO,"153",E2,"1",Felipe Rogerio Estevam Da Silva ,"2026-09-15 02:25:18","2026-09-15 02:30:05",4.78,Wallace Christian Gomes Esteves   ,"2026-09-15 03:54:53","2026-09-15 03:54:55",Maxmiler Fernandes Silva,"2026-09-15 03:28:18",2026-09-14 18:18:00.000,2026-09-15 04:30:00.000
MATRIZ,2026-09-14,2026-09-14,RESTAURANTE PITADA,"7191401","000-7191401",9,9,0,KZX0905,KZX0905E3,29,MISTO,"145",E3,"1",Felipe Rogerio Estevam Da Silva ,"2026-09-15 02:21:38","2026-09-15 02:24:51",3.22,Wallace Christian Gomes Esteves   ,"2026-09-15 03:55:18","2026-09-15 03:55:20",Maxmiler Fernandes Silva,"2026-09-15 02:46:26",2026-09-14 18:18:00.000,2026-09-15 04:30:00.000
MATRIZ,2026-09-14,2026-09-14,RESTAURANTE PITADA,"7191401","000-7191401",9,9,0,KZX0905,KZX0905D3,138,MISTO,"144",D3,"1",Felipe Rogerio Estevam Da Silva ,"2026-09-15 01:55:20","2026-09-15 02:16:04",20.73,Wallace Christian Gomes Esteves   ,"2026-09-15 03:55:06","2026-09-15 03:55:09",Maxmiler Fernandes Silva,"2026-09-15 02:53:52",2026-09-14 18:18:00.000,2026-09-15 04:30:00.000
MATRIZ,2026-09-14,2026-09-14,RESTAURANTE PITADA,"7191401","000-7191401",9,9,0,KZX0905,KZX0905E1,48,MISTO,"52",E1,"1",Natan Silva Medeiros Júnior,"2026-09-15 02:21:13","2026-09-15 02:27:23",6.17,Wallace Christian Gomes Esteves   ,"2026-09-15 03:55:38","2026-09-15 03:55:40",Maxmiler Fernandes Silva,"2026-09-15 03:27:30",2026-09-14 18:18:00.000,2026-09-15 04:30:00.000
MATRIZ,2026-09-14,2026-09-14,RESTAURANTE PITADA,"7191401","000-7191401",9,9,0,KZX0905,KZX0905E4,79,MISTO,"51",E4,"1",Leonardo Caetano Rodrigues,"2026-09-15 02:17:25","2026-09-15 02:37:57",20.53,Wallace Christian Gomes Esteves   ,"2026-09-15 03:55:25","2026-09-15 03:55:27",Maxmiler Fernandes Silva,"2026-09-15 03:26:39",2026-09-14 18:18:00.000,2026-09-15 04:30:00.000
MATRIZ,2026-09-14,2026-09-14,ACOUGUE DA JAQUE,"7341401","000-7341401",7,7,0,TYE8D59,TYE8D59D3,176,MISTO,"13",D3,"2",Geraldo Teixeira Baia Junior,"2026-09-14 21:33:52","2026-09-14 22:20:29",46.62,Wallace Christian Gomes Esteves   ,"2026-09-15 00:01:39","2026-09-15 00:01:49",Maxmiler Fernandes Silva,"2026-09-15 00:01:34",2026-09-14 18:18:00.000,2026-09-15 04:30:00.000
MATRIZ,2026-09-14,2026-09-14,ACOUGUE DA JAQUE,"7341401","000-7341401",7,7,0,TYE8D59,TYE8D59E3,232,MISTO,"40",E3,"2",Gianmiller Moraes,"2026-09-14 21:08:34","2026-09-14 22:20:46",72.20,Wallace Christian Gomes Esteves   ,"2026-09-15 00:02:53","2026-09-15 00:03:06",Maxmiler Fernandes Silva,"2026-09-15 00:02:32",2026-09-14 18:18:00.000,2026-09-15 04:30:00.000
MATRIZ,2026-09-14,2026-09-14,ACOUGUE DA JAQUE,"7341401","000-7341401",7,7,0,TYE8D59,TYE8D59D1,190,MISTO,"43",D1,"2",Adilson José Gonçalves,"2026-09-14 21:16:02","2026-09-14 21:35:24",19.37,Wallace Christian Gomes Esteves   ,"2026-09-15 00:05:19","2026-09-15 00:05:35",Maxmiler Fernandes Silva,"2026-09-15 00:05:11",2026-09-14 18:18:00.000,2026-09-15 04:30:00.000
MATRIZ,2026-09-14,2026-09-14,ACOUGUE DA JAQUE,"7341401","000-7341401",7,7,0,TYE8D59,TYE8D59E2,37,MISTO,"47",E2,"2",Felipe Rogerio Estevam Da Silva ,"2026-09-14 21:21:28","2026-09-14 21:32:47",11.32,Wallace Christian Gomes Esteves   ,"2026-09-14 23:55:50","2026-09-14 23:55:55",Maxmiler Fernandes Silva,"2026-09-14 23:55:42",2026-09-14 18:18:00.000,2026-09-15 04:30:00.000
MATRIZ,2026-09-14,2026-09-14,ACOUGUE DA JAQUE,"7341401","000-7341401",7,7,0,TYE8D59,TYE8D59D2,259,MISTO,"41",D2,"2",Denilton Batista Dos Santos,"2026-09-14 21:09:28","2026-09-14 21:54:55",45.45,Wallace Christian Gomes Esteves   ,"2026-09-14 23:52:06","2026-09-14 23:52:15",Maxmiler Fernandes Silva,"2026-09-14 23:51:18",2026-09-14 18:18:00.000,2026-09-15 04:30:00.000
MATRIZ,2026-09-14,2026-09-14,ACOUGUE DA JAQUE,"7341401","000-7341401",7,7,0,TYE8D59,TYE8D59E1,70,MISTO,"44",E1,"2",Natan Silva Medeiros Júnior,"2026-09-14 21:16:12","2026-09-14 21:33:16",17.07,Wallace Christian Gomes Esteves   ,"2026-09-15 00:17:03","2026-09-15 00:17:08",Maxmiler Fernandes Silva,"2026-09-15 00:17:01",2026-09-14 18:18:00.000,2026-09-15 04:30:00.000
MATRIZ,2026-09-14,2026-09-14,RESTAURANTE E SIMILA,"7381401","000-7381401",7,7,0,KKJ5250,KKJ5250E3,314,MISTO,"3",E3,"1",Pedro Lucas Procópio dos Santos,"2026-09-15 02:26:43","2026-09-15 03:31:17",64.57,Wallace Christian Gomes Esteves   ,"2026-09-15 04:19:50","2026-09-15 04:19:57",Maxmiler Fernandes Silva,"2026-09-15 04:12:28",2026-09-14 18:18:00.000,2026-09-15 04:30:00.000
MATRIZ,2026-09-14,2026-09-14,RESTAURANTE E SIMILA,"7381401","000-7381401",7,7,0,KKJ5250,KKJ5250D2,86,MISTO,"13",D2,"1",Marcos Vinicio Alves Pessoa,"2026-09-15 02:31:58","2026-09-15 02:47:46",15.80,Wallace Christian Gomes Esteves   ,"2026-09-15 04:22:52","2026-09-15 04:22:56",Maxmiler Fernandes Silva,"2026-09-15 03:35:32",2026-09-14 18:18:00.000,2026-09-15 04:30:00.000
MATRIZ,2026-09-14,2026-09-14,RESTAURANTE E SIMILA,"7381401","000-7381401",7,7,0,KKJ5250,KKJ5250E2,89,MISTO,"37",E2,"1",Gianmiller Moraes,"2026-09-15 02:31:46","2026-09-15 03:23:24",51.63,Wallace Christian Gomes Esteves   ,"2026-09-15 04:20:02","2026-09-15 04:20:04",Maxmiler Fernandes Silva,"2026-09-15 03:41:46",2026-09-14 18:18:00.000,2026-09-15 04:30:00.000
MATRIZ,2026-09-14,2026-09-14,RESTAURANTE E SIMILA,"7381401","000-7381401",7,7,0,KKJ5250,KKJ5250E1,48,MISTO,"4",E1,"1",Leonardo Miguel,"2026-09-15 02:36:36","2026-09-15 02:50:59",14.38,Wallace Christian Gomes Esteves   ,"2026-09-15 04:22:59","2026-09-15 04:23:01",Maxmiler Fernandes Silva,"2026-09-15 03:46:03",2026-09-14 18:18:00.000,2026-09-15 04:30:00.000
MATRIZ,2026-09-14,2026-09-14,RESTAURANTE E SIMILA,"7381401","000-7381401",7,7,0,KKJ5250,KKJ5250D1,207,MISTO,"23",D1,"1",Natan Silva Medeiros Júnior,"2026-09-15 02:30:40","2026-09-15 03:28:27",57.78,Wallace Christian Gomes Esteves   ,"2026-09-15 04:20:11","2026-09-15 04:20:13",Maxmiler Fernandes Silva,"2026-09-15 03:54:21",2026-09-14 18:18:00.000,2026-09-15 04:30:00.000
MATRIZ,2026-09-14,2026-09-14,RESTAURANTE E SIMILA,"7381401","000-7381401",7,7,0,KKJ5250,KKJ5250D3,253,MISTO,"135",D3,"1",Felipe Rogerio Estevam Da Silva ,"2026-09-15 02:30:29","2026-09-15 03:23:03",52.57,Wallace Christian Gomes Esteves   ,"2026-09-15 04:20:23","2026-09-15 04:20:27",Maxmiler Fernandes Silva,"2026-09-15 03:37:21",2026-09-14 18:18:00.000,2026-09-15 04:30:00.000
MATRIZ,2026-09-15,2026-09-15,EDNA,"7401501","000-7401501",11,9,2,PUN0E10,PUN0E10E1,75,COMPLETO,,E1,"04",,,,,Wallace Christian Gomes Esteves   ,"2026-09-16 03:36:53","2026-09-16 03:36:57",Maxmiler Fernandes Silva,"2026-09-16 03:19:42",2026-09-15 20:39:00.000,2026-09-16 03:30:00.000
MATRIZ,2026-09-15,2026-09-15,EDNA,"7401501","000-7401501",11,9,2,PUN0E10,PUN0E10D1,75,COMPLETO,,D1,"04",,,,,Wallace Christian Gomes Esteves   ,"2026-09-16 03:37:00","2026-09-16 03:37:02",Maxmiler Fernandes Silva,"2026-09-16 03:19:46",2026-09-15 20:39:00.000,2026-09-16 03:30:00.000
MATRIZ,2026-09-15,2026-09-15,EDNA,"7401501","000-7401501",11,9,2,PUN0E10,PUN0E10D3,46,MISTO,"11",D3,"04",Gianmiller Moraes,"2026-09-16 01:58:45","2026-09-16 02:54:04",55.32,Wallace Christian Gomes Esteves   ,"2026-09-16 03:35:50","2026-09-16 03:35:53",Maxmiler Fernandes Silva,"2026-09-16 03:23:30",2026-09-15 20:39:00.000,2026-09-16 03:30:00.000
MATRIZ,2026-09-15,2026-09-15,EDNA,"7401501","000-7401501",11,9,2,PUN0E10,PUN0E10E2,50,MISTO,"51",E2,"04",Gianmiller Moraes,"2026-09-16 01:50:01","2026-09-16 01:54:04",4.05,Wallace Christian Gomes Esteves   ,"2026-09-16 03:27:06","2026-09-16 03:27:08",Maxmiler Fernandes Silva,"2026-09-16 03:26:53",2026-09-15 20:39:00.000,2026-09-16 03:30:00.000
MATRIZ,2026-09-15,2026-09-15,EDNA,"7401501","000-7401501",11,9,2,PUN0E10,PUN0E10D4,103,MISTO,"47",D4,"04",Natan Silva Medeiros Júnior,"2026-09-16 01:25:55","2026-09-16 02:14:39",48.73,Wallace Christian Gomes Esteves   ,"2026-09-16 03:35:57","2026-09-16 03:35:59",Maxmiler Fernandes Silva,"2026-09-16 03:30:08",2026-09-15 20:39:00.000,2026-09-16 03:30:00.000
MATRIZ,2026-09-15,2026-09-15,EDNA,"7401501","000-7401501",11,9,2,PUN0E10,PUN0E10E5,132,MISTO,"34",E5,"04",Marcos Vinicio Alves Pessoa,"2026-09-16 01:23:01","2026-09-16 02:12:34",49.55,Wallace Christian Gomes Esteves   ,"2026-09-16 03:36:33","2026-09-16 03:36:35",Maxmiler Fernandes Silva,"2026-09-16 03:26:22",2026-09-15 20:39:00.000,2026-09-16 03:30:00.000
MATRIZ,2026-09-15,2026-09-15,EDNA,"7401501","000-7401501",11,9,2,PUN0E10,PUN0E10D2,43,MISTO,"16",D2,"04",Pedro Lucas Procópio dos Santos,"2026-09-16 02:08:38","2026-09-16 02:37:25",28.78,Wallace Christian Gomes Esteves   ,"2026-09-16 03:36:06","2026-09-16 03:36:08",Maxmiler Fernandes Silva,"2026-09-16 03:22:06",2026-09-15 20:39:00.000,2026-09-16 03:30:00.000
MATRIZ,2026-09-15,2026-09-15,EDNA,"7401501","000-7401501",11,9,2,PUN0E10,PUN0E10E4,60,MISTO,"50",E4,"04",Pedro Lucas Procópio dos Santos,"2026-09-16 01:46:56","2026-09-16 02:07:16",20.33,Wallace Christian Gomes Esteves   ,"2026-09-16 03:36:13","2026-09-16 03:36:18",Maxmiler Fernandes Silva,"2026-09-16 03:27:48",2026-09-15 20:39:00.000,2026-09-16 03:30:00.000
MATRIZ,2026-09-15,2026-09-15,EDNA,"7401501","000-7401501",11,9,2,PUN0E10,PUN0E10D5,85,MISTO,"48",D5,"04",Felipe Rogerio Estevam Da Silva ,"2026-09-16 01:32:11","2026-09-16 01:56:39",24.47,Wallace Christian Gomes Esteves   ,"2026-09-16 03:36:40","2026-09-16 03:36:42",Maxmiler Fernandes Silva,"2026-09-16 03:20:46",2026-09-15 20:39:00.000,2026-09-16 03:30:00.000
MATRIZ,2026-09-15,2026-09-15,EDNA,"7401501","000-7401501",11,9,2,PUN0E10,PUN0E10E3,77,MISTO,"49",E3,"04",Leonardo Caetano Rodrigues,"2026-09-16 01:44:57","2026-09-16 02:11:32",26.58,Wallace Christian Gomes Esteves   ,"2026-09-16 03:36:45","2026-09-16 03:36:48",Maxmiler Fernandes Silva,"2026-09-16 03:15:49",2026-09-15 20:39:00.000,2026-09-16 03:30:00.000
MATRIZ,2026-09-15,2026-09-15,OLIVEIRAS BAR,"7121501","000-7121501",7,7,0,DJB5C58,DJB5C58E1,54,MISTO,"36",E1,"2",Felipe Rogerio Estevam Da Silva ,"2026-09-15 22:26:47","2026-09-15 22:41:22",14.58,Wallace Christian Gomes Esteves   ,"2026-09-15 23:50:52","2026-09-15 23:50:55",Maxmiler Fernandes Silva,"2026-09-15 23:50:43",2026-09-15 20:39:00.000,2026-09-16 03:30:00.000
MATRIZ,2026-09-15,2026-09-15,OLIVEIRAS BAR,"7121501","000-7121501",7,7,0,DJB5C58,DJB5C58E3,45,MISTO,"35",E3,"2",Pedro Lucas Procópio dos Santos,"2026-09-15 22:26:52","2026-09-15 22:41:48",14.93,Wallace Christian Gomes Esteves   ,"2026-09-15 23:47:50","2026-09-15 23:47:57",Maxmiler Fernandes Silva,"2026-09-15 23:42:06",2026-09-15 20:39:00.000,2026-09-16 03:30:00.000
MATRIZ,2026-09-15,2026-09-15,OLIVEIRAS BAR,"7121501","000-7121501",7,7,0,DJB5C58,DJB5C58D1,40,MISTO,"32",D1,"2",Gianmiller Moraes,"2026-09-15 22:41:11","2026-09-15 22:43:50",2.65,Wallace Christian Gomes Esteves   ,"2026-09-15 23:45:58","2026-09-15 23:46:00",Maxmiler Fernandes Silva,"2026-09-15 23:43:23",2026-09-15 20:39:00.000,2026-09-16 03:30:00.000
MATRIZ,2026-09-15,2026-09-15,OLIVEIRAS BAR,"7121501","000-7121501",7,7,0,DJB5C58,DJB5C58E2,88,MISTO,"34",E2,"2",Leonardo Caetano Rodrigues,"2026-09-15 22:27:08","2026-09-15 22:47:25",20.28,Wallace Christian Gomes Esteves   ,"2026-09-15 23:45:50","2026-09-15 23:45:53",Maxmiler Fernandes Silva,"2026-09-15 23:45:34",2026-09-15 20:39:00.000,2026-09-16 03:30:00.000
MATRIZ,2026-09-15,2026-09-15,OLIVEIRAS BAR,"7121501","000-7121501",7,7,0,DJB5C58,DJB5C58D3,42,MISTO,"33",D3,"2",Natan Silva Medeiros Júnior,"2026-09-15 22:32:36","2026-09-15 22:50:11",17.58,Wallace Christian Gomes Esteves   ,"2026-09-15 23:48:00","2026-09-15 23:48:02",Maxmiler Fernandes Silva,"2026-09-15 23:47:58",2026-09-15 20:39:00.000,2026-09-16 03:30:00.000
MATRIZ,2026-09-15,2026-09-15,OLIVEIRAS BAR,"7121501","000-7121501",7,7,0,DJB5C58,DJB5C58D2,154,MISTO,"37",D2,"2",Marcos Vinicio Alves Pessoa,"2026-09-15 22:21:10","2026-09-15 23:10:13",49.05,Wallace Christian Gomes Esteves   ,"2026-09-15 23:49:56","2026-09-15 23:50:01",Maxmiler Fernandes Silva,"2026-09-15 23:49:19",2026-09-15 20:39:00.000,2026-09-16 03:30:00.000
MATRIZ,2026-09-15,2026-09-15,QUIOSQUE ROGERIO,"7141501","000-7141501",7,7,0,HAI2518,HAI2518E1,59,MISTO,"23",E1,"4",Pedro Lucas Procópio dos Santos,"2026-09-15 23:14:00","2026-09-15 23:25:50",11.83,Wallace Christian Gomes Esteves   ,"2026-09-16 02:37:34","2026-09-16 02:37:37",Maxmiler Fernandes Silva,"2026-09-16 02:36:17",2026-09-15 20:39:00.000,2026-09-16 03:30:00.000
MATRIZ,2026-09-15,2026-09-15,QUIOSQUE ROGERIO,"7141501","000-7141501",7,7,0,HAI2518,HAI2518D2,184,MISTO,"24",D2,"4",Marcos Vinicio Alves Pessoa,"2026-09-15 23:13:25","2026-09-16 00:24:36",71.18,Wallace Christian Gomes Esteves   ,"2026-09-16 02:37:10","2026-09-16 02:37:12",Maxmiler Fernandes Silva,"2026-09-16 02:25:22",2026-09-15 20:39:00.000,2026-09-16 03:30:00.000
MATRIZ,2026-09-15,2026-09-15,QUIOSQUE ROGERIO,"7141501","000-7141501",7,7,0,HAI2518,HAI2518E2,312,MISTO,"25",E2,"4",Leonardo Caetano Rodrigues,"2026-09-15 23:07:05","2026-09-15 23:37:42",30.62,Wallace Christian Gomes Esteves   ,"2026-09-16 02:42:06","2026-09-16 02:42:16",Maxmiler Fernandes Silva,"2026-09-16 02:41:50",2026-09-15 20:39:00.000,2026-09-16 03:30:00.000
MATRIZ,2026-09-15,2026-09-15,QUIOSQUE ROGERIO,"7141501","000-7141501",7,7,0,HAI2518,HAI2518E3,58,MISTO,"22",E3,"4",Natan Silva Medeiros Júnior,"2026-09-15 23:18:26","2026-09-15 23:58:42",40.27,Wallace Christian Gomes Esteves   ,"2026-09-16 02:37:20","2026-09-16 02:37:24",Maxmiler Fernandes Silva,"2026-09-16 02:34:28",2026-09-15 20:39:00.000,2026-09-16 03:30:00.000
MATRIZ,2026-09-15,2026-09-15,QUIOSQUE ROGERIO,"7141501","000-7141501",7,7,0,HAI2518,HAI2518D1,54,MISTO,"21",D1,"4",Felipe Rogerio Estevam Da Silva ,"2026-09-15 23:25:19","2026-09-15 23:37:56",12.62,Wallace Christian Gomes Esteves   ,"2026-09-16 02:41:51","2026-09-16 02:41:53",Maxmiler Fernandes Silva,"2026-09-16 02:41:46",2026-09-15 20:39:00.000,2026-09-16 03:30:00.000
MATRIZ,2026-09-15,2026-09-15,QUIOSQUE ROGERIO,"7141501","000-7141501",7,7,0,HAI2518,HAI2518D3,42,MISTO,"146",D3,"4",Geraldo Teixeira Baia Junior,"2026-09-15 23:29:50","2026-09-15 23:45:31",15.68,Wallace Christian Gomes Esteves   ,"2026-09-16 02:37:45","2026-09-16 02:37:48",Maxmiler Fernandes Silva,"2026-09-16 02:31:14",2026-09-15 20:39:00.000,2026-09-16 03:30:00.000
MATRIZ,2026-09-15,2026-09-15,JUSCILENE APARECIDA BRITO DE S,"7131501","000-7131501",7,7,0,JXS4C69,JXS4C69D3,40,MISTO,"27",D3,"3",Natan Silva Medeiros Júnior,"2026-09-15 22:57:29","2026-09-15 23:15:35",18.10,Wallace Christian Gomes Esteves   ,"2026-09-16 00:05:08","2026-09-16 00:05:12",Maxmiler Fernandes Silva,"2026-09-16 00:04:48",2026-09-15 20:39:00.000,2026-09-16 03:30:00.000
MATRIZ,2026-09-15,2026-09-15,JUSCILENE APARECIDA BRITO DE S,"7131501","000-7131501",7,7,0,JXS4C69,JXS4C69E2,45,MISTO,"29",E2,"3",Pedro Lucas Procópio dos Santos,"2026-09-15 22:50:44","2026-09-15 23:04:53",14.15,Wallace Christian Gomes Esteves   ,"2026-09-16 00:06:39","2026-09-16 00:06:41",Maxmiler Fernandes Silva,"2026-09-16 00:06:26",2026-09-15 20:39:00.000,2026-09-16 03:30:00.000
MATRIZ,2026-09-15,2026-09-15,JUSCILENE APARECIDA BRITO DE S,"7131501","000-7131501",7,7,0,JXS4C69,JXS4C69D2,119,MISTO,"30",D2,"3",Gianmiller Moraes,"2026-09-15 22:49:27","2026-09-15 23:34:14",44.78,Wallace Christian Gomes Esteves   ,"2026-09-16 00:06:28","2026-09-16 00:06:31",Maxmiler Fernandes Silva,"2026-09-16 00:06:20",2026-09-15 20:39:00.000,2026-09-16 03:30:00.000
MATRIZ,2026-09-15,2026-09-15,JUSCILENE APARECIDA BRITO DE S,"7131501","000-7131501",7,7,0,JXS4C69,JXS4C69E3,207,MISTO,"31",E3,"3",Felipe Rogerio Estevam Da Silva ,"2026-09-15 22:41:43","2026-09-15 23:24:26",42.72,Wallace Christian Gomes Esteves   ,"2026-09-16 00:04:34","2026-09-16 00:04:36",Maxmiler Fernandes Silva,"2026-09-16 00:03:02",2026-09-15 20:39:00.000,2026-09-16 03:30:00.000
MATRIZ,2026-09-15,2026-09-15,JUSCILENE APARECIDA BRITO DE S,"7131501","000-7131501",7,7,0,JXS4C69,JXS4C69E1,68,MISTO,"28",E1,"3",Leonardo Caetano Rodrigues,"2026-09-15 22:49:47","2026-09-15 22:59:19",9.53,Wallace Christian Gomes Esteves   ,"2026-09-16 00:04:58","2026-09-16 00:05:02",Maxmiler Fernandes Silva,"2026-09-16 00:00:01",2026-09-15 20:39:00.000,2026-09-16 03:30:00.000
MATRIZ,2026-09-15,2026-09-15,JUSCILENE APARECIDA BRITO DE S,"7131501","000-7131501",7,7,0,JXS4C69,JXS4C69D1,40,MISTO,"26",D1,"3",Leonardo Caetano Rodrigues,"2026-09-15 23:00:13","2026-09-15 23:00:24",0.18,Wallace Christian Gomes Esteves   ,"2026-09-16 00:04:48","2026-09-16 00:04:50",Maxmiler Fernandes Silva,"2026-09-15 23:56:49",2026-09-15 20:39:00.000,2026-09-16 03:30:00.000
MATRIZ,2026-09-15,2026-09-15,PADARIA PONTO FINAL,"7151501","000-7151501",7,7,0,MQU8E71,MQU8E71D2,40,MISTO,"17",D2,"5",Leonardo Caetano Rodrigues,"2026-09-15 23:50:10","2026-09-15 23:58:09",7.98,Wallace Christian Gomes Esteves   ,"2026-09-16 02:56:23","2026-09-16 02:56:27",Maxmiler Fernandes Silva,"2026-09-16 02:52:48",2026-09-15 20:39:00.000,2026-09-16 03:30:00.000
MATRIZ,2026-09-15,2026-09-15,PADARIA PONTO FINAL,"7151501","000-7151501",7,7,0,MQU8E71,MQU8E71D3,114,MISTO,"19",D3,"5",Gianmiller Moraes,"2026-09-15 23:46:06","2026-09-16 00:59:34",73.47,Wallace Christian Gomes Esteves   ,"2026-09-16 02:56:38","2026-09-16 02:56:40",Maxmiler Fernandes Silva,"2026-09-16 02:46:17",2026-09-15 20:39:00.000,2026-09-16 03:30:00.000
MATRIZ,2026-09-15,2026-09-15,PADARIA PONTO FINAL,"7151501","000-7151501",7,7,0,MQU8E71,MQU8E71E1,68,MISTO,"151",E1,"5",Felipe Rogerio Estevam Da Silva ,"2026-09-15 23:38:34","2026-09-15 23:56:27",17.88,Wallace Christian Gomes Esteves   ,"2026-09-16 02:56:43","2026-09-16 02:56:45",Maxmiler Fernandes Silva,"2026-09-16 02:49:09",2026-09-15 20:39:00.000,2026-09-16 03:30:00.000
MATRIZ,2026-09-15,2026-09-15,PADARIA PONTO FINAL,"7151501","000-7151501",7,7,0,MQU8E71,MQU8E71E3,41,MISTO,"18",E3,"5",Leonardo Caetano Rodrigues,"2026-09-15 23:40:03","2026-09-15 23:49:41",9.63,Wallace Christian Gomes Esteves   ,"2026-09-16 02:56:52","2026-09-16 02:56:58",Maxmiler Fernandes Silva,"2026-09-16 02:55:44",2026-09-15 20:39:00.000,2026-09-16 03:30:00.000
MATRIZ,2026-09-15,2026-09-15,PADARIA PONTO FINAL,"7151501","000-7151501",7,7,0,MQU8E71,MQU8E71E2,290,MISTO,"20",E2,"5",Pedro Lucas Procópio dos Santos,"2026-09-15 23:33:00","2026-09-16 01:38:58",125.97,Wallace Christian Gomes Esteves   ,"2026-09-16 02:57:04","2026-09-16 02:57:06",Maxmiler Fernandes Silva,"2026-09-16 02:44:15",2026-09-15 20:39:00.000,2026-09-16 03:30:00.000
MATRIZ,2026-09-15,2026-09-15,PADARIA PONTO FINAL,"7151501","000-7151501",7,7,0,MQU8E71,MQU8E71D1,40,MISTO,"1",D1,"5",Leonardo Caetano Rodrigues,"2026-09-16 00:03:14","2026-09-16 00:19:28",16.23,Wallace Christian Gomes Esteves   ,"2026-09-16 02:57:12","2026-09-16 02:57:22",Maxmiler Fernandes Silva,"2026-09-16 02:50:53",2026-09-15 20:39:00.000,2026-09-16 03:30:00.000
MATRIZ,2026-09-15,2026-09-15,TUTI PANE,"7191501","000-7191501",9,8,1,KZX0905,KZX0905D2,145,MISTO,"26",D2,"2",Marcos Vinicio Alves Pessoa,"2026-09-16 00:28:04","2026-09-16 01:22:25",54.35,Wallace Christian Gomes Esteves   ,"2026-09-16 03:26:45","2026-09-16 03:26:48",Maxmiler Fernandes Silva,"2026-09-16 03:12:04",2026-09-15 20:39:00.000,2026-09-16 03:30:00.000
MATRIZ,2026-09-15,2026-09-15,TUTI PANE,"7191501","000-7191501",9,8,1,KZX0905,KZX0905D3,212,MISTO,"31",D3,"2",Leonardo Caetano Rodrigues,"2026-09-16 01:10:28","2026-09-16 01:34:27",23.98,Wallace Christian Gomes Esteves   ,"2026-09-16 03:21:54","2026-09-16 03:21:57",Maxmiler Fernandes Silva,"2026-09-16 03:07:58",2026-09-15 20:39:00.000,2026-09-16 03:30:00.000
MATRIZ,2026-09-15,2026-09-15,TUTI PANE,"7191501","000-7191501",9,8,1,KZX0905,KZX0905E3,114,MISTO,"28",E3,"2",Felipe Rogerio Estevam Da Silva ,"2026-09-16 00:38:29","2026-09-16 00:59:51",21.37,Wallace Christian Gomes Esteves   ,"2026-09-16 03:22:16","2026-09-16 03:22:18",Maxmiler Fernandes Silva,"2026-09-16 03:12:00",2026-09-15 20:39:00.000,2026-09-16 03:30:00.000
MATRIZ,2026-09-15,2026-09-15,TUTI PANE,"7191501","000-7191501",9,8,1,KZX0905,KZX0905D4,93,MISTO,"27",D4,"2",Gianmiller Moraes,"2026-09-16 01:08:15","2026-09-16 01:48:32",40.28,Wallace Christian Gomes Esteves   ,"2026-09-16 03:22:06","2026-09-16 03:22:10",Maxmiler Fernandes Silva,"2026-09-16 03:05:44",2026-09-15 20:39:00.000,2026-09-16 03:30:00.000
MATRIZ,2026-09-15,2026-09-15,TUTI PANE,"7191501","000-7191501",9,8,1,KZX0905,KZX0905D1,50,COMPLETO,,D1,"2",,,,,Wallace Christian Gomes Esteves   ,"2026-09-16 03:26:54","2026-09-16 03:26:57",Maxmiler Fernandes Silva,"2026-09-16 02:58:13",2026-09-15 20:39:00.000,2026-09-16 03:30:00.000
MATRIZ,2026-09-15,2026-09-15,TUTI PANE,"7191501","000-7191501",9,8,1,KZX0905,KZX0905E4,26,MISTO,"33",E4,"2",Felipe Rogerio Estevam Da Silva ,"2026-09-16 01:20:53","2026-09-16 01:31:48",10.92,Wallace Christian Gomes Esteves   ,"2026-09-16 03:22:23","2026-09-16 03:22:26",Maxmiler Fernandes Silva,"2026-09-16 02:59:44",2026-09-15 20:39:00.000,2026-09-16 03:30:00.000
MATRIZ,2026-09-15,2026-09-15,TUTI PANE,"7191501","000-7191501",9,8,1,KZX0905,KZX0905E2,31,MISTO,"29",E2,"2",Natan Silva Medeiros Júnior,"2026-09-16 01:05:15","2026-09-16 01:21:30",16.25,Wallace Christian Gomes Esteves   ,"2026-09-16 03:22:34","2026-09-16 03:22:36",Maxmiler Fernandes Silva,"2026-09-16 03:02:55",2026-09-15 20:39:00.000,2026-09-16 03:30:00.000
MATRIZ,2026-09-15,2026-09-15,TUTI PANE,"7191501","000-7191501",9,8,1,KZX0905,KZX0905E1,74,MISTO,"30",E1,"2",Felipe Rogerio Estevam Da Silva ,"2026-09-16 01:03:14","2026-09-16 01:20:13",16.98,Wallace Christian Gomes Esteves   ,"2026-09-16 03:22:01","2026-09-16 03:22:03",Maxmiler Fernandes Silva,"2026-09-16 03:01:30",2026-09-15 20:39:00.000,2026-09-16 03:30:00.000
MATRIZ,2026-09-15,2026-09-15,COMERCIAL CEZAR ALMEIDA LTDA,"7251501","000-7251501",10,7,3,TCL0I17,TCL0I17D3,104,MISTO,"43",D3,"1",Natan Silva Medeiros Júnior,"2026-09-15 22:04:50","2026-09-15 22:28:23",23.55,Wallace Christian Gomes Esteves   ,"2026-09-15 23:29:06","2026-09-15 23:29:09",Maxmiler Fernandes Silva,"2026-09-15 23:28:56",2026-09-15 20:39:00.000,2026-09-16 03:30:00.000
MATRIZ,2026-09-15,2026-09-15,COMERCIAL CEZAR ALMEIDA LTDA,"7251501","000-7251501",10,7,3,TCL0I17,TCL0I17E2,85,MISTO,"41",E2,"1",Leonardo Caetano Rodrigues,"2026-09-15 22:06:06","2026-09-15 22:23:56",17.83,Wallace Christian Gomes Esteves   ,"2026-09-15 23:27:57","2026-09-15 23:27:59",Maxmiler Fernandes Silva,"2026-09-15 23:23:45",2026-09-15 20:39:00.000,2026-09-16 03:30:00.000
MATRIZ,2026-09-15,2026-09-15,COMERCIAL CEZAR ALMEIDA LTDA,"7251501","000-7251501",10,7,3,TCL0I17,TCL0I17D5,100,MISTO,"44",D5,"1",Marcos Vinicio Alves Pessoa,"2026-09-15 21:56:35","2026-09-15 22:17:44",21.15,Wallace Christian Gomes Esteves   ,"2026-09-15 23:27:46","2026-09-15 23:27:49",Maxmiler Fernandes Silva,"2026-09-15 23:25:13",2026-09-15 20:39:00.000,2026-09-16 03:30:00.000
MATRIZ,2026-09-15,2026-09-15,COMERCIAL CEZAR ALMEIDA LTDA,"7251501","000-7251501",10,7,3,TCL0I17,TCL0I17E3,25,MISTO,"38",E3,"1",Gianmiller Moraes,"2026-09-15 22:20:21","2026-09-15 22:36:51",16.50,Wallace Christian Gomes Esteves   ,"2026-09-15 23:31:04","2026-09-15 23:31:46",Maxmiler Fernandes Silva,"2026-09-15 23:30:46",2026-09-15 20:39:00.000,2026-09-16 03:30:00.000
MATRIZ,2026-09-15,2026-09-15,COMERCIAL CEZAR ALMEIDA LTDA,"7251501","000-7251501",10,7,3,TCL0I17,TCL0I17E1,75,COMPLETO,,E1,"1",,,,,Wallace Christian Gomes Esteves   ,"2026-09-16 00:08:49","2026-09-16 00:08:52",Maxmiler Fernandes Silva,"2026-09-15 23:38:30",2026-09-15 20:39:00.000,2026-09-16 03:30:00.000
MATRIZ,2026-09-15,2026-09-15,COMERCIAL CEZAR ALMEIDA LTDA,"7251501","000-7251501",10,7,3,TCL0I17,TCL0I17D1,75,COMPLETO,,D1,"1",,,,,Wallace Christian Gomes Esteves   ,"2026-09-16 00:08:57","2026-09-16 00:09:03",Maxmiler Fernandes Silva,"2026-09-15 23:38:25",2026-09-15 20:39:00.000,2026-09-16 03:30:00.000
MATRIZ,2026-09-15,2026-09-15,COMERCIAL CEZAR ALMEIDA LTDA,"7251501","000-7251501",10,7,3,TCL0I17,TCL0I17E4,34,MISTO,"40",E4,"1",Felipe Rogerio Estevam Da Silva ,"2026-09-15 22:15:32","2026-09-15 22:26:17",10.75,Wallace Christian Gomes Esteves   ,"2026-09-15 23:27:20","2026-09-15 23:27:24",Maxmiler Fernandes Silva,"2026-09-15 23:26:02",2026-09-15 20:39:00.000,2026-09-16 03:30:00.000
MATRIZ,2026-09-15,2026-09-15,COMERCIAL CEZAR ALMEIDA LTDA,"7251501","000-7251501",10,7,3,TCL0I17,TCL0I17E5,27,MISTO,"39",E5,"1",Pedro Lucas Procópio dos Santos,"2026-09-15 22:15:43","2026-09-15 22:24:07",8.40,Wallace Christian Gomes Esteves   ,"2026-09-15 23:28:10","2026-09-15 23:28:13",Maxmiler Fernandes Silva,"2026-09-15 23:24:27",2026-09-15 20:39:00.000,2026-09-16 03:30:00.000
MATRIZ,2026-09-15,2026-09-15,COMERCIAL CEZAR ALMEIDA LTDA,"7251501","000-7251501",10,7,3,TCL0I17,TCL0I17D4,75,MISTO,"42",D4,"1",Felipe Rogerio Estevam Da Silva ,"2026-09-15 22:06:00","2026-09-15 22:14:39",8.65,Wallace Christian Gomes Esteves   ,"2026-09-15 23:27:36","2026-09-15 23:27:38",Maxmiler Fernandes Silva,"2026-09-15 23:27:25",2026-09-15 20:39:00.000,2026-09-16 03:30:00.000
MATRIZ,2026-09-15,2026-09-15,COMERCIAL CEZAR ALMEIDA LTDA,"7251501","000-7251501",10,7,3,TCL0I17,TCL0I17D2,75,COMPLETO,,D2,"1",,,,,Wallace Christian Gomes Esteves   ,"2026-09-16 00:08:25","2026-09-16 00:08:42",Maxmiler Fernandes Silva,"2026-09-15 23:38:34",2026-09-15 20:39:00.000,2026-09-16 03:30:00.000
MATRIZ,2026-09-16,2026-09-16,REST DO TETEIA,"7301602","000-7301602",3,3,0,OWV8A20,OWV8A20D1,28,MISTO,"43",D1,"6-7",Leonardo Caetano Rodrigues,"2026-09-16 20:32:18","2026-09-16 20:44:55",12.62,Wallace Christian Gomes Esteves   ,"2026-09-16 22:01:11","2026-09-16 22:01:24",Maxmiler Fernandes Silva,"2026-09-16 21:46:35",2026-09-16 19:06:00.000,2026-09-17 04:39:00.000
MATRIZ,2026-09-16,2026-09-16,REST DO TETEIA,"7301602","000-7301602",3,3,0,OWV8A20,OWV8A20E1,260,MISTO,"44",E1,"6-7",Adilson José Gonçalves,"2026-09-16 20:17:29","2026-09-16 20:59:13",41.73,Wallace Christian Gomes Esteves   ,"2026-09-16 22:01:27","2026-09-16 22:01:30",Maxmiler Fernandes Silva,"2026-09-16 21:46:39",2026-09-16 19:06:00.000,2026-09-17 04:39:00.000
MATRIZ,2026-09-16,2026-09-16,MARLI PATROCINIO,"7141601","000-7141601",7,7,0,HAI2518,HAI2518E2,292,MISTO,"34",E2,"2",Felipe Rogerio Estevam Da Silva ,"2026-09-17 01:16:07","2026-09-17 02:18:16",62.15,Wallace Christian Gomes Esteves   ,"2026-09-17 04:11:55","2026-09-17 04:11:58",Maxmiler Fernandes Silva,"2026-09-17 03:26:15",2026-09-16 19:06:00.000,2026-09-17 04:39:00.000
MATRIZ,2026-09-16,2026-09-16,MARLI PATROCINIO,"7141601","000-7141601",7,7,0,HAI2518,HAI2518E1,63,MISTO,"30",E1,"2",Natan Silva Medeiros Júnior,"2026-09-17 01:36:22","2026-09-17 01:47:31",11.15,Wallace Christian Gomes Esteves   ,"2026-09-17 04:12:21","2026-09-17 04:12:26",Maxmiler Fernandes Silva,"2026-09-17 02:52:49",2026-09-16 19:06:00.000,2026-09-17 04:39:00.000
MATRIZ,2026-09-16,2026-09-16,MARLI PATROCINIO,"7141601","000-7141601",7,7,0,HAI2518,HAI2518D2,153,MISTO,"3",D2,"2",Pedro Lucas Procópio dos Santos,"2026-09-17 01:24:43","2026-09-17 01:55:09",30.43,Wallace Christian Gomes Esteves   ,"2026-09-17 04:12:39","2026-09-17 04:12:42",Maxmiler Fernandes Silva,"2026-09-17 03:41:22",2026-09-16 19:06:00.000,2026-09-17 04:39:00.000
MATRIZ,2026-09-16,2026-09-16,MARLI PATROCINIO,"7141601","000-7141601",7,7,0,HAI2518,HAI2518D3,42,MISTO,"29",D3,"2",Adilson José Gonçalves,"2026-09-17 01:37:07","2026-09-17 01:49:38",12.52,Wallace Christian Gomes Esteves   ,"2026-09-17 04:12:10","2026-09-17 04:12:13",Maxmiler Fernandes Silva,"2026-09-17 02:52:45",2026-09-16 19:06:00.000,2026-09-17 04:39:00.000
MATRIZ,2026-09-16,2026-09-16,MARLI PATROCINIO,"7141601","000-7141601",7,7,0,HAI2518,HAI2518D1,40,MISTO,"16",D1,"2",Adilson José Gonçalves,"2026-09-17 02:07:55","2026-09-17 02:17:38",9.72,Wallace Christian Gomes Esteves   ,"2026-09-17 04:12:03","2026-09-17 04:12:05",Maxmiler Fernandes Silva,"2026-09-17 02:41:48",2026-09-16 19:06:00.000,2026-09-17 04:39:00.000
MATRIZ,2026-09-16,2026-09-16,MARLI PATROCINIO,"7141601","000-7141601",7,7,0,HAI2518,HAI2518E3,40,MISTO,"27",E3,"2",Leonardo Caetano Rodrigues,"2026-09-17 01:54:43","2026-09-17 02:06:28",11.75,Wallace Christian Gomes Esteves   ,"2026-09-17 04:12:32","2026-09-17 04:12:34",Maxmiler Fernandes Silva,"2026-09-17 02:45:43",2026-09-16 19:06:00.000,2026-09-17 04:39:00.000
MATRIZ,2026-09-16,2026-09-16,GRELHADOS,"7121601","000-7121601",7,7,0,DJB5C58,DJB5C58D2,197,MISTO,"22",D2,"4",Felipe Rogerio Estevam Da Silva ,"2026-09-16 23:51:39","2026-09-17 00:58:27",66.80,Wallace Christian Gomes Esteves   ,"2026-09-17 02:09:20","2026-09-17 02:09:23",Maxmiler Fernandes Silva,"2026-09-17 01:36:28",2026-09-16 19:06:00.000,2026-09-17 04:39:00.000
MATRIZ,2026-09-16,2026-09-16,GRELHADOS,"7121601","000-7121601",7,7,0,DJB5C58,DJB5C58E1,40,MISTO,"25",E1,"4",Felipe Rogerio Estevam Da Silva ,"2026-09-17 01:03:22","2026-09-17 01:13:08",9.77,Wallace Christian Gomes Esteves   ,"2026-09-17 02:08:49","2026-09-17 02:08:51",Maxmiler Fernandes Silva,"2026-09-17 01:35:19",2026-09-16 19:06:00.000,2026-09-17 04:39:00.000
MATRIZ,2026-09-16,2026-09-16,GRELHADOS,"7121601","000-7121601",7,7,0,DJB5C58,DJB5C58D1,64,MISTO,"21",D1,"4",Marcos Vinicio Alves Pessoa,"2026-09-16 23:54:29","2026-09-17 00:31:05",36.60,Wallace Christian Gomes Esteves   ,"2026-09-17 02:09:33","2026-09-17 02:09:36",Maxmiler Fernandes Silva,"2026-09-17 01:38:05",2026-09-16 19:06:00.000,2026-09-17 04:39:00.000
MATRIZ,2026-09-16,2026-09-16,GRELHADOS,"7121601","000-7121601",7,7,0,DJB5C58,DJB5C58D3,58,MISTO,"35",D3,"4",Marcos Vinicio Alves Pessoa,"2026-09-17 00:35:02","2026-09-17 01:10:57",35.92,Wallace Christian Gomes Esteves   ,"2026-09-17 02:08:56","2026-09-17 02:09:09",Maxmiler Fernandes Silva,"2026-09-17 01:39:50",2026-09-16 19:06:00.000,2026-09-17 04:39:00.000
MATRIZ,2026-09-16,2026-09-16,GRELHADOS,"7121601","000-7121601",7,7,0,DJB5C58,DJB5C58E3,146,MISTO,"20",E3,"4",Leonardo Caetano Rodrigues,"2026-09-17 01:12:15","2026-09-17 01:38:48",26.55,Wallace Christian Gomes Esteves   ,"2026-09-17 02:08:25","2026-09-17 02:08:34",Maxmiler Fernandes Silva,"2026-09-17 02:01:37",2026-09-16 19:06:00.000,2026-09-17 04:39:00.000
MATRIZ,2026-09-16,2026-09-16,GRELHADOS,"7121601","000-7121601",7,7,0,DJB5C58,DJB5C58E2,297,MISTO,"23",E2,"4",Adilson José Gonçalves,"2026-09-16 23:50:53","2026-09-17 00:21:47",30.90,Wallace Christian Gomes Esteves   ,"2026-09-17 02:09:39","2026-09-17 02:09:46",Maxmiler Fernandes Silva,"2026-09-17 01:39:54",2026-09-16 19:06:00.000,2026-09-17 04:39:00.000
MATRIZ,2026-09-16,2026-09-16,PIZZA GUERRA,"7151601","000-7151601",7,7,0,MQU8E71,MQU8E71E3,84,MISTO,"46",E3,"1",Adilson José Gonçalves,"2026-09-17 02:27:14","2026-09-17 02:47:19",20.08,Wallace Christian Gomes Esteves   ,"2026-09-17 04:08:26","2026-09-17 04:08:28",Maxmiler Fernandes Silva,"2026-09-17 03:35:08",2026-09-16 19:06:00.000,2026-09-17 04:39:00.000
MATRIZ,2026-09-16,2026-09-16,PIZZA GUERRA,"7151601","000-7151601",7,7,0,MQU8E71,MQU8E71D1,61,MISTO,"45",D1,"1",Leonardo Caetano Rodrigues,"2026-09-17 02:27:50","2026-09-17 02:43:30",15.67,Wallace Christian Gomes Esteves   ,"2026-09-17 04:09:21","2026-09-17 04:09:23",Maxmiler Fernandes Silva,"2026-09-17 03:33:13",2026-09-16 19:06:00.000,2026-09-17 04:39:00.000
MATRIZ,2026-09-16,2026-09-16,PIZZA GUERRA,"7151601","000-7151601",7,7,0,MQU8E71,MQU8E71E2,44,MISTO,"44",E2,"1",Natan Silva Medeiros Júnior,"2026-09-17 02:28:29","2026-09-17 02:39:29",11.00,Wallace Christian Gomes Esteves   ,"2026-09-17 04:08:43","2026-09-17 04:08:52",Maxmiler Fernandes Silva,"2026-09-17 03:37:01",2026-09-16 19:06:00.000,2026-09-17 04:39:00.000
MATRIZ,2026-09-16,2026-09-16,PIZZA GUERRA,"7151601","000-7151601",7,7,0,MQU8E71,MQU8E71D2,179,MISTO,"47",D2,"1",Denilton Batista Dos Santos,"2026-09-17 02:23:29","2026-09-17 03:14:51",51.37,Wallace Christian Gomes Esteves   ,"2026-09-17 04:09:00","2026-09-17 04:09:06",Maxmiler Fernandes Silva,"2026-09-17 03:28:48",2026-09-16 19:06:00.000,2026-09-17 04:39:00.000
MATRIZ,2026-09-16,2026-09-16,PIZZA GUERRA,"7151601","000-7151601",7,7,0,MQU8E71,MQU8E71E1,40,MISTO,"42",E1,"1",Marcos Vinicio Alves Pessoa,"2026-09-17 02:28:55","2026-09-17 02:32:05",3.17,Wallace Christian Gomes Esteves   ,"2026-09-17 04:09:39","2026-09-17 04:09:42",Maxmiler Fernandes Silva,"2026-09-17 03:38:37",2026-09-16 19:06:00.000,2026-09-17 04:39:00.000
MATRIZ,2026-09-16,2026-09-16,PIZZA GUERRA,"7151601","000-7151601",7,7,0,MQU8E71,MQU8E71D3,267,MISTO,"41",D3,"1",Felipe Rogerio Estevam Da Silva ,"2026-09-17 02:19:10","2026-09-17 02:50:33",31.38,Wallace Christian Gomes Esteves   ,"2026-09-17 04:09:15","2026-09-17 04:09:17",Maxmiler Fernandes Silva,"2026-09-17 03:31:29",2026-09-16 19:06:00.000,2026-09-17 04:39:00.000
MATRIZ,2026-09-16,2026-09-16,LANCHONETE VENDA GRA,"7411601","000-7411601",7,7,0,OWQ4406,OWQ4406D2,231,MISTO,"4",D2,"08",Marcos Vinicio Alves Pessoa,"2026-09-17 01:49:06","2026-09-17 02:25:49",36.72,Wallace Christian Gomes Esteves   ,"2026-09-17 03:11:34","2026-09-17 03:11:36",Maxmiler Fernandes Silva,"2026-09-17 03:05:10",2026-09-16 19:06:00.000,2026-09-17 04:39:00.000
MATRIZ,2026-09-16,2026-09-16,LANCHONETE VENDA GRA,"7411601","000-7411601",7,7,0,OWQ4406,OWQ4406D3,76,MISTO,"18",D3,"08",Pedro Lucas Procópio dos Santos,"2026-09-17 01:58:31","2026-09-17 02:26:55",28.40,Wallace Christian Gomes Esteves   ,"2026-09-17 03:11:41","2026-09-17 03:12:00",Maxmiler Fernandes Silva,"2026-09-17 02:58:23",2026-09-16 19:06:00.000,2026-09-17 04:39:00.000
MATRIZ,2026-09-16,2026-09-16,LANCHONETE VENDA GRA,"7411601","000-7411601",7,7,0,OWQ4406,OWQ4406E2,150,MISTO,"5",E2,"08",Adilson José Gonçalves,"2026-09-17 01:51:46","2026-09-17 02:07:04",15.30,Wallace Christian Gomes Esteves   ,"2026-09-17 03:11:00","2026-09-17 03:11:02",Maxmiler Fernandes Silva,"2026-09-17 03:01:16",2026-09-16 19:06:00.000,2026-09-17 04:39:00.000
MATRIZ,2026-09-16,2026-09-16,LANCHONETE VENDA GRA,"7411601","000-7411601",7,7,0,OWQ4406,OWQ4406D1,65,MISTO,"17",D1,"08",Gianmiller Moraes,"2026-09-17 02:02:42","2026-09-17 02:34:44",32.03,Wallace Christian Gomes Esteves   ,"2026-09-17 03:11:09","2026-09-17 03:11:12",Maxmiler Fernandes Silva,"2026-09-17 02:55:37",2026-09-16 19:06:00.000,2026-09-17 04:39:00.000
MATRIZ,2026-09-16,2026-09-16,LANCHONETE VENDA GRA,"7411601","000-7411601",7,7,0,OWQ4406,OWQ4406E1,119,MISTO,"19",E1,"08",Natan Silva Medeiros Júnior,"2026-09-17 01:53:00","2026-09-17 02:24:56",31.93,Wallace Christian Gomes Esteves   ,"2026-09-17 03:11:16","2026-09-17 03:11:19",Maxmiler Fernandes Silva,"2026-09-17 03:01:37",2026-09-16 19:06:00.000,2026-09-17 04:39:00.000
MATRIZ,2026-09-16,2026-09-16,LANCHONETE VENDA GRA,"7411601","000-7411601",7,7,0,OWQ4406,OWQ4406E3,46,MISTO,"6",E3,"08",Leonardo Caetano Rodrigues,"2026-09-17 02:08:24","2026-09-17 02:27:14",18.83,Wallace Christian Gomes Esteves   ,"2026-09-17 03:12:05","2026-09-17 03:12:07",Maxmiler Fernandes Silva,"2026-09-17 03:00:12",2026-09-16 19:06:00.000,2026-09-17 04:39:00.000
MATRIZ,2026-09-16,2026-09-16,PADARIA SAO PEDRO,"7251601","000-7251601",11,10,1,TCL0I17,TCL0I17D2,177,MISTO,"45",D2,"7",Adilson José Gonçalves,"2026-09-16 22:38:26","2026-09-16 22:51:25",12.98,Wallace Christian Gomes Esteves   ,"2026-09-17 01:34:03","2026-09-17 01:34:05",Maxmiler Fernandes Silva,"2026-09-17 01:33:26",2026-09-16 19:06:00.000,2026-09-17 04:39:00.000
MATRIZ,2026-09-16,2026-09-16,PADARIA SAO PEDRO,"7251601","000-7251601",11,10,1,TCL0I17,TCL0I17E3,168,MISTO,"43",E3,"7",Leonardo Caetano Rodrigues,"2026-09-16 23:00:59","2026-09-16 23:24:37",23.63,Wallace Christian Gomes Esteves   ,"2026-09-17 01:31:11","2026-09-17 01:31:13",Maxmiler Fernandes Silva,"2026-09-17 01:27:07",2026-09-16 19:06:00.000,2026-09-17 04:39:00.000
MATRIZ,2026-09-16,2026-09-16,PADARIA SAO PEDRO,"7251601","000-7251601",11,10,1,TCL0I17,TCL0I17E2,146,MISTO,"50",E2,"7",Marcos Vinicio Alves Pessoa,"2026-09-16 22:54:25","2026-09-16 23:16:09",21.73,Wallace Christian Gomes Esteves   ,"2026-09-17 01:33:07","2026-09-17 01:33:10",Maxmiler Fernandes Silva,"2026-09-17 01:30:50",2026-09-16 19:06:00.000,2026-09-17 04:39:00.000
MATRIZ,2026-09-16,2026-09-16,PADARIA SAO PEDRO,"7251601","000-7251601",11,10,1,TCL0I17,TCL0I17E1,117,MISTO,"51",E1,"7",Pedro Lucas Procópio dos Santos,"2026-09-16 23:01:05","2026-09-16 23:17:52",16.78,Wallace Christian Gomes Esteves   ,"2026-09-17 01:32:03","2026-09-17 01:32:06",Maxmiler Fernandes Silva,"2026-09-17 01:28:10",2026-09-16 19:06:00.000,2026-09-17 04:39:00.000
MATRIZ,2026-09-16,2026-09-16,PADARIA SAO PEDRO,"7251601","000-7251601",11,10,1,TCL0I17,TCL0I17E5,86,MISTO,"40",E5,"7",Adilson José Gonçalves,"2026-09-16 23:13:42","2026-09-16 23:32:03",18.35,Wallace Christian Gomes Esteves   ,"2026-09-17 01:33:01","2026-09-17 01:33:04",Maxmiler Fernandes Silva,"2026-09-17 01:26:08",2026-09-16 19:06:00.000,2026-09-17 04:39:00.000
MATRIZ,2026-09-16,2026-09-16,PADARIA SAO PEDRO,"7251601","000-7251601",11,10,1,TCL0I17,TCL0I17D4,120,MISTO,"49",D4,"7",Adilson José Gonçalves,"2026-09-16 22:55:18","2026-09-16 23:11:47",16.48,Wallace Christian Gomes Esteves   ,"2026-09-17 01:33:26","2026-09-17 01:33:31",Maxmiler Fernandes Silva,"2026-09-17 01:33:20",2026-09-16 19:06:00.000,2026-09-17 04:39:00.000
MATRIZ,2026-09-16,2026-09-16,PADARIA SAO PEDRO,"7251601","000-7251601",11,10,1,TCL0I17,TCL0I17E4,68,MISTO,"39",E4,"7",Natan Silva Medeiros Júnior,"2026-09-16 23:14:01","2026-09-16 23:57:13",43.20,Wallace Christian Gomes Esteves   ,"2026-09-17 01:31:19","2026-09-17 01:31:21",Maxmiler Fernandes Silva,"2026-09-17 01:25:13",2026-09-16 19:06:00.000,2026-09-17 04:39:00.000
MATRIZ,2026-09-16,2026-09-16,PADARIA SAO PEDRO,"7251601","000-7251601",11,10,1,TCL0I17,TCL0I17D3,24,MISTO,"37",D3,"7",Marcos Vinicio Alves Pessoa,"2026-09-16 23:16:29","2026-09-16 23:19:39",3.17,Wallace Christian Gomes Esteves   ,"2026-09-17 01:33:16","2026-09-17 01:33:20",Maxmiler Fernandes Silva,"2026-09-17 01:29:05",2026-09-16 19:06:00.000,2026-09-17 04:39:00.000
MATRIZ,2026-09-16,2026-09-16,PADARIA SAO PEDRO,"7251601","000-7251601",11,10,1,TCL0I17,TCL0I17D1,75,COMPLETO,,D1,"7",,,,,Wallace Christian Gomes Esteves   ,"2026-09-17 01:31:28","2026-09-17 01:31:31",Maxmiler Fernandes Silva,"2026-09-17 01:24:23",2026-09-16 19:06:00.000,2026-09-17 04:39:00.000
MATRIZ,2026-09-16,2026-09-16,PADARIA SAO PEDRO,"7251601","000-7251601",11,10,1,TCL0I17,TCL0I17D5,12,MISTO,"36",D5,"7",Felipe Rogerio Estevam Da Silva ,"2026-09-16 23:18:37","2026-09-16 23:25:09",6.53,Wallace Christian Gomes Esteves   ,"2026-09-17 01:31:36","2026-09-17 01:31:40",Maxmiler Fernandes Silva,"2026-09-16 23:59:42",2026-09-16 19:06:00.000,2026-09-17 04:39:00.000
MATRIZ,2026-09-16,2026-09-16,STOP RAPIDOS,"7291601","000-7291601",13,13,0,OWV5H27,OWV5H27E4,43,MISTO,"31",E4,"5",Adilson José Gonçalves,"2026-09-16 23:34:24","2026-09-16 23:38:45",4.35,Wallace Christian Gomes Esteves   ,"2026-09-17 00:08:27","2026-09-17 00:08:30",Maxmiler Fernandes Silva,"2026-09-17 00:08:18",2026-09-16 19:06:00.000,2026-09-17 04:39:00.000
MATRIZ,2026-09-16,2026-09-16,STOP RAPIDOS,"7291601","000-7291601",13,13,0,OWV5H27,OWV5H27E6,12,MISTO,"24",E6,"5",Leonardo Caetano Rodrigues,"2026-09-16 23:49:08","2026-09-16 23:53:19",4.18,Wallace Christian Gomes Esteves   ,"2026-09-17 00:08:33","2026-09-17 00:08:35",Maxmiler Fernandes Silva,"2026-09-17 00:07:15",2026-09-16 19:06:00.000,2026-09-17 04:39:00.000
MATRIZ,2026-09-16,2026-09-16,STOP RAPIDOS,"7291601","000-7291601",13,13,0,OWV5H27,OWV5H27D1,15,MISTO,"25",D1,"5",Pedro Lucas Procópio dos Santos,"2026-09-16 23:47:29","2026-09-16 23:57:53",10.40,Wallace Christian Gomes Esteves   ,"2026-09-17 00:11:24","2026-09-17 00:11:27",Maxmiler Fernandes Silva,"2026-09-17 00:11:20",2026-09-16 19:06:00.000,2026-09-17 04:39:00.000
MATRIZ,2026-09-16,2026-09-16,STOP RAPIDOS,"7291601","000-7291601",13,13,0,OWV5H27,OWV5H27E5,25,MISTO,"27",E5,"5",Felipe Rogerio Estevam Da Silva ,"2026-09-16 23:42:43","2026-09-16 23:50:39",7.93,Wallace Christian Gomes Esteves   ,"2026-09-17 00:04:43","2026-09-17 00:04:46",Maxmiler Fernandes Silva,"2026-09-17 00:01:16",2026-09-16 19:06:00.000,2026-09-17 04:39:00.000
MATRIZ,2026-09-16,2026-09-16,STOP RAPIDOS,"7291601","000-7291601",13,13,0,OWV5H27,OWV5H27D6,28,MISTO,"29",D6,"5",Adilson José Gonçalves,"2026-09-16 23:41:47","2026-09-16 23:46:32",4.75,Wallace Christian Gomes Esteves   ,"2026-09-17 00:04:53","2026-09-17 00:04:55",Maxmiler Fernandes Silva,"2026-09-17 00:02:33",2026-09-16 19:06:00.000,2026-09-17 04:39:00.000
MATRIZ,2026-09-16,2026-09-16,STOP RAPIDOS,"7291601","000-7291601",13,13,0,OWV5H27,OWV5H27E2,24,MISTO,"26",E2,"5",Marcos Vinicio Alves Pessoa,"2026-09-16 23:43:00","2026-09-16 23:52:13",9.22,Wallace Christian Gomes Esteves   ,"2026-09-17 00:05:22","2026-09-17 00:05:24",Maxmiler Fernandes Silva,"2026-09-17 00:01:55",2026-09-16 19:06:00.000,2026-09-17 04:39:00.000
MATRIZ,2026-09-16,2026-09-16,STOP RAPIDOS,"7291601","000-7291601",13,13,0,OWV5H27,OWV5H27D2,124,MISTO,"32",D2,"5",Leonardo Caetano Rodrigues,"2026-09-16 23:26:01","2026-09-16 23:40:08",14.12,Wallace Christian Gomes Esteves   ,"2026-09-17 00:05:38","2026-09-17 00:05:40",Maxmiler Fernandes Silva,"2026-09-17 00:04:56",2026-09-16 19:06:00.000,2026-09-17 04:39:00.000
MATRIZ,2026-09-16,2026-09-16,STOP RAPIDOS,"7291601","000-7291601",13,13,0,OWV5H27,OWV5H27E1,151,MISTO,"35",E1,"5",Marcos Vinicio Alves Pessoa,"2026-09-16 23:20:38","2026-09-16 23:39:36",18.97,Wallace Christian Gomes Esteves   ,"2026-09-17 00:11:19","2026-09-17 00:11:21",Maxmiler Fernandes Silva,"2026-09-17 00:11:15",2026-09-16 19:06:00.000,2026-09-17 04:39:00.000
MATRIZ,2026-09-16,2026-09-16,STOP RAPIDOS,"7291601","000-7291601",13,13,0,OWV5H27,OWV5H27D5,83,MISTO,"33",D5,"5",Felipe Rogerio Estevam Da Silva ,"2026-09-16 23:25:23","2026-09-16 23:42:21",16.97,Wallace Christian Gomes Esteves   ,"2026-09-17 00:05:14","2026-09-17 00:05:17",Maxmiler Fernandes Silva,"2026-09-17 00:04:03",2026-09-16 19:06:00.000,2026-09-17 04:39:00.000
MATRIZ,2026-09-16,2026-09-16,STOP RAPIDOS,"7291601","000-7291601",13,13,0,OWV5H27,OWV5H27E3,33,MISTO,"28",E3,"5",Leonardo Caetano Rodrigues,"2026-09-16 23:42:27","2026-09-16 23:48:42",6.25,Wallace Christian Gomes Esteves   ,"2026-09-17 00:07:45","2026-09-17 00:07:47",Maxmiler Fernandes Silva,"2026-09-17 00:06:13",2026-09-16 19:06:00.000,2026-09-17 04:39:00.000
MATRIZ,2026-09-16,2026-09-16,STOP RAPIDOS,"7291601","000-7291601",13,13,0,OWV5H27,OWV5H27D4,42,MISTO,"30",D4,"5",Gianmiller Moraes,"2026-09-16 23:44:23","2026-09-16 23:51:46",7.38,Wallace Christian Gomes Esteves   ,"2026-09-17 00:05:02","2026-09-17 00:05:06",Maxmiler Fernandes Silva,"2026-09-17 00:00:33",2026-09-16 19:06:00.000,2026-09-17 04:39:00.000
MATRIZ,2026-09-16,2026-09-16,STOP RAPIDOS,"7291601","000-7291601",13,13,0,OWV5H27,OWV5H27D3,82,MISTO,"34",D3,"5",Pedro Lucas Procópio dos Santos,"2026-09-16 23:27:09","2026-09-16 23:40:13",13.07,Wallace Christian Gomes Esteves   ,"2026-09-17 00:05:09","2026-09-17 00:05:11",Maxmiler Fernandes Silva,"2026-09-17 00:03:10",2026-09-16 19:06:00.000,2026-09-17 04:39:00.000
MATRIZ,2026-09-16,2026-09-16,BAR DA MARILENE,"7161601","000-7161601",7,7,0,MQL5679,MQL5679D2,67,MISTO,"28",D2,"3",Natan Silva Medeiros Júnior,"2026-09-17 01:10:08","2026-09-17 01:31:03",20.92,Wallace Christian Gomes Esteves   ,"2026-09-17 04:16:56","2026-09-17 04:16:58",Maxmiler Fernandes Silva,"2026-09-17 01:42:33",2026-09-16 19:06:00.000,2026-09-17 04:39:00.000
MATRIZ,2026-09-16,2026-09-16,BAR DA MARILENE,"7161601","000-7161601",7,7,0,MQL5679,MQL5679E1,40,MISTO,"33",E1,"3",Pedro Lucas Procópio dos Santos,"2026-09-17 01:14:35","2026-09-17 01:20:15",5.67,Wallace Christian Gomes Esteves   ,"2026-09-17 04:17:37","2026-09-17 04:17:39",Maxmiler Fernandes Silva,"2026-09-17 01:42:37",2026-09-16 19:06:00.000,2026-09-17 04:39:00.000
MATRIZ,2026-09-16,2026-09-16,BAR DA MARILENE,"7161601","000-7161601",7,7,0,MQL5679,MQL5679D1,43,MISTO,"26",D1,"3",Felipe Rogerio Estevam Da Silva ,"2026-09-17 01:13:40","2026-09-17 01:15:45",2.08,Wallace Christian Gomes Esteves   ,"2026-09-17 04:17:02","2026-09-17 04:17:20",Maxmiler Fernandes Silva,"2026-09-17 02:06:31",2026-09-16 19:06:00.000,2026-09-17 04:39:00.000
MATRIZ,2026-09-16,2026-09-16,BAR DA MARILENE,"7161601","000-7161601",7,7,0,MQL5679,MQL5679D3,56,MISTO,"32",D3,"3",Marcos Vinicio Alves Pessoa,"2026-09-17 01:12:36","2026-09-17 01:48:43",36.12,Wallace Christian Gomes Esteves   ,"2026-09-17 04:17:29","2026-09-17 04:17:31",Maxmiler Fernandes Silva,"2026-09-17 02:06:35",2026-09-16 19:06:00.000,2026-09-17 04:39:00.000
MATRIZ,2026-09-16,2026-09-16,BAR DA MARILENE,"7161601","000-7161601",7,7,0,MQL5679,MQL5679E3,130,MISTO,"24",E3,"3",Gianmiller Moraes,"2026-09-17 01:10:52","2026-09-17 01:58:07",47.25,Wallace Christian Gomes Esteves   ,"2026-09-17 04:17:44","2026-09-17 04:17:46",Maxmiler Fernandes Silva,"2026-09-17 03:23:52",2026-09-16 19:06:00.000,2026-09-17 04:39:00.000
MATRIZ,2026-09-16,2026-09-16,BAR DA MARILENE,"7161601","000-7161601",7,7,0,MQL5679,MQL5679E2,141,MISTO,"13",E2,"3",Denilton Batista Dos Santos,"2026-09-17 01:06:55","2026-09-17 02:21:03",74.13,Wallace Christian Gomes Esteves   ,"2026-09-17 04:30:33","2026-09-17 04:30:39",Maxmiler Fernandes Silva,"2026-09-17 04:29:28",2026-09-16 19:06:00.000,2026-09-17 04:39:00.000
MATRIZ,2026-09-16,2026-09-16,WILSON SOUZA DIAS,"7191601","000-7191601",9,7,2,KZX0905,KZX0905E4,98,MISTO,"20",E4,"7",Adilson José Gonçalves,"2026-09-17 02:47:57","2026-09-17 03:10:32",22.58,Wallace Christian Gomes Esteves   ,"2026-09-17 04:04:56","2026-09-17 04:04:58",Maxmiler Fernandes Silva,"2026-09-17 04:00:17",2026-09-16 19:06:00.000,2026-09-17 04:39:00.000
MATRIZ,2026-09-16,2026-09-16,WILSON SOUZA DIAS,"7191601","000-7191601",9,7,2,KZX0905,KZX0905E2,75,MISTO,"40",E2,"7",Felipe Rogerio Estevam Da Silva ,"2026-09-17 03:01:08","2026-09-17 03:18:27",17.32,Wallace Christian Gomes Esteves   ,"2026-09-17 04:04:29","2026-09-17 04:04:32",Maxmiler Fernandes Silva,"2026-09-17 03:57:56",2026-09-16 19:06:00.000,2026-09-17 04:39:00.000
MATRIZ,2026-09-16,2026-09-16,WILSON SOUZA DIAS,"7191601","000-7191601",9,7,2,KZX0905,KZX0905E3,77,MISTO,"51",E3,"7",Felipe Rogerio Estevam Da Silva ,"2026-09-17 02:51:04","2026-09-17 03:00:39",9.58,Wallace Christian Gomes Esteves   ,"2026-09-17 04:05:08","2026-09-17 04:05:11",Maxmiler Fernandes Silva,"2026-09-17 04:02:23",2026-09-16 19:06:00.000,2026-09-17 04:39:00.000
MATRIZ,2026-09-16,2026-09-16,WILSON SOUZA DIAS,"7191601","000-7191601",9,7,2,KZX0905,KZX0905D1,50,COMPLETO,,D1,"7",,,,,Wallace Christian Gomes Esteves   ,"2026-09-17 04:05:03","2026-09-17 04:05:05",Maxmiler Fernandes Silva,"2026-09-17 03:56:07",2026-09-16 19:06:00.000,2026-09-17 04:39:00.000
MATRIZ,2026-09-16,2026-09-16,WILSON SOUZA DIAS,"7191601","000-7191601",9,7,2,KZX0905,KZX0905D3,23,MISTO,"15",D3,"7",Pedro Lucas Procópio dos Santos,"2026-09-17 03:19:54","2026-09-17 03:36:20",16.43,Wallace Christian Gomes Esteves   ,"2026-09-17 04:04:22","2026-09-17 04:04:25",Maxmiler Fernandes Silva,"2026-09-17 03:57:01",2026-09-16 19:06:00.000,2026-09-17 04:39:00.000
MATRIZ,2026-09-16,2026-09-16,WILSON SOUZA DIAS,"7191601","000-7191601",9,7,2,KZX0905,KZX0905E1,50,COMPLETO,,E1,"7",,,,,Wallace Christian Gomes Esteves   ,"2026-09-17 04:04:40","2026-09-17 04:04:43",Maxmiler Fernandes Silva,"2026-09-17 03:56:03",2026-09-16 19:06:00.000,2026-09-17 04:39:00.000
MATRIZ,2026-09-16,2026-09-16,WILSON SOUZA DIAS,"7191601","000-7191601",9,7,2,KZX0905,KZX0905D2,36,MISTO,"43",D2,"7",Natan Silva Medeiros Júnior,"2026-09-17 03:04:04","2026-09-17 03:15:39",11.58,Wallace Christian Gomes Esteves   ,"2026-09-17 04:05:15","2026-09-17 04:05:17",Maxmiler Fernandes Silva,"2026-09-17 03:58:58",2026-09-16 19:06:00.000,2026-09-17 04:39:00.000
MATRIZ,2026-09-16,2026-09-16,WILSON SOUZA DIAS,"7191601","000-7191601",9,7,2,KZX0905,KZX0905D4,62,MISTO,"39",D4,"7",Leonardo Caetano Rodrigues,"2026-09-17 03:01:49","2026-09-17 03:16:53",15.07,Wallace Christian Gomes Esteves   ,"2026-09-17 04:04:46","2026-09-17 04:04:48",Maxmiler Fernandes Silva,"2026-09-17 04:01:09",2026-09-16 19:06:00.000,2026-09-17 04:39:00.000
MATRIZ,2026-09-16,2026-09-16,SACOLAO PRISCILA,"7381601","000-7381601",7,7,0,KKJ5250,KKJ5250E2,109,MISTO,"11",E2,"6",Denilton Batista Dos Santos,"2026-09-17 03:16:25","2026-09-17 03:55:21",38.93,Wallace Christian Gomes Esteves   ,"2026-09-17 04:32:08","2026-09-17 04:32:12",Maxmiler Fernandes Silva,"2026-09-17 04:29:38",2026-09-16 19:06:00.000,2026-09-17 04:39:00.000
MATRIZ,2026-09-16,2026-09-16,SACOLAO PRISCILA,"7381601","000-7381601",7,7,0,KKJ5250,KKJ5250E3,51,MISTO,"12",E3,"6",Leonardo Caetano Rodrigues,"2026-09-17 03:17:54","2026-09-17 03:31:20",13.43,Wallace Christian Gomes Esteves   ,"2026-09-17 04:31:52","2026-09-17 04:31:54",Maxmiler Fernandes Silva,"2026-09-17 04:14:23",2026-09-16 19:06:00.000,2026-09-17 04:39:00.000
MATRIZ,2026-09-16,2026-09-16,SACOLAO PRISCILA,"7381601","000-7381601",7,7,0,KKJ5250,KKJ5250D3,109,MISTO,"10",D3,"6",Adilson José Gonçalves,"2026-09-17 03:11:49","2026-09-17 03:36:32",24.72,Wallace Christian Gomes Esteves   ,"2026-09-17 04:32:23","2026-09-17 04:32:25",Maxmiler Fernandes Silva,"2026-09-17 04:11:04",2026-09-16 19:06:00.000,2026-09-17 04:39:00.000
MATRIZ,2026-09-16,2026-09-16,SACOLAO PRISCILA,"7381601","000-7381601",7,7,0,KKJ5250,KKJ5250D2,44,MISTO,"38",D2,"6",Felipe Rogerio Estevam Da Silva ,"2026-09-17 03:18:56","2026-09-17 03:27:47",8.85,Wallace Christian Gomes Esteves   ,"2026-09-17 04:32:29","2026-09-17 04:32:31",Maxmiler Fernandes Silva,"2026-09-17 04:14:19",2026-09-16 19:06:00.000,2026-09-17 04:39:00.000
MATRIZ,2026-09-16,2026-09-16,SACOLAO PRISCILA,"7381601","000-7381601",7,7,0,KKJ5250,KKJ5250E1,42,MISTO,"36",E1,"6",Natan Silva Medeiros Júnior,"2026-09-17 03:19:11","2026-09-17 03:31:40",12.48,Wallace Christian Gomes Esteves   ,"2026-09-17 04:32:39","2026-09-17 04:32:41",Maxmiler Fernandes Silva,"2026-09-17 04:14:15",2026-09-16 19:06:00.000,2026-09-17 04:39:00.000
MATRIZ,2026-09-16,2026-09-16,SACOLAO PRISCILA,"7381601","000-7381601",7,7,0,KKJ5250,KKJ5250D1,35,MISTO,"21",D1,"6",Pedro Lucas Procópio dos Santos,"2026-09-17 03:36:40","2026-09-17 03:39:02",2.37,Wallace Christian Gomes Esteves   ,"2026-09-17 04:32:04","2026-09-17 04:32:06",Maxmiler Fernandes Silva,"2026-09-17 04:10:11",2026-09-16 19:06:00.000,2026-09-17 04:39:00.000
MATRIZ,2026-09-16,2026-09-16,ALCIONE,"7181601","000-7181601",7,6,1,RFP8G80,RFP8G80D1,50,COMPLETO,,D1,"8",,,,,Wallace Christian Gomes Esteves   ,"2026-09-17 04:20:53","2026-09-17 04:20:56",Maxmiler Fernandes Silva,"2026-09-17 03:45:03",2026-09-16 19:06:00.000,2026-09-17 04:39:00.000
MATRIZ,2026-09-16,2026-09-16,ALCIONE,"7181601","000-7181601",7,6,1,RFP8G80,RFP8G80D2,91,MISTO,"49",D2,"8",Gianmiller Moraes,"2026-09-17 02:43:16","2026-09-17 03:20:03",36.78,Wallace Christian Gomes Esteves   ,"2026-09-17 04:21:29","2026-09-17 04:21:31",Maxmiler Fernandes Silva,"2026-09-17 04:08:28",2026-09-16 19:06:00.000,2026-09-17 04:39:00.000
MATRIZ,2026-09-16,2026-09-16,ALCIONE,"7181601","000-7181601",7,6,1,RFP8G80,RFP8G80E2,60,MISTO,"37",E2,"8",Leonardo Caetano Rodrigues,"2026-09-17 02:45:42","2026-09-17 03:01:11",15.48,Wallace Christian Gomes Esteves   ,"2026-09-17 04:20:59","2026-09-17 04:21:01",Maxmiler Fernandes Silva,"2026-09-17 03:16:09",2026-09-16 19:06:00.000,2026-09-17 04:39:00.000
MATRIZ,2026-09-16,2026-09-16,ALCIONE,"7181601","000-7181601",7,6,1,RFP8G80,RFP8G80E1,43,MISTO,"50",E1,"8",Natan Silva Medeiros Júnior,"2026-09-17 02:46:15","2026-09-17 03:02:20",16.08,Wallace Christian Gomes Esteves   ,"2026-09-17 04:21:35","2026-09-17 04:21:37",Maxmiler Fernandes Silva,"2026-09-17 03:17:45",2026-09-16 19:06:00.000,2026-09-17 04:39:00.000
MATRIZ,2026-09-16,2026-09-16,ALCIONE,"7181601","000-7181601",7,6,1,RFP8G80,RFP8G80D3,173,MISTO,"52",D3,"8",Pedro Lucas Procópio dos Santos,"2026-09-17 02:38:13","2026-09-17 03:11:13",33.00,Wallace Christian Gomes Esteves   ,"2026-09-17 04:21:14","2026-09-17 04:21:16",Maxmiler Fernandes Silva,"2026-09-17 04:05:53",2026-09-16 19:06:00.000,2026-09-17 04:39:00.000
MATRIZ,2026-09-16,2026-09-16,ALCIONE,"7181601","000-7181601",7,6,1,RFP8G80,RFP8G80E3,262,MISTO,"48",E3,"8",Marcos Vinicio Alves Pessoa,"2026-09-17 02:34:03","2026-09-17 03:25:31",51.47,Wallace Christian Gomes Esteves   ,"2026-09-17 04:21:43","2026-09-17 04:21:45",Maxmiler Fernandes Silva,"2026-09-17 04:05:49",2026-09-16 19:06:00.000,2026-09-17 04:39:00.000
MATRIZ,2026-09-16,2026-09-16,MERCEARIA SOARES,"7241601","000-7241601",11,9,2,TCB7I34,TCB7I34E2,300,MISTO,"41",E2,"6",Felipe Rogerio Estevam Da Silva ,"2026-09-16 22:47:14","2026-09-16 23:18:11",30.95,Wallace Christian Gomes Esteves   ,"2026-09-17 01:38:15","2026-09-17 01:38:17",Maxmiler Fernandes Silva,"2026-09-16 23:46:51",2026-09-16 19:06:00.000,2026-09-17 04:39:00.000
MATRIZ,2026-09-16,2026-09-16,MERCEARIA SOARES,"7241601","000-7241601",11,9,2,TCB7I34,TCB7I34D5,75,MISTO,"38",D5,"6",Denilton Batista Dos Santos,"2026-09-16 23:14:25","2026-09-17 00:00:29",46.07,Wallace Christian Gomes Esteves   ,"2026-09-17 01:35:32","2026-09-17 01:35:34",Maxmiler Fernandes Silva,"2026-09-17 01:32:12",2026-09-16 19:06:00.000,2026-09-17 04:39:00.000
MATRIZ,2026-09-16,2026-09-16,MERCEARIA SOARES,"7241601","000-7241601",11,9,2,TCB7I34,TCB7I34E3,175,MISTO,"48",E3,"6",Marcos Vinicio Alves Pessoa,"2026-09-16 22:29:07","2026-09-16 22:52:38",23.52,Wallace Christian Gomes Esteves   ,"2026-09-17 01:36:09","2026-09-17 01:36:11",Maxmiler Fernandes Silva,"2026-09-16 23:50:04",2026-09-16 19:06:00.000,2026-09-17 04:39:00.000
MATRIZ,2026-09-16,2026-09-16,MERCEARIA SOARES,"7241601","000-7241601",11,9,2,TCB7I34,TCB7I34E4,29,MISTO,"52",E4,"6",Adilson José Gonçalves,"2026-09-16 22:27:05","2026-09-16 22:34:56",7.85,Wallace Christian Gomes Esteves   ,"2026-09-17 01:35:21","2026-09-17 01:35:24",Maxmiler Fernandes Silva,"2026-09-16 23:58:13",2026-09-16 19:06:00.000,2026-09-17 04:39:00.000
MATRIZ,2026-09-16,2026-09-16,MERCEARIA SOARES,"7241601","000-7241601",11,9,2,TCB7I34,TCB7I34E1,75,COMPLETO,,E1,"6",,,,,Wallace Christian Gomes Esteves   ,"2026-09-17 01:35:43","2026-09-17 01:35:45",Maxmiler Fernandes Silva,"2026-09-16 23:18:06",2026-09-16 19:06:00.000,2026-09-17 04:39:00.000
MATRIZ,2026-09-16,2026-09-16,MERCEARIA SOARES,"7241601","000-7241601",11,9,2,TCB7I34,TCB7I34D3,102,MISTO,"42",D3,"6",Pedro Lucas Procópio dos Santos,"2026-09-16 22:25:28","2026-09-16 22:54:25",28.95,Wallace Christian Gomes Esteves   ,"2026-09-17 01:37:50","2026-09-17 01:37:53",Maxmiler Fernandes Silva,"2026-09-17 01:18:01",2026-09-16 19:06:00.000,2026-09-17 04:39:00.000
MATRIZ,2026-09-16,2026-09-16,MERCEARIA SOARES,"7241601","000-7241601",11,9,2,TCB7I34,TCB7I34E5,80,MISTO,"47",E5,"6",Leonardo Caetano Rodrigues,"2026-09-16 22:32:20","2026-09-16 22:47:20",15.00,Wallace Christian Gomes Esteves   ,"2026-09-17 01:35:53","2026-09-17 01:35:55",Maxmiler Fernandes Silva,"2026-09-16 23:53:21",2026-09-16 19:06:00.000,2026-09-17 04:39:00.000
MATRIZ,2026-09-16,2026-09-16,MERCEARIA SOARES,"7241601","000-7241601",11,9,2,TCB7I34,TCB7I34D4,46,MISTO,"46",D4,"6",Natan Silva Medeiros Júnior,"2026-09-16 22:58:59","2026-09-16 23:10:33",11.57,Wallace Christian Gomes Esteves   ,"2026-09-17 01:38:22","2026-09-17 01:38:24",Maxmiler Fernandes Silva,"2026-09-16 23:48:00",2026-09-16 19:06:00.000,2026-09-17 04:39:00.000
MATRIZ,2026-09-16,2026-09-16,MERCEARIA SOARES,"7241601","000-7241601",11,9,2,TCB7I34,TCB7I34D2,111,MISTO,"44",D2,"6",Gianmiller Moraes,"2026-09-16 22:44:58","2026-09-16 23:32:19",47.35,Wallace Christian Gomes Esteves   ,"2026-09-17 01:38:10","2026-09-17 01:38:12",Maxmiler Fernandes Silva,"2026-09-17 01:15:17",2026-09-16 19:06:00.000,2026-09-17 04:39:00.000
MATRIZ,2026-09-16,2026-09-16,MERCEARIA SOARES,"7241601","000-7241601",11,9,2,TCB7I34,TCB7I34D1,75,COMPLETO,,D1,"6",,,,,Wallace Christian Gomes Esteves   ,"2026-09-17 01:38:28","2026-09-17 01:38:31",Maxmiler Fernandes Silva,"2026-09-16 23:18:10",2026-09-16 19:06:00.000,2026-09-17 04:39:00.000
MATRIZ,2026-09-17,2026-09-17,SUP JUJU,"7241701","000-7241701",11,11,0,TCB7I34,TCB7I34D4,29,MISTO,"25",D4,"6",Marcos Vinicio Alves Pessoa,"2026-09-17 22:12:26","2026-09-17 22:30:23",17.95,Wallace Christian Gomes Esteves   ,"2026-09-18 00:25:37","2026-09-18 00:25:39",Maxmiler Fernandes Silva,"2026-09-17 23:59:25",2026-09-17 20:41:00.000,2026-09-18 04:30:00.000
MATRIZ,2026-09-17,2026-09-17,SUP JUJU,"7241701","000-7241701",11,11,0,TCB7I34,TCB7I34E3,25,MISTO,"27",E3,"6",Leonardo Caetano Rodrigues,"2026-09-17 22:20:08","2026-09-17 22:27:07",6.98,Wallace Christian Gomes Esteves   ,"2026-09-18 00:26:16","2026-09-18 00:26:19",Maxmiler Fernandes Silva,"2026-09-17 23:59:21",2026-09-17 20:41:00.000,2026-09-18 04:30:00.000
MATRIZ,2026-09-17,2026-09-17,SUP JUJU,"7241701","000-7241701",11,11,0,TCB7I34,TCB7I34D5,28,MISTO,"26",D5,"6",Adilson José Gonçalves,"2026-09-17 22:15:47","2026-09-17 22:23:14",7.45,Wallace Christian Gomes Esteves   ,"2026-09-18 00:25:20","2026-09-18 00:25:23",Maxmiler Fernandes Silva,"2026-09-17 23:49:45",2026-09-17 20:41:00.000,2026-09-18 04:30:00.000
MATRIZ,2026-09-17,2026-09-17,SUP JUJU,"7241701","000-7241701",11,11,0,TCB7I34,TCB7I34D3,35,MISTO,"22",D3,"6",Natan Silva Medeiros Júnior,"2026-09-17 22:09:37","2026-09-17 22:23:02",13.42,Wallace Christian Gomes Esteves   ,"2026-09-18 00:25:51","2026-09-18 00:25:53",Maxmiler Fernandes Silva,"2026-09-17 23:57:31",2026-09-17 20:41:00.000,2026-09-18 04:30:00.000
MATRIZ,2026-09-17,2026-09-17,SUP JUJU,"7241701","000-7241701",11,11,0,TCB7I34,TCB7I34E2,133,MISTO,"19",E2,"6",Leonardo Caetano Rodrigues,"2026-09-17 21:54:46","2026-09-17 22:18:34",23.80,Wallace Christian Gomes Esteves   ,"2026-09-18 00:25:44","2026-09-18 00:25:46",Maxmiler Fernandes Silva,"2026-09-17 23:50:28",2026-09-17 20:41:00.000,2026-09-18 04:30:00.000
MATRIZ,2026-09-17,2026-09-17,SUP JUJU,"7241701","000-7241701",11,11,0,TCB7I34,TCB7I34E5,34,MISTO,"24",E5,"6",Felipe Rogerio Estevam Da Silva ,"2026-09-17 22:10:06","2026-09-17 22:19:30",9.40,Wallace Christian Gomes Esteves   ,"2026-09-18 00:25:29","2026-09-18 00:25:31",Maxmiler Fernandes Silva,"2026-09-17 23:51:22",2026-09-17 20:41:00.000,2026-09-18 04:30:00.000
MATRIZ,2026-09-17,2026-09-17,SUP JUJU,"7241701","000-7241701",11,11,0,TCB7I34,TCB7I34D1,40,MISTO,"23",D1,"6",Adilson José Gonçalves,"2026-09-17 22:11:32","2026-09-17 22:15:18",3.77,Wallace Christian Gomes Esteves   ,"2026-09-18 00:26:23","2026-09-18 00:26:25",Maxmiler Fernandes Silva,"2026-09-17 23:52:20",2026-09-17 20:41:00.000,2026-09-18 04:30:00.000
MATRIZ,2026-09-17,2026-09-17,SUP JUJU,"7241701","000-7241701",11,11,0,TCB7I34,TCB7I34D2,134,MISTO,"18",D2,"6",Gianmiller Moraes,"2026-09-17 21:52:17","2026-09-17 22:25:05",32.80,Wallace Christian Gomes Esteves   ,"2026-09-18 00:26:09","2026-09-18 00:26:10",Maxmiler Fernandes Silva,"2026-09-17 23:48:46",2026-09-17 20:41:00.000,2026-09-18 04:30:00.000
MATRIZ,2026-09-17,2026-09-17,SUP JUJU,"7241701","000-7241701",11,11,0,TCB7I34,TCB7I34E4,75,MISTO,"20",E4,"6",Felipe Rogerio Estevam Da Silva ,"2026-09-17 21:56:42","2026-09-17 22:09:34",12.87,Wallace Christian Gomes Esteves   ,"2026-09-18 00:26:02","2026-09-18 00:26:04",Maxmiler Fernandes Silva,"2026-09-17 23:54:34",2026-09-17 20:41:00.000,2026-09-18 04:30:00.000
MATRIZ,2026-09-17,2026-09-17,SUP JUJU,"7241701","000-7241701",11,11,0,TCB7I34,TCB7I34E1,58,MISTO,"21",E1,"6",Marcos Vinicio Alves Pessoa,"2026-09-17 22:02:45","2026-09-17 22:09:31",6.77,Wallace Christian Gomes Esteves   ,"2026-09-18 00:25:57","2026-09-18 00:25:59",Maxmiler Fernandes Silva,"2026-09-17 23:54:30",2026-09-17 20:41:00.000,2026-09-18 04:30:00.000
MATRIZ,2026-09-17,2026-09-17,SUP COIMBRA,"7251701","000-7251701",11,10,1,TCL0I17,TCL0I17E3,20,MISTO,"36",E3,"7",Adilson José Gonçalves,"2026-09-17 22:39:40","2026-09-17 22:51:17",11.62,Wallace Christian Gomes Esteves   ,"2026-09-18 01:44:23","2026-09-18 01:44:27",Maxmiler Fernandes Silva,"2026-09-18 01:25:17",2026-09-17 20:41:00.000,2026-09-18 04:30:00.000
MATRIZ,2026-09-17,2026-09-17,SUP COIMBRA,"7251701","000-7251701",11,10,1,TCL0I17,TCL0I17D3,23,MISTO,"35",D3,"7",Leonardo Caetano Rodrigues,"2026-09-17 22:39:13","2026-09-17 22:41:30",2.28,Wallace Christian Gomes Esteves   ,"2026-09-18 01:43:18","2026-09-18 01:44:02",Maxmiler Fernandes Silva,"2026-09-18 01:28:07",2026-09-17 20:41:00.000,2026-09-18 04:30:00.000
MATRIZ,2026-09-17,2026-09-17,SUP COIMBRA,"7251701","000-7251701",11,10,1,TCL0I17,TCL0I17E2,157,MISTO,"28",E2,"7",Felipe Rogerio Estevam Da Silva ,"2026-09-17 22:20:05","2026-09-17 22:44:00",23.92,Wallace Christian Gomes Esteves   ,"2026-09-18 01:44:04","2026-09-18 01:44:07",Maxmiler Fernandes Silva,"2026-09-18 01:27:31",2026-09-17 20:41:00.000,2026-09-18 04:30:00.000
MATRIZ,2026-09-17,2026-09-17,SUP COIMBRA,"7251701","000-7251701",11,10,1,TCL0I17,TCL0I17D2,39,MISTO,"34",D2,"7",Denilton Batista Dos Santos,"2026-09-17 22:36:33","2026-09-17 22:50:52",14.32,Wallace Christian Gomes Esteves   ,"2026-09-18 01:44:49","2026-09-18 01:44:51",Maxmiler Fernandes Silva,"2026-09-18 01:24:25",2026-09-17 20:41:00.000,2026-09-18 04:30:00.000
MATRIZ,2026-09-17,2026-09-17,SUP COIMBRA,"7251701","000-7251701",11,10,1,TCL0I17,TCL0I17D5,56,MISTO,"33",D5,"7",Marcos Vinicio Alves Pessoa,"2026-09-17 22:33:25","2026-09-17 22:50:29",17.07,Wallace Christian Gomes Esteves   ,"2026-09-18 01:44:36","2026-09-18 01:44:38",Maxmiler Fernandes Silva,"2026-09-18 01:31:35",2026-09-17 20:41:00.000,2026-09-18 04:30:00.000
MATRIZ,2026-09-17,2026-09-17,SUP COIMBRA,"7251701","000-7251701",11,10,1,TCL0I17,TCL0I17E5,72,MISTO,"31",E5,"7",Gianmiller Moraes,"2026-09-17 22:28:58","2026-09-17 23:18:54",49.93,Wallace Christian Gomes Esteves   ,"2026-09-18 01:44:42","2026-09-18 01:44:44",Maxmiler Fernandes Silva,"2026-09-18 01:33:09",2026-09-17 20:41:00.000,2026-09-18 04:30:00.000
MATRIZ,2026-09-17,2026-09-17,SUP COIMBRA,"7251701","000-7251701",11,10,1,TCL0I17,TCL0I17E1,75,MISTO,"32",E1,"7",Leonardo Caetano Rodrigues,"2026-09-17 22:29:23","2026-09-17 22:37:20",7.95,Wallace Christian Gomes Esteves   ,"2026-09-18 01:45:13","2026-09-18 01:45:15",Maxmiler Fernandes Silva,"2026-09-18 01:26:18",2026-09-17 20:41:00.000,2026-09-18 04:30:00.000
MATRIZ,2026-09-17,2026-09-17,SUP COIMBRA,"7251701","000-7251701",11,10,1,TCL0I17,TCL0I17E4,101,MISTO,"29",E4,"7",Adilson José Gonçalves,"2026-09-17 22:24:19","2026-09-17 22:38:52",14.55,Wallace Christian Gomes Esteves   ,"2026-09-18 01:44:57","2026-09-18 01:44:59",Maxmiler Fernandes Silva,"2026-09-18 01:29:36",2026-09-17 20:41:00.000,2026-09-18 04:30:00.000
MATRIZ,2026-09-17,2026-09-17,SUP COIMBRA,"7251701","000-7251701",11,10,1,TCL0I17,TCL0I17D4,97,MISTO,"30",D4,"7",Natan Silva Medeiros Júnior,"2026-09-17 22:26:23","2026-09-17 23:01:14",34.85,Wallace Christian Gomes Esteves   ,"2026-09-18 01:45:03","2026-09-18 01:45:05",Maxmiler Fernandes Silva,"2026-09-18 01:33:25",2026-09-17 20:41:00.000,2026-09-18 04:30:00.000
MATRIZ,2026-09-17,2026-09-17,SUP COIMBRA,"7251701","000-7251701",11,10,1,TCL0I17,TCL0I17D1,75,COMPLETO,,D1,"7",,,,,Wallace Christian Gomes Esteves   ,"2026-09-18 01:45:18","2026-09-18 01:45:21",Maxmiler Fernandes Silva,"2026-09-18 01:23:33",2026-09-17 20:41:00.000,2026-09-18 04:30:00.000
MATRIZ,2026-09-17,2026-09-17,PASTELANDIA,"7291701","000-7291701",13,11,2,OWV5H27,OWV5H27E2,50,MISTO,"43",E2,"8",Natan Silva Medeiros Júnior,"2026-09-17 23:07:37","2026-09-17 23:15:05",7.47,Leonardo Miguel,"2026-09-18 01:51:39","2026-09-18 01:51:50",Maxmiler Fernandes Silva,"2026-09-18 01:40:38",2026-09-17 20:41:00.000,2026-09-18 04:30:00.000
MATRIZ,2026-09-17,2026-09-17,PASTELANDIA,"7291701","000-7291701",13,11,2,OWV5H27,OWV5H27E3,32,MISTO,"45",E3,"8",Adilson José Gonçalves,"2026-09-17 23:16:57","2026-09-17 23:26:39",9.70,Leonardo Miguel,"2026-09-18 01:49:45","2026-09-18 01:49:53",Maxmiler Fernandes Silva,"2026-09-18 01:48:30",2026-09-17 20:41:00.000,2026-09-18 04:30:00.000
MATRIZ,2026-09-17,2026-09-17,PASTELANDIA,"7291701","000-7291701",13,11,2,OWV5H27,OWV5H27D2,288,MISTO,"37",D2,"8",Leonardo Caetano Rodrigues,"2026-09-17 22:44:43","2026-09-17 23:00:11",15.47,Leonardo Miguel,"2026-09-18 01:53:35","2026-09-18 01:53:53",Maxmiler Fernandes Silva,"2026-09-18 01:51:12",2026-09-17 20:41:00.000,2026-09-18 04:30:00.000
MATRIZ,2026-09-17,2026-09-17,PASTELANDIA,"7291701","000-7291701",13,11,2,OWV5H27,OWV5H27D3,238,MISTO,"39",D3,"8",Adilson José Gonçalves,"2026-09-17 22:53:30","2026-09-17 23:16:17",22.78,Leonardo Miguel,"2026-09-18 01:49:06","2026-09-18 01:49:38",Maxmiler Fernandes Silva,"2026-09-18 01:47:27",2026-09-17 20:41:00.000,2026-09-18 04:30:00.000
MATRIZ,2026-09-17,2026-09-17,PASTELANDIA,"7291701","000-7291701",13,11,2,OWV5H27,OWV5H27E1,75,COMPLETO,,E1,"8",,,,,Leonardo Miguel,"2026-09-18 01:48:28","2026-09-18 01:48:42",Maxmiler Fernandes Silva,"2026-09-18 01:39:35",2026-09-17 20:41:00.000,2026-09-18 04:30:00.000
MATRIZ,2026-09-17,2026-09-17,PASTELANDIA,"7291701","000-7291701",13,11,2,OWV5H27,OWV5H27D6,237,MISTO,"40",D6,"8",Denilton Batista Dos Santos,"2026-09-17 22:52:20","2026-09-17 23:48:00",55.67,Leonardo Miguel,"2026-09-18 01:50:01","2026-09-18 01:50:12",Maxmiler Fernandes Silva,"2026-09-18 01:46:09",2026-09-17 20:41:00.000,2026-09-18 04:30:00.000
MATRIZ,2026-09-17,2026-09-17,PASTELANDIA,"7291701","000-7291701",13,11,2,OWV5H27,OWV5H27E4,20,MISTO,"46",E4,"8",Marcos Vinicio Alves Pessoa,"2026-09-17 23:17:45","2026-09-17 23:24:47",7.03,Leonardo Miguel,"2026-09-18 01:51:07","2026-09-18 01:51:13",Maxmiler Fernandes Silva,"2026-09-18 01:43:59",2026-09-17 20:41:00.000,2026-09-18 04:30:00.000
MATRIZ,2026-09-17,2026-09-17,PASTELANDIA,"7291701","000-7291701",13,11,2,OWV5H27,OWV5H27D5,57,MISTO,"42",D5,"8",Leonardo Caetano Rodrigues,"2026-09-17 23:01:02","2026-09-17 23:23:13",22.18,Leonardo Miguel,"2026-09-18 01:53:21","2026-09-18 01:53:27",Maxmiler Fernandes Silva,"2026-09-18 01:50:54",2026-09-17 20:41:00.000,2026-09-18 04:30:00.000
MATRIZ,2026-09-17,2026-09-17,PASTELANDIA,"7291701","000-7291701",13,11,2,OWV5H27,OWV5H27D1,75,COMPLETO,,D1,"8",,,,,Leonardo Miguel,"2026-09-18 01:51:55","2026-09-18 01:51:58",Maxmiler Fernandes Silva,"2026-09-18 01:39:42",2026-09-17 20:41:00.000,2026-09-18 04:30:00.000
MATRIZ,2026-09-17,2026-09-17,PASTELANDIA,"7291701","000-7291701",13,11,2,OWV5H27,OWV5H27E5,247,MISTO,"38",E5,"8",Felipe Rogerio Estevam Da Silva ,"2026-09-17 22:44:33","2026-09-17 23:10:21",25.80,Leonardo Miguel,"2026-09-18 01:52:45","2026-09-18 01:52:53",Maxmiler Fernandes Silva,"2026-09-18 01:51:01",2026-09-17 20:41:00.000,2026-09-18 04:30:00.000
MATRIZ,2026-09-17,2026-09-17,PASTELANDIA,"7291701","000-7291701",13,11,2,OWV5H27,OWV5H27D4,73,MISTO,"41",D4,"8",Marcos Vinicio Alves Pessoa,"2026-09-17 22:53:14","2026-09-17 23:16:58",23.73,Leonardo Miguel,"2026-09-18 01:52:07","2026-09-18 01:52:25",Maxmiler Fernandes Silva,"2026-09-18 01:42:48",2026-09-17 20:41:00.000,2026-09-18 04:30:00.000
MATRIZ,2026-09-17,2026-09-17,PASTELANDIA,"7291701","000-7291701",13,11,2,OWV5H27,OWV5H27E6,37,MISTO,"44",E6,"8",Felipe Rogerio Estevam Da Silva ,"2026-09-17 23:10:58","2026-09-17 23:17:38",6.67,Leonardo Miguel,"2026-09-18 01:53:05","2026-09-18 01:53:11",Maxmiler Fernandes Silva,"2026-09-18 01:41:46",2026-09-17 20:41:00.000,2026-09-18 04:30:00.000
MATRIZ,2026-09-17,2026-09-17,GAS E AGUA AVENIDA,"7151701","000-7151701",7,7,0,MQU8E71,MQU8E71D2,254,MISTO,"14",D2,"5",Leonardo Caetano Rodrigues,"2026-09-18 01:36:12","2026-09-18 02:06:05",29.88,Wallace Christian Gomes Esteves   ,"2026-09-18 03:55:18","2026-09-18 03:55:20",Maxmiler Fernandes Silva,"2026-09-18 03:55:04",2026-09-17 20:41:00.000,2026-09-18 04:30:00.000
MATRIZ,2026-09-17,2026-09-17,GAS E AGUA AVENIDA,"7151701","000-7151701",7,7,0,MQU8E71,MQU8E71E1,69,MISTO,"40",E1,"5",Pedro Lucas Procópio dos Santos,"2026-09-18 02:57:15","2026-09-18 03:01:14",3.98,Leonardo Miguel,"2026-09-18 03:49:08","2026-09-18 03:49:13",Maxmiler Fernandes Silva,"2026-09-18 03:48:49",2026-09-17 20:41:00.000,2026-09-18 04:30:00.000
MATRIZ,2026-09-17,2026-09-17,GAS E AGUA AVENIDA,"7151701","000-7151701",7,7,0,MQU8E71,MQU8E71E2,140,MISTO,"3",E2,"5",Denilton Batista Dos Santos,"2026-09-18 01:40:12","2026-09-18 02:38:46",58.57,Leonardo Miguel,"2026-09-18 03:50:03","2026-09-18 03:50:48",Maxmiler Fernandes Silva,"2026-09-18 03:50:00",2026-09-17 20:41:00.000,2026-09-18 04:30:00.000
MATRIZ,2026-09-17,2026-09-17,GAS E AGUA AVENIDA,"7151701","000-7151701",7,7,0,MQU8E71,MQU8E71D1,51,MISTO,"12",D1,"5",Marcos Vinicio Alves Pessoa,"2026-09-18 01:41:55","2026-09-18 02:02:24",20.48,Wallace Christian Gomes Esteves   ,"2026-09-18 03:55:55","2026-09-18 03:55:57",Maxmiler Fernandes Silva,"2026-09-18 03:54:07",2026-09-17 20:41:00.000,2026-09-18 04:30:00.000
MATRIZ,2026-09-17,2026-09-17,GAS E AGUA AVENIDA,"7151701","000-7151701",7,7,0,MQU8E71,MQU8E71D3,150,MISTO,"17",D3,"5",Natan Silva Medeiros Júnior,"2026-09-18 01:38:25","2026-09-18 02:29:13",50.80,Wallace Christian Gomes Esteves   ,"2026-09-18 03:55:26","2026-09-18 03:55:28",Maxmiler Fernandes Silva,"2026-09-18 03:51:33",2026-09-17 20:41:00.000,2026-09-18 04:30:00.000
MATRIZ,2026-09-17,2026-09-17,GAS E AGUA AVENIDA,"7151701","000-7151701",7,7,0,MQU8E71,MQU8E71E3,43,MISTO,"32",E3,"5",Gianmiller Moraes,"2026-09-18 02:01:46","2026-09-18 02:18:17",16.52,Wallace Christian Gomes Esteves   ,"2026-09-18 03:56:02","2026-09-18 03:56:05",Maxmiler Fernandes Silva,"2026-09-18 03:52:35",2026-09-17 20:41:00.000,2026-09-18 04:30:00.000
MATRIZ,2026-09-17,2026-09-17,CRISTINA MARIA,"7161701","000-7161701",7,7,0,MQL5679,MQL5679E1,256,MISTO,"13",E1,"1",Denilton Batista Dos Santos,"2026-09-17 21:30:40","2026-09-17 22:34:04",63.40,Wallace Christian Gomes Esteves   ,"2026-09-18 00:21:36","2026-09-18 00:21:38",Maxmiler Fernandes Silva,"2026-09-18 00:07:18",2026-09-17 20:41:00.000,2026-09-18 04:30:00.000
MATRIZ,2026-09-17,2026-09-17,CRISTINA MARIA,"7161701","000-7161701",7,7,0,MQL5679,MQL5679E3,216,MISTO,"12",E3,"1",Marcos Vinicio Alves Pessoa,"2026-09-17 21:21:17","2026-09-17 22:01:41",40.40,Wallace Christian Gomes Esteves   ,"2026-09-18 00:20:51","2026-09-18 00:20:54",Maxmiler Fernandes Silva,"2026-09-18 00:07:14",2026-09-17 20:41:00.000,2026-09-18 04:30:00.000
MATRIZ,2026-09-17,2026-09-17,CRISTINA MARIA,"7161701","000-7161701",7,7,0,MQL5679,MQL5679D3,65,MISTO,"16",D3,"1",Felipe Rogerio Estevam Da Silva ,"2026-09-17 21:37:35","2026-09-17 21:54:58",17.38,Wallace Christian Gomes Esteves   ,"2026-09-18 00:20:42","2026-09-18 00:20:44",Maxmiler Fernandes Silva,"2026-09-18 00:07:05",2026-09-17 20:41:00.000,2026-09-18 04:30:00.000
MATRIZ,2026-09-17,2026-09-17,CRISTINA MARIA,"7161701","000-7161701",7,7,0,MQL5679,MQL5679D2,48,MISTO,"17",D2,"1",Natan Silva Medeiros Júnior,"2026-09-17 21:49:22","2026-09-17 22:05:19",15.95,Wallace Christian Gomes Esteves   ,"2026-09-18 00:21:02","2026-09-18 00:21:04",Maxmiler Fernandes Silva,"2026-09-18 00:07:02",2026-09-17 20:41:00.000,2026-09-18 04:30:00.000
MATRIZ,2026-09-17,2026-09-17,CRISTINA MARIA,"7161701","000-7161701",7,7,0,MQL5679,MQL5679E2,121,MISTO,"14",E2,"1",Adilson José Gonçalves,"2026-09-17 21:35:22","2026-09-17 22:06:44",31.37,Wallace Christian Gomes Esteves   ,"2026-09-18 00:21:18","2026-09-18 00:21:22",Maxmiler Fernandes Silva,"2026-09-18 00:07:11",2026-09-17 20:41:00.000,2026-09-18 04:30:00.000
MATRIZ,2026-09-17,2026-09-17,CRISTINA MARIA,"7161701","000-7161701",7,7,0,MQL5679,MQL5679D1,69,MISTO,"15",D1,"1",Leonardo Caetano Rodrigues,"2026-09-17 21:37:04","2026-09-17 21:53:23",16.32,Wallace Christian Gomes Esteves   ,"2026-09-18 00:21:43","2026-09-18 00:21:48",Maxmiler Fernandes Silva,"2026-09-18 00:07:08",2026-09-17 20:41:00.000,2026-09-18 04:30:00.000
MATRIZ,2026-09-17,2026-09-17,MEXIDAO DA TIA DELMA,"7131701","000-7131701",7,7,0,JXS4C69,JXS4C69E3,40,MISTO,"21",E3,"3",Gianmiller Moraes,"2026-09-18 01:13:08","2026-09-18 01:23:25",10.28,Leonardo Miguel,"2026-09-18 03:14:01","2026-09-18 03:14:11",Maxmiler Fernandes Silva,"2026-09-18 02:34:39",2026-09-17 20:41:00.000,2026-09-18 04:30:00.000
MATRIZ,2026-09-17,2026-09-17,MEXIDAO DA TIA DELMA,"7131701","000-7131701",7,7,0,JXS4C69,JXS4C69D3,220,MISTO,"18",D3,"3",Felipe Rogerio Estevam Da Silva ,"2026-09-18 00:50:26","2026-09-18 01:27:12",36.77,Leonardo Miguel,"2026-09-18 03:14:48","2026-09-18 03:14:59",Maxmiler Fernandes Silva,"2026-09-18 02:36:00",2026-09-17 20:41:00.000,2026-09-18 04:30:00.000
MATRIZ,2026-09-17,2026-09-17,MEXIDAO DA TIA DELMA,"7131701","000-7131701",7,7,0,JXS4C69,JXS4C69E2,37,MISTO,"19",E2,"3",Natan Silva Medeiros Júnior,"2026-09-18 01:22:50","2026-09-18 01:34:32",11.70,Leonardo Miguel,"2026-09-18 03:14:15","2026-09-18 03:14:20",Maxmiler Fernandes Silva,"2026-09-18 02:32:52",2026-09-17 20:41:00.000,2026-09-18 04:30:00.000
MATRIZ,2026-09-17,2026-09-17,MEXIDAO DA TIA DELMA,"7131701","000-7131701",7,7,0,JXS4C69,JXS4C69D2,133,MISTO,"20",D2,"3",Denilton Batista Dos Santos,"2026-09-18 00:57:57","2026-09-18 01:35:43",37.77,Leonardo Miguel,"2026-09-18 03:13:45","2026-09-18 03:13:51",Maxmiler Fernandes Silva,"2026-09-18 02:33:44",2026-09-17 20:41:00.000,2026-09-18 04:30:00.000
MATRIZ,2026-09-17,2026-09-17,MEXIDAO DA TIA DELMA,"7131701","000-7131701",7,7,0,JXS4C69,JXS4C69E1,61,MISTO,"1",E1,"3",Marcos Vinicio Alves Pessoa,"2026-09-18 01:07:48","2026-09-18 01:37:41",29.88,Leonardo Miguel,"2026-09-18 03:14:26","2026-09-18 03:14:34",Maxmiler Fernandes Silva,"2026-09-18 02:31:58",2026-09-17 20:41:00.000,2026-09-18 04:30:00.000
MATRIZ,2026-09-17,2026-09-17,MEXIDAO DA TIA DELMA,"7131701","000-7131701",7,7,0,JXS4C69,JXS4C69D1,40,MISTO,"22",D1,"3",Natan Silva Medeiros Júnior,"2026-09-18 01:13:28","2026-09-18 01:18:15",4.78,Leonardo Miguel,"2026-09-18 03:14:41","2026-09-18 03:14:43",Maxmiler Fernandes Silva,"2026-09-18 02:36:59",2026-09-17 20:41:00.000,2026-09-18 04:30:00.000
MATRIZ,2026-09-17,2026-09-17,REST DO BURU,"7191701","000-7191701",9,8,1,KZX0905,KZX0905E4,115,MISTO,"16",E4,"6",Marcos Vinicio Alves Pessoa,"2026-09-18 02:06:11","2026-09-18 02:35:05",28.90,Wallace Christian Gomes Esteves   ,"2026-09-18 04:13:55","2026-09-18 04:13:57",Maxmiler Fernandes Silva,"2026-09-18 04:09:38",2026-09-17 20:41:00.000,2026-09-18 04:30:00.000
MATRIZ,2026-09-17,2026-09-17,REST DO BURU,"7191701","000-7191701",9,8,1,KZX0905,KZX0905E2,32,MISTO,"44",E2,"6",Gianmiller Moraes,"2026-09-18 02:23:09","2026-09-18 02:33:41",10.53,Wallace Christian Gomes Esteves   ,"2026-09-18 04:15:49","2026-09-18 04:15:51",Maxmiler Fernandes Silva,"2026-09-18 04:11:34",2026-09-17 20:41:00.000,2026-09-18 04:30:00.000
MATRIZ,2026-09-17,2026-09-17,REST DO BURU,"7191701","000-7191701",9,8,1,KZX0905,KZX0905D3,138,MISTO,"52",D3,"6",Adilson José Gonçalves,"2026-09-18 02:05:02","2026-09-18 02:34:08",29.10,Leonardo Miguel,"2026-09-18 04:21:04","2026-09-18 04:21:07",Maxmiler Fernandes Silva,"2026-09-18 04:11:42",2026-09-17 20:41:00.000,2026-09-18 04:30:00.000
MATRIZ,2026-09-17,2026-09-17,REST DO BURU,"7191701","000-7191701",9,8,1,KZX0905,KZX0905E3,29,MISTO,"28",E3,"6",Pedro Lucas Procópio dos Santos,"2026-09-18 03:06:31","2026-09-18 03:11:06",4.58,Wallace Christian Gomes Esteves   ,"2026-09-18 04:15:58","2026-09-18 04:16:00",Maxmiler Fernandes Silva,"2026-09-18 04:07:30",2026-09-17 20:41:00.000,2026-09-18 04:30:00.000
MATRIZ,2026-09-17,2026-09-17,REST DO BURU,"7191701","000-7191701",9,8,1,KZX0905,KZX0905E1,43,MISTO,"39",E1,"6",Pedro Lucas Procópio dos Santos,"2026-09-18 03:01:28","2026-09-18 03:06:07",4.65,Wallace Christian Gomes Esteves   ,"2026-09-18 04:14:06","2026-09-18 04:14:08",Maxmiler Fernandes Silva,"2026-09-18 04:08:39",2026-09-17 20:41:00.000,2026-09-18 04:30:00.000
MATRIZ,2026-09-17,2026-09-17,REST DO BURU,"7191701","000-7191701",9,8,1,KZX0905,KZX0905D2,57,MISTO,"50",D2,"6",Leonardo Caetano Rodrigues,"2026-09-18 02:06:53","2026-09-18 02:16:22",9.48,Wallace Christian Gomes Esteves   ,"2026-09-18 04:13:50","2026-09-18 04:13:53",Maxmiler Fernandes Silva,"2026-09-18 04:12:52",2026-09-17 20:41:00.000,2026-09-18 04:30:00.000
MATRIZ,2026-09-17,2026-09-17,REST DO BURU,"7191701","000-7191701",9,8,1,KZX0905,KZX0905D4,55,MISTO,"51",D4,"6",Leonardo Caetano Rodrigues,"2026-09-18 02:18:40","2026-09-18 02:25:16",6.60,Wallace Christian Gomes Esteves   ,"2026-09-18 04:14:13","2026-09-18 04:14:15",Maxmiler Fernandes Silva,"2026-09-18 04:12:49",2026-09-17 20:41:00.000,2026-09-18 04:30:00.000
MATRIZ,2026-09-17,2026-09-17,REST DO BURU,"7191701","000-7191701",9,8,1,KZX0905,KZX0905D1,50,COMPLETO,,D1,"6",,,,,Wallace Christian Gomes Esteves   ,"2026-09-18 04:16:05","2026-09-18 04:16:08",Maxmiler Fernandes Silva,"2026-09-18 04:05:37",2026-09-17 20:41:00.000,2026-09-18 04:30:00.000
MATRIZ,2026-09-17,2026-09-17,ACAI E CIA,"7141701","000-7141701",7,7,0,HAI2518,HAI2518D2,45,MISTO,"49",D2,"4",Pedro Lucas Procópio dos Santos,"2026-09-18 02:16:43","2026-09-18 02:49:14",32.52,Wallace Christian Gomes Esteves   ,"2026-09-18 04:17:49","2026-09-18 04:17:51",Maxmiler Fernandes Silva,"2026-09-18 04:17:43",2026-09-17 20:41:00.000,2026-09-18 04:30:00.000
MATRIZ,2026-09-17,2026-09-17,ACAI E CIA,"7141701","000-7141701",7,7,0,HAI2518,HAI2518E1,48,MISTO,"25",E1,"4",Gianmiller Moraes,"2026-09-18 01:28:00","2026-09-18 01:53:47",25.78,Leonardo Miguel,"2026-09-18 03:17:53","2026-09-18 03:18:00",Maxmiler Fernandes Silva,"2026-09-18 02:50:45",2026-09-17 20:41:00.000,2026-09-18 04:30:00.000
MATRIZ,2026-09-17,2026-09-17,ACAI E CIA,"7141701","000-7141701",7,7,0,HAI2518,HAI2518D1,40,MISTO,"13",D1,"4",Pedro Lucas Procópio dos Santos,"2026-09-18 02:00:22","2026-09-18 02:00:40",0.30,Leonardo Miguel,"2026-09-18 03:18:05","2026-09-18 03:18:09",Maxmiler Fernandes Silva,"2026-09-18 02:48:01",2026-09-17 20:41:00.000,2026-09-18 04:30:00.000
MATRIZ,2026-09-17,2026-09-17,ACAI E CIA,"7141701","000-7141701",7,7,0,HAI2518,HAI2518E2,176,MISTO,"26",E2,"4",Felipe Rogerio Estevam Da Silva ,"2026-09-18 01:27:45","2026-09-18 01:53:31",25.77,Leonardo Miguel,"2026-09-18 03:18:44","2026-09-18 03:18:49",Maxmiler Fernandes Silva,"2026-09-18 02:52:03",2026-09-17 20:41:00.000,2026-09-18 04:30:00.000
MATRIZ,2026-09-17,2026-09-17,ACAI E CIA,"7141701","000-7141701",7,7,0,HAI2518,HAI2518D3,43,MISTO,"15",D3,"4",Pedro Lucas Procópio dos Santos,"2026-09-18 01:32:11","2026-09-18 01:52:20",20.15,Leonardo Miguel,"2026-09-18 03:18:15","2026-09-18 03:18:24",Maxmiler Fernandes Silva,"2026-09-18 02:56:15",2026-09-17 20:41:00.000,2026-09-18 04:30:00.000
MATRIZ,2026-09-17,2026-09-17,ACAI E CIA,"7141701","000-7141701",7,7,0,HAI2518,HAI2518E3,221,MISTO,"24",E3,"4",Adilson José Gonçalves,"2026-09-18 01:26:12","2026-09-18 02:01:30",35.30,Leonardo Miguel,"2026-09-18 03:18:34","2026-09-18 03:18:40",Maxmiler Fernandes Silva,"2026-09-18 02:49:55",2026-09-17 20:41:00.000,2026-09-18 04:30:00.000
MATRIZ,2026-09-17,2026-09-17,FRANGOLITO GV,"7121701","000-7121701",7,7,0,DJB5C58,DJB5C58D1,40,MISTO,"27",D1,"2",Marcos Vinicio Alves Pessoa,"2026-09-18 00:50:02","2026-09-18 01:04:24",14.37,Wallace Christian Gomes Esteves   ,"2026-09-18 02:25:36","2026-09-18 02:25:40",Maxmiler Fernandes Silva,"2026-09-18 02:20:31",2026-09-17 20:41:00.000,2026-09-18 04:30:00.000
MATRIZ,2026-09-17,2026-09-17,FRANGOLITO GV,"7121701","000-7121701",7,7,0,DJB5C58,DJB5C58E3,134,MISTO,"72",E3,"2",Leonardo Caetano Rodrigues,"2026-09-18 01:09:00","2026-09-18 01:34:22",25.37,Wallace Christian Gomes Esteves   ,"2026-09-18 02:25:24","2026-09-18 02:25:29",Maxmiler Fernandes Silva,"2026-09-18 02:25:08",2026-09-17 20:41:00.000,2026-09-18 04:30:00.000
MATRIZ,2026-09-17,2026-09-17,FRANGOLITO GV,"7121701","000-7121701",7,7,0,DJB5C58,DJB5C58E2,214,MISTO,"70",E2,"2",Marcos Vinicio Alves Pessoa,"2026-09-17 23:33:47","2026-09-18 00:46:41",72.90,Wallace Christian Gomes Esteves   ,"2026-09-18 02:25:47","2026-09-18 02:25:49",Maxmiler Fernandes Silva,"2026-09-18 02:25:04",2026-09-17 20:41:00.000,2026-09-18 04:30:00.000
MATRIZ,2026-09-17,2026-09-17,FRANGOLITO GV,"7121701","000-7121701",7,7,0,DJB5C58,DJB5C58D2,66,MISTO,"11",D2,"2",Felipe Rogerio Estevam Da Silva ,"2026-09-18 00:36:56","2026-09-18 00:49:54",12.97,Wallace Christian Gomes Esteves   ,"2026-09-18 02:25:11","2026-09-18 02:25:14",Maxmiler Fernandes Silva,"2026-09-18 02:23:36",2026-09-17 20:41:00.000,2026-09-18 04:30:00.000
MATRIZ,2026-09-17,2026-09-17,FRANGOLITO GV,"7121701","000-7121701",7,7,0,DJB5C58,DJB5C58D3,41,MISTO,"23",D3,"2",Denilton Batista Dos Santos,"2026-09-18 00:38:42","2026-09-18 00:53:06",14.40,Wallace Christian Gomes Esteves   ,"2026-09-18 02:25:01","2026-09-18 02:25:02",Maxmiler Fernandes Silva,"2026-09-18 02:21:44",2026-09-17 20:41:00.000,2026-09-18 04:30:00.000
MATRIZ,2026-09-17,2026-09-17,FRANGOLITO GV,"7121701","000-7121701",7,7,0,DJB5C58,DJB5C58E1,144,MISTO,"71",E1,"2",Adilson José Gonçalves,"2026-09-17 23:42:13","2026-09-18 00:03:50",21.62,Wallace Christian Gomes Esteves   ,"2026-09-18 02:24:46","2026-09-18 02:24:48",Maxmiler Fernandes Silva,"2026-09-18 02:17:15",2026-09-17 20:41:00.000,2026-09-18 04:30:00.000
MATRIZ,2026-09-17,2026-09-17,EURIDES BAR,"7381701","000-7381701",7,7,0,KKJ5250,KKJ5250E3,86,MISTO,"41",E3,"7",Natan Silva Medeiros Júnior,"2026-09-18 02:35:15","2026-09-18 03:03:21",28.10,Leonardo Miguel,"2026-09-18 03:44:34","2026-09-18 03:44:54",Maxmiler Fernandes Silva,"2026-09-18 03:42:08",2026-09-17 20:41:00.000,2026-09-18 04:30:00.000
MATRIZ,2026-09-17,2026-09-17,EURIDES BAR,"7381701","000-7381701",7,7,0,KKJ5250,KKJ5250D2,140,MISTO,"42",D2,"7",Leonardo Caetano Rodrigues,"2026-09-18 02:27:22","2026-09-18 02:55:25",28.05,Leonardo Miguel,"2026-09-18 03:43:42","2026-09-18 03:43:47",Maxmiler Fernandes Silva,"2026-09-18 03:34:40",2026-09-17 20:41:00.000,2026-09-18 04:30:00.000
MATRIZ,2026-09-17,2026-09-17,EURIDES BAR,"7381701","000-7381701",7,7,0,KKJ5250,KKJ5250D3,138,MISTO,"37",D3,"7",Adilson José Gonçalves,"2026-09-18 02:34:47","2026-09-18 03:04:21",29.57,Leonardo Miguel,"2026-09-18 03:43:49","2026-09-18 03:43:57",Maxmiler Fernandes Silva,"2026-09-18 03:32:31",2026-09-17 20:41:00.000,2026-09-18 04:30:00.000
MATRIZ,2026-09-17,2026-09-17,EURIDES BAR,"7381701","000-7381701",7,7,0,KKJ5250,KKJ5250D1,40,MISTO,"38",D1,"7",Gianmiller Moraes,"2026-09-18 02:37:13","2026-09-18 02:49:24",12.18,Leonardo Miguel,"2026-09-18 03:44:15","2026-09-18 03:44:18",Maxmiler Fernandes Silva,"2026-09-18 03:42:35",2026-09-17 20:41:00.000,2026-09-18 04:30:00.000
MATRIZ,2026-09-17,2026-09-17,EURIDES BAR,"7381701","000-7381701",7,7,0,KKJ5250,KKJ5250E1,68,MISTO,"27",E1,"7",Marcos Vinicio Alves Pessoa,"2026-09-18 02:36:44","2026-09-18 02:54:54",18.17,Leonardo Miguel,"2026-09-18 03:44:24","2026-09-18 03:44:31",Maxmiler Fernandes Silva,"2026-09-18 03:38:57",2026-09-17 20:41:00.000,2026-09-18 04:30:00.000
MATRIZ,2026-09-17,2026-09-17,EURIDES BAR,"7381701","000-7381701",7,7,0,KKJ5250,KKJ5250E2,39,MISTO,"46",E2,"7",Denilton Batista Dos Santos,"2026-09-18 02:39:57","2026-09-18 03:06:48",26.85,Leonardo Miguel,"2026-09-18 03:46:52","2026-09-18 03:47:53",Maxmiler Fernandes Silva,"2026-09-18 03:44:59",2026-09-17 20:41:00.000,2026-09-18 04:30:00.000
MATRIZ,2026-09-17,2026-09-17,LANCHONETE DO POSTO,"7411701","000-7411701",7,7,0,OWQ4406,OWQ4406D2,62,MISTO,"47",D2,"1",Gianmiller Moraes,"2026-09-17 23:26:32","2026-09-18 00:01:15",34.72,Wallace Christian Gomes Esteves   ,"2026-09-18 02:16:45","2026-09-18 02:16:47",Maxmiler Fernandes Silva,"2026-09-18 02:04:31",2026-09-17 20:41:00.000,2026-09-18 04:30:00.000
MATRIZ,2026-09-17,2026-09-17,LANCHONETE DO POSTO,"7411701","000-7411701",7,7,0,OWQ4406,OWQ4406D1,69,MISTO,"51",D1,"1",Natan Silva Medeiros Júnior,"2026-09-17 23:25:56","2026-09-17 23:36:03",10.12,Wallace Christian Gomes Esteves   ,"2026-09-18 02:16:54","2026-09-18 02:16:55",Maxmiler Fernandes Silva,"2026-09-18 02:10:45",2026-09-17 20:41:00.000,2026-09-18 04:30:00.000
MATRIZ,2026-09-17,2026-09-17,LANCHONETE DO POSTO,"7411701","000-7411701",7,7,0,OWQ4406,OWQ4406D3,307,MISTO,"48",D3,"1",Felipe Rogerio Estevam Da Silva ,"2026-09-17 23:18:31","2026-09-18 00:06:17",47.77,Wallace Christian Gomes Esteves   ,"2026-09-18 02:16:50","2026-09-18 02:16:52",Maxmiler Fernandes Silva,"2026-09-18 02:04:26",2026-09-17 20:41:00.000,2026-09-18 04:30:00.000
MATRIZ,2026-09-17,2026-09-17,LANCHONETE DO POSTO,"7411701","000-7411701",7,7,0,OWQ4406,OWQ4406E3,70,MISTO,"50",E3,"1",Geraldo Teixeira Baia Junior,"2026-09-17 23:24:36","2026-09-17 23:59:02",34.43,Leonardo Miguel,"2026-09-18 02:00:04","2026-09-18 02:00:13",Maxmiler Fernandes Silva,"2026-09-18 01:59:58",2026-09-17 20:41:00.000,2026-09-18 04:30:00.000
MATRIZ,2026-09-17,2026-09-17,LANCHONETE DO POSTO,"7411701","000-7411701",7,7,0,OWQ4406,OWQ4406E2,61,MISTO,"52",E2,"1",Adilson José Gonçalves,"2026-09-17 23:27:42","2026-09-17 23:41:08",13.43,Leonardo Miguel,"2026-09-18 01:57:01","2026-09-18 01:57:13",Maxmiler Fernandes Silva,"2026-09-18 01:56:40",2026-09-17 20:41:00.000,2026-09-18 04:30:00.000
MATRIZ,2026-09-17,2026-09-17,LANCHONETE DO POSTO,"7411701","000-7411701",7,7,0,OWQ4406,OWQ4406E1,162,MISTO,"49",E1,"1",Leonardo Caetano Rodrigues,"2026-09-17 23:23:38","2026-09-17 23:55:17",31.65,Leonardo Miguel,"2026-09-18 01:56:45","2026-09-18 01:56:57",Maxmiler Fernandes Silva,"2026-09-18 01:53:36",2026-09-17 20:41:00.000,2026-09-18 04:30:00.000
MATRIZ,2026-09-18,2026-09-18,LORRAYNE ROSA PEREIR,"7181801","000-7181801",7,6,1,RFP8G80,RFP8G80E1,39,MISTO,"13",E1,"7",Natan Silva Medeiros Júnior,"2026-09-19 01:26:56","2026-09-19 01:35:43",8.78,Wallace Christian Gomes Esteves   ,"2026-09-19 03:02:55","2026-09-19 03:03:01",Maxmiler Fernandes Silva,"2026-09-19 02:47:50",2026-09-18 21:10:00.000,2026-09-19 03:40:00.000
MATRIZ,2026-09-18,2026-09-18,LORRAYNE ROSA PEREIR,"7181801","000-7181801",7,6,1,RFP8G80,RFP8G80E3,162,MISTO,"52",E3,"7",Leonardo Caetano Rodrigues,"2026-09-19 01:16:03","2026-09-19 01:35:38",19.58,Wallace Christian Gomes Esteves   ,"2026-09-19 03:02:02","2026-09-19 03:02:04",Maxmiler Fernandes Silva,"2026-09-19 02:44:40",2026-09-18 21:10:00.000,2026-09-19 03:40:00.000
MATRIZ,2026-09-18,2026-09-18,LORRAYNE ROSA PEREIR,"7181801","000-7181801",7,6,1,RFP8G80,RFP8G80D3,35,MISTO,"14",D3,"7",Leonardo Miguel,"2026-09-19 01:29:44","2026-09-19 01:36:03",6.32,Wallace Christian Gomes Esteves   ,"2026-09-19 03:03:08","2026-09-19 03:03:10",Maxmiler Fernandes Silva,"2026-09-19 02:36:39",2026-09-18 21:10:00.000,2026-09-19 03:40:00.000
MATRIZ,2026-09-18,2026-09-18,LORRAYNE ROSA PEREIR,"7181801","000-7181801",7,6,1,RFP8G80,RFP8G80D1,50,COMPLETO,,D1,"7",,,,,Wallace Christian Gomes Esteves   ,"2026-09-19 03:02:49","2026-09-19 03:02:51",Maxmiler Fernandes Silva,"2026-09-19 02:55:32",2026-09-18 21:10:00.000,2026-09-19 03:40:00.000
MATRIZ,2026-09-18,2026-09-18,LORRAYNE ROSA PEREIR,"7181801","000-7181801",7,6,1,RFP8G80,RFP8G80D2,54,MISTO,"12",D2,"7",Leonardo Miguel,"2026-09-19 01:20:48","2026-09-19 01:29:28",8.67,Wallace Christian Gomes Esteves   ,"2026-09-19 03:03:19","2026-09-19 03:03:23",Maxmiler Fernandes Silva,"2026-09-19 02:46:13",2026-09-18 21:10:00.000,2026-09-19 03:40:00.000
MATRIZ,2026-09-18,2026-09-18,LORRAYNE ROSA PEREIR,"7181801","000-7181801",7,6,1,RFP8G80,RFP8G80E2,131,MISTO,"20",E2,"7",Denilton Batista Dos Santos,"2026-09-19 01:20:21","2026-09-19 02:04:25",44.07,Wallace Christian Gomes Esteves   ,"2026-09-19 03:03:31","2026-09-19 03:03:34",Maxmiler Fernandes Silva,"2026-09-19 02:51:32",2026-09-18 21:10:00.000,2026-09-19 03:40:00.000
MATRIZ,2026-09-18,2026-09-18,ALTAIR TAVARES GARCIA,"7191801","000-7191801",9,7,2,KZX0905,KZX0905E1,50,COMPLETO,,E1,"1",,,,,Wallace Christian Gomes Esteves   ,"2026-09-19 03:22:40","2026-09-19 03:22:43",Maxmiler Fernandes Silva,"2026-09-19 03:11:25",2026-09-18 21:10:00.000,2026-09-19 03:40:00.000
MATRIZ,2026-09-18,2026-09-18,ALTAIR TAVARES GARCIA,"7191801","000-7191801",9,7,2,KZX0905,KZX0905E4,76,MISTO,"35",E4,"1",Leonardo Caetano Rodrigues,"2026-09-19 01:36:37","2026-09-19 01:45:03",8.43,Wallace Christian Gomes Esteves   ,"2026-09-19 03:21:52","2026-09-19 03:21:54",Maxmiler Fernandes Silva,"2026-09-19 03:03:41",2026-09-18 21:10:00.000,2026-09-19 03:40:00.000
MATRIZ,2026-09-18,2026-09-18,ALTAIR TAVARES GARCIA,"7191801","000-7191801",9,7,2,KZX0905,KZX0905D2,68,MISTO,"32",D2,"1",Leonardo Miguel,"2026-09-19 01:37:33","2026-09-19 01:48:44",11.18,Wallace Christian Gomes Esteves   ,"2026-09-19 03:22:04","2026-09-19 03:22:07",Maxmiler Fernandes Silva,"2026-09-19 03:00:27",2026-09-18 21:10:00.000,2026-09-19 03:40:00.000
MATRIZ,2026-09-18,2026-09-18,ALTAIR TAVARES GARCIA,"7191801","000-7191801",9,7,2,KZX0905,KZX0905D1,50,COMPLETO,,D1,"1",,,,,Wallace Christian Gomes Esteves   ,"2026-09-19 03:21:58","2026-09-19 03:22:01",Maxmiler Fernandes Silva,"2026-09-19 03:11:29",2026-09-18 21:10:00.000,2026-09-19 03:40:00.000
MATRIZ,2026-09-18,2026-09-18,ALTAIR TAVARES GARCIA,"7191801","000-7191801",9,7,2,KZX0905,KZX0905D3,60,MISTO,"31",D3,"1",Gianmiller Moraes,"2026-09-19 01:41:35","2026-09-19 02:07:02",25.45,Wallace Christian Gomes Esteves   ,"2026-09-19 03:22:46","2026-09-19 03:22:48",Maxmiler Fernandes Silva,"2026-09-19 03:02:23",2026-09-18 21:10:00.000,2026-09-19 03:40:00.000
MATRIZ,2026-09-18,2026-09-18,ALTAIR TAVARES GARCIA,"7191801","000-7191801",9,7,2,KZX0905,KZX0905E3,26,MISTO,"38",E3,"1",Leonardo Miguel,"2026-09-19 01:54:27","2026-09-19 02:08:10",13.72,Wallace Christian Gomes Esteves   ,"2026-09-19 03:22:13","2026-09-19 03:22:15",Maxmiler Fernandes Silva,"2026-09-19 02:57:55",2026-09-18 21:10:00.000,2026-09-19 03:40:00.000
MATRIZ,2026-09-18,2026-09-18,ALTAIR TAVARES GARCIA,"7191801","000-7191801",9,7,2,KZX0905,KZX0905D4,44,MISTO,"29",D4,"1",Leonardo Caetano Rodrigues,"2026-09-19 01:46:53","2026-09-19 01:53:00",6.12,Wallace Christian Gomes Esteves   ,"2026-09-19 03:22:28","2026-09-19 03:22:31",Maxmiler Fernandes Silva,"2026-09-19 02:58:48",2026-09-18 21:10:00.000,2026-09-19 03:40:00.000
MATRIZ,2026-09-18,2026-09-18,ALTAIR TAVARES GARCIA,"7191801","000-7191801",9,7,2,KZX0905,KZX0905E2,42,MISTO,"39",E2,"1",Natan Silva Medeiros Júnior,"2026-09-19 01:47:13","2026-09-19 02:05:09",17.93,Wallace Christian Gomes Esteves   ,"2026-09-19 03:22:35","2026-09-19 03:22:37",Maxmiler Fernandes Silva,"2026-09-19 03:03:37",2026-09-18 21:10:00.000,2026-09-19 03:40:00.000
MATRIZ,2026-09-18,2026-09-18,RESTAURANTE E LANCHONETE CAFE LUA,"7411801","000-7411801",7,7,0,OWQ4406,OWQ4406D3,301,MISTO,"33",D3,"6",Adilson José Gonçalves,"2026-09-18 22:21:47","2026-09-18 22:59:45",37.97,Wallace Christian Gomes Esteves   ,"2026-09-19 01:45:06","2026-09-19 01:45:08",Maxmiler Fernandes Silva,"2026-09-19 01:41:15",2026-09-18 21:10:00.000,2026-09-19 03:40:00.000
MATRIZ,2026-09-18,2026-09-18,RESTAURANTE E LANCHONETE CAFE LUA,"7411801","000-7411801",7,7,0,OWQ4406,OWQ4406D2,28,MISTO,"39",D2,"6",Leonardo Caetano Rodrigues,"2026-09-18 22:27:20","2026-09-18 22:33:49",6.48,Wallace Christian Gomes Esteves   ,"2026-09-19 01:44:12","2026-09-19 01:44:14",Maxmiler Fernandes Silva,"2026-09-19 01:37:10",2026-09-18 21:10:00.000,2026-09-19 03:40:00.000
MATRIZ,2026-09-18,2026-09-18,RESTAURANTE E LANCHONETE CAFE LUA,"7411801","000-7411801",7,7,0,OWQ4406,OWQ4406E2,34,MISTO,"37",E2,"6",Denilton Batista Dos Santos,"2026-09-18 22:25:43","2026-09-18 22:38:05",12.37,Wallace Christian Gomes Esteves   ,"2026-09-19 01:44:45","2026-09-19 01:44:49",Maxmiler Fernandes Silva,"2026-09-19 01:35:27",2026-09-18 21:10:00.000,2026-09-19 03:40:00.000
MATRIZ,2026-09-18,2026-09-18,RESTAURANTE E LANCHONETE CAFE LUA,"7411801","000-7411801",7,7,0,OWQ4406,OWQ4406D1,64,MISTO,"38",D1,"6",Pedro Lucas Procópio dos Santos,"2026-09-18 22:26:11","2026-09-18 22:47:10",20.98,Wallace Christian Gomes Esteves   ,"2026-09-19 01:44:18","2026-09-19 01:44:21",Maxmiler Fernandes Silva,"2026-09-19 01:32:36",2026-09-18 21:10:00.000,2026-09-19 03:40:00.000
MATRIZ,2026-09-18,2026-09-18,RESTAURANTE E LANCHONETE CAFE LUA,"7411801","000-7411801",7,7,0,OWQ4406,OWQ4406E3,126,MISTO,"36",E3,"6",Marcos Vinicio Alves Pessoa,"2026-09-18 22:23:09","2026-09-18 23:12:49",49.67,Wallace Christian Gomes Esteves   ,"2026-09-19 01:44:27","2026-09-19 01:44:29",Maxmiler Fernandes Silva,"2026-09-19 01:40:17",2026-09-18 21:10:00.000,2026-09-19 03:40:00.000
MATRIZ,2026-09-18,2026-09-18,RESTAURANTE E LANCHONETE CAFE LUA,"7411801","000-7411801",7,7,0,OWQ4406,OWQ4406E1,215,MISTO,"34",E1,"6",Natan Silva Medeiros Júnior,"2026-09-18 22:20:54","2026-09-18 22:48:37",27.72,Wallace Christian Gomes Esteves   ,"2026-09-19 01:44:54","2026-09-19 01:44:57",Maxmiler Fernandes Silva,"2026-09-19 01:34:00",2026-09-18 21:10:00.000,2026-09-19 03:40:00.000
MATRIZ,2026-09-18,2026-09-18,MANOEL JOSE,"7141801","000-7141801",7,7,0,HAI2518,HAI2518E2,144,MISTO,"43",E2,"3",Leonardo Caetano Rodrigues,"2026-09-19 00:26:45","2026-09-19 00:53:09",26.40,Wallace Christian Gomes Esteves   ,"2026-09-19 02:23:38","2026-09-19 02:23:40",Maxmiler Fernandes Silva,"2026-09-19 02:19:27",2026-09-18 21:10:00.000,2026-09-19 03:40:00.000
MATRIZ,2026-09-18,2026-09-18,MANOEL JOSE,"7141801","000-7141801",7,7,0,HAI2518,HAI2518E1,55,MISTO,"24",E1,"3",Marcos Vinicio Alves Pessoa,"2026-09-19 00:29:21","2026-09-19 00:59:00",29.65,Wallace Christian Gomes Esteves   ,"2026-09-19 02:25:03","2026-09-19 02:25:07",Maxmiler Fernandes Silva,"2026-09-19 02:17:56",2026-09-18 21:10:00.000,2026-09-19 03:40:00.000
MATRIZ,2026-09-18,2026-09-18,MANOEL JOSE,"7141801","000-7141801",7,7,0,HAI2518,HAI2518D3,42,MISTO,"50",D3,"3",Gianmiller Moraes,"2026-09-19 00:34:41","2026-09-19 01:07:09",32.47,Wallace Christian Gomes Esteves   ,"2026-09-19 02:25:13","2026-09-19 02:25:15",Maxmiler Fernandes Silva,"2026-09-19 02:14:44",2026-09-18 21:10:00.000,2026-09-19 03:40:00.000
MATRIZ,2026-09-18,2026-09-18,MANOEL JOSE,"7141801","000-7141801",7,7,0,HAI2518,HAI2518D2,39,MISTO,"11",D2,"3",Pedro Lucas Procópio dos Santos,"2026-09-19 01:04:28","2026-09-19 01:27:28",23.00,Wallace Christian Gomes Esteves   ,"2026-09-19 02:25:18","2026-09-19 02:25:20",Maxmiler Fernandes Silva,"2026-09-19 02:23:06",2026-09-18 21:10:00.000,2026-09-19 03:40:00.000
MATRIZ,2026-09-18,2026-09-18,MANOEL JOSE,"7141801","000-7141801",7,7,0,HAI2518,HAI2518D1,40,MISTO,"17",D1,"3",Leonardo Miguel,"2026-09-19 01:03:19","2026-09-19 01:03:33",0.23,Wallace Christian Gomes Esteves   ,"2026-09-19 02:23:23","2026-09-19 02:23:25",Maxmiler Fernandes Silva,"2026-09-19 02:22:00",2026-09-18 21:10:00.000,2026-09-19 03:40:00.000
MATRIZ,2026-09-18,2026-09-18,MANOEL JOSE,"7141801","000-7141801",7,7,0,HAI2518,HAI2518E3,126,MISTO,"23",E3,"3",Denilton Batista Dos Santos,"2026-09-19 00:26:03","2026-09-19 01:10:43",44.67,Wallace Christian Gomes Esteves   ,"2026-09-19 02:23:31","2026-09-19 02:23:33",Maxmiler Fernandes Silva,"2026-09-19 02:12:51",2026-09-18 21:10:00.000,2026-09-19 03:40:00.000
MATRIZ,2026-09-18,2026-09-18,SONIA,"7121801","000-7121801",7,7,0,DJB5C58,DJB5C58E1,69,MISTO,"42",E1,"5",Denilton Batista Dos Santos,"2026-09-18 22:41:35","2026-09-18 23:04:42",23.12,Wallace Christian Gomes Esteves   ,"2026-09-19 02:07:17","2026-09-19 02:07:19",Maxmiler Fernandes Silva,"2026-09-19 01:56:14",2026-09-18 21:10:00.000,2026-09-19 03:40:00.000
MATRIZ,2026-09-18,2026-09-18,SONIA,"7121801","000-7121801",7,7,0,DJB5C58,DJB5C58E2,67,MISTO,"2",E2,"5",Leonardo Caetano Rodrigues,"2026-09-18 22:55:57","2026-09-18 23:15:57",20.00,Wallace Christian Gomes Esteves   ,"2026-09-19 02:07:47","2026-09-19 02:07:51",Maxmiler Fernandes Silva,"2026-09-19 01:50:53",2026-09-18 21:10:00.000,2026-09-19 03:40:00.000
MATRIZ,2026-09-18,2026-09-18,SONIA,"7121801","000-7121801",7,7,0,DJB5C58,DJB5C58D2,127,MISTO,"41",D2,"5",Leonardo Caetano Rodrigues,"2026-09-18 22:35:07","2026-09-18 22:51:32",16.42,Wallace Christian Gomes Esteves   ,"2026-09-19 02:07:25","2026-09-19 02:07:27",Maxmiler Fernandes Silva,"2026-09-19 02:04:50",2026-09-18 21:10:00.000,2026-09-19 03:40:00.000
MATRIZ,2026-09-18,2026-09-18,SONIA,"7121801","000-7121801",7,7,0,DJB5C58,DJB5C58D1,40,MISTO,"44",D1,"5",Denilton Batista Dos Santos,"2026-09-18 23:08:43","2026-09-18 23:17:16",8.55,Wallace Christian Gomes Esteves   ,"2026-09-19 02:08:04","2026-09-19 02:08:06",Maxmiler Fernandes Silva,"2026-09-19 01:53:35",2026-09-18 21:10:00.000,2026-09-19 03:40:00.000
MATRIZ,2026-09-18,2026-09-18,SONIA,"7121801","000-7121801",7,7,0,DJB5C58,DJB5C58D3,173,MISTO,"40",D3,"5",Gianmiller Moraes,"2026-09-18 22:29:47","2026-09-18 23:27:38",57.85,Wallace Christian Gomes Esteves   ,"2026-09-19 02:07:33","2026-09-19 02:07:36",Maxmiler Fernandes Silva,"2026-09-19 01:49:00",2026-09-18 21:10:00.000,2026-09-19 03:40:00.000
MATRIZ,2026-09-18,2026-09-18,SONIA,"7121801","000-7121801",7,7,0,DJB5C58,DJB5C58E3,53,MISTO,"3",E3,"5",Natan Silva Medeiros Júnior,"2026-09-18 22:52:55","2026-09-18 23:09:52",16.95,Wallace Christian Gomes Esteves   ,"2026-09-19 02:08:19","2026-09-19 02:08:21",Maxmiler Fernandes Silva,"2026-09-19 02:04:46",2026-09-18 21:10:00.000,2026-09-19 03:40:00.000
MATRIZ,2026-09-18,2026-09-18,SUPERMERCADO COELHO,"7251801","000-7251801",11,11,0,TCL0I17,TCL0I17E2,132,MISTO,"26",E2,"7",Marcos Vinicio Alves Pessoa,"2026-09-18 21:52:14","2026-09-18 22:21:43",29.48,Wallace Christian Gomes Esteves   ,"2026-09-19 01:33:21","2026-09-19 01:33:23",Maxmiler Fernandes Silva,"2026-09-19 01:27:43",2026-09-18 21:10:00.000,2026-09-19 03:40:00.000
MATRIZ,2026-09-18,2026-09-18,SUPERMERCADO COELHO,"7251801","000-7251801",11,11,0,TCL0I17,TCL0I17E5,31,MISTO,"30",E5,"7",Natan Silva Medeiros Júnior,"2026-09-18 22:05:17","2026-09-18 22:09:53",4.60,Wallace Christian Gomes Esteves   ,"2026-09-19 01:33:28","2026-09-19 01:33:30",Maxmiler Fernandes Silva,"2026-09-19 01:22:56",2026-09-18 21:10:00.000,2026-09-19 03:40:00.000
MATRIZ,2026-09-18,2026-09-18,SUPERMERCADO COELHO,"7251801","000-7251801",11,11,0,TCL0I17,TCL0I17D1,75,MISTO,"28",D1,"7",Natan Silva Medeiros Júnior,"2026-09-18 21:54:50","2026-09-18 22:01:05",6.25,Wallace Christian Gomes Esteves   ,"2026-09-19 01:32:37","2026-09-19 01:32:38",Maxmiler Fernandes Silva,"2026-09-19 01:25:13",2026-09-18 21:10:00.000,2026-09-19 03:40:00.000
MATRIZ,2026-09-18,2026-09-18,SUPERMERCADO COELHO,"7251801","000-7251801",11,11,0,TCL0I17,TCL0I17D3,80,MISTO,"27",D3,"7",Leonardo Caetano Rodrigues,"2026-09-18 21:53:58","2026-09-18 22:03:20",9.37,Wallace Christian Gomes Esteves   ,"2026-09-19 01:32:44","2026-09-19 01:32:47",Maxmiler Fernandes Silva,"2026-09-19 01:23:54",2026-09-18 21:10:00.000,2026-09-19 03:40:00.000
MATRIZ,2026-09-18,2026-09-18,SUPERMERCADO COELHO,"7251801","000-7251801",11,11,0,TCL0I17,TCL0I17D2,73,MISTO,"25",D2,"7",Gianmiller Moraes,"2026-09-18 22:03:09","2026-09-18 22:28:28",25.32,Wallace Christian Gomes Esteves   ,"2026-09-19 01:33:06","2026-09-19 01:33:08",Maxmiler Fernandes Silva,"2026-09-19 01:28:23",2026-09-18 21:10:00.000,2026-09-19 03:40:00.000
MATRIZ,2026-09-18,2026-09-18,SUPERMERCADO COELHO,"7251801","000-7251801",11,11,0,TCL0I17,TCL0I17E3,19,MISTO,"35",E3,"7",Leonardo Caetano Rodrigues,"2026-09-18 22:21:17","2026-09-18 22:26:26",5.15,Wallace Christian Gomes Esteves   ,"2026-09-19 01:32:23","2026-09-19 01:32:25",Maxmiler Fernandes Silva,"2026-09-19 01:30:28",2026-09-18 21:10:00.000,2026-09-19 03:40:00.000
MATRIZ,2026-09-18,2026-09-18,SUPERMERCADO COELHO,"7251801","000-7251801",11,11,0,TCL0I17,TCL0I17D4,31,MISTO,"31",D4,"7",Adilson José Gonçalves,"2026-09-18 22:10:07","2026-09-18 22:18:34",8.45,Wallace Christian Gomes Esteves   ,"2026-09-19 01:32:03","2026-09-19 01:32:05",Maxmiler Fernandes Silva,"2026-09-19 01:21:11",2026-09-18 21:10:00.000,2026-09-19 03:40:00.000
MATRIZ,2026-09-18,2026-09-18,SUPERMERCADO COELHO,"7251801","000-7251801",11,11,0,TCL0I17,TCL0I17E1,25,MISTO,"32",E1,"7",Natan Silva Medeiros Júnior,"2026-09-18 22:14:10","2026-09-18 22:17:52",3.70,Wallace Christian Gomes Esteves   ,"2026-09-19 01:32:10","2026-09-19 01:32:16",Maxmiler Fernandes Silva,"2026-09-19 01:20:20",2026-09-18 21:10:00.000,2026-09-19 03:40:00.000
MATRIZ,2026-09-18,2026-09-18,SUPERMERCADO COELHO,"7251801","000-7251801",11,11,0,TCL0I17,TCL0I17D5,10,MISTO,"6",D5,"7",Pedro Lucas Procópio dos Santos,"2026-09-18 22:18:59","2026-09-18 22:21:01",2.03,Wallace Christian Gomes Esteves   ,"2026-09-19 01:32:56","2026-09-19 01:32:59",Maxmiler Fernandes Silva,"2026-09-19 01:26:35",2026-09-18 21:10:00.000,2026-09-19 03:40:00.000
MATRIZ,2026-09-18,2026-09-18,SUPERMERCADO COELHO,"7251801","000-7251801",11,11,0,TCL0I17,TCL0I17E4,50,MISTO,"29",E4,"7",Leonardo Caetano Rodrigues,"2026-09-18 22:05:07","2026-09-18 22:13:24",8.28,Wallace Christian Gomes Esteves   ,"2026-09-19 01:33:14","2026-09-19 01:33:17",Maxmiler Fernandes Silva,"2026-09-19 01:21:58",2026-09-18 21:10:00.000,2026-09-19 03:40:00.000
MATRIZ,2026-09-18,2026-09-18,MARIA DA GLORIA ALVES QUEIROZ,"7151801","000-7151801",7,7,0,MQU8E71,MQU8E71E3,39,MISTO,"16",E3,"2",Leonardo Miguel,"2026-09-19 01:15:19","2026-09-19 01:20:07",4.80,Wallace Christian Gomes Esteves   ,"2026-09-19 02:35:02","2026-09-19 02:35:04",Maxmiler Fernandes Silva,"2026-09-19 02:29:42",2026-09-18 21:10:00.000,2026-09-19 03:40:00.000
MATRIZ,2026-09-18,2026-09-18,MARIA DA GLORIA ALVES QUEIROZ,"7151801","000-7151801",7,7,0,MQU8E71,MQU8E71D1,40,MISTO,"19",D1,"2",Denilton Batista Dos Santos,"2026-09-19 01:11:36","2026-09-19 01:17:35",5.98,Wallace Christian Gomes Esteves   ,"2026-09-19 02:34:42","2026-09-19 02:34:45",Maxmiler Fernandes Silva,"2026-09-19 02:30:18",2026-09-18 21:10:00.000,2026-09-19 03:40:00.000
MATRIZ,2026-09-18,2026-09-18,MARIA DA GLORIA ALVES QUEIROZ,"7151801","000-7151801",7,7,0,MQU8E71,MQU8E71E2,195,MISTO,"51",E2,"2",Leonardo Caetano Rodrigues,"2026-09-19 00:53:39","2026-09-19 01:15:18",21.65,Wallace Christian Gomes Esteves   ,"2026-09-19 02:33:49","2026-09-19 02:33:52",Maxmiler Fernandes Silva,"2026-09-19 02:32:11",2026-09-18 21:10:00.000,2026-09-19 03:40:00.000
MATRIZ,2026-09-18,2026-09-18,MARIA DA GLORIA ALVES QUEIROZ,"7151801","000-7151801",7,7,0,MQU8E71,MQU8E71E1,62,MISTO,"22",E1,"2",Leonardo Miguel,"2026-09-19 01:05:22","2026-09-19 01:14:30",9.13,Wallace Christian Gomes Esteves   ,"2026-09-19 02:35:08","2026-09-19 02:35:10",Maxmiler Fernandes Silva,"2026-09-19 02:33:21",2026-09-18 21:10:00.000,2026-09-19 03:40:00.000
MATRIZ,2026-09-18,2026-09-18,MARIA DA GLORIA ALVES QUEIROZ,"7151801","000-7151801",7,7,0,MQU8E71,MQU8E71D2,162,MISTO,"18",D2,"2",Marcos Vinicio Alves Pessoa,"2026-09-19 01:01:36","2026-09-19 01:48:39",47.05,Wallace Christian Gomes Esteves   ,"2026-09-19 02:34:34","2026-09-19 02:34:36",Maxmiler Fernandes Silva,"2026-09-19 02:33:25",2026-09-18 21:10:00.000,2026-09-19 03:40:00.000
MATRIZ,2026-09-18,2026-09-18,MARIA DA GLORIA ALVES QUEIROZ,"7151801","000-7151801",7,7,0,MQU8E71,MQU8E71D3,36,MISTO,"21",D3,"2",Gianmiller Moraes,"2026-09-19 01:12:13","2026-09-19 01:33:16",21.05,Wallace Christian Gomes Esteves   ,"2026-09-19 02:34:50","2026-09-19 02:34:53",Maxmiler Fernandes Silva,"2026-09-19 02:28:02",2026-09-18 21:10:00.000,2026-09-19 03:40:00.000
MATRIZ,2026-09-18,2026-09-18,MERCEARIA FERNANDES,"7321801","000-7321801",13,12,1,QXO9C83,QXO9C83D1,75,COMPLETO,,D1,"8",,,,,Wallace Christian Gomes Esteves   ,"2026-09-19 03:35:34","2026-09-19 03:35:36",Maxmiler Fernandes Silva,"2026-09-19 03:32:15",2026-09-18 21:10:00.000,2026-09-19 03:40:00.000
MATRIZ,2026-09-18,2026-09-18,MERCEARIA FERNANDES,"7321801","000-7321801",13,12,1,QXO9C83,QXO9C83E2,42,MISTO,"46",E2,"8",Marcos Vinicio Alves Pessoa,"2026-09-19 02:40:02","2026-09-19 02:47:37",7.58,Wallace Christian Gomes Esteves   ,"2026-09-19 03:34:52","2026-09-19 03:34:54",Maxmiler Fernandes Silva,"2026-09-19 03:31:21",2026-09-18 21:10:00.000,2026-09-19 03:40:00.000
MATRIZ,2026-09-18,2026-09-18,MERCEARIA FERNANDES,"7321801","000-7321801",13,12,1,QXO9C83,QXO9C83E6,62,MISTO,"7",E6,"8",Marcos Vinicio Alves Pessoa,"2026-09-19 02:23:46","2026-09-19 02:39:39",15.88,Wallace Christian Gomes Esteves   ,"2026-09-19 03:38:17","2026-09-19 03:38:19",Maxmiler Fernandes Silva,"2026-09-19 03:38:10",2026-09-18 21:10:00.000,2026-09-19 03:40:00.000
MATRIZ,2026-09-18,2026-09-18,MERCEARIA FERNANDES,"7321801","000-7321801",13,12,1,QXO9C83,QXO9C83D4,35,MISTO,"45",D4,"8",Leonardo Caetano Rodrigues,"2026-09-19 02:31:07","2026-09-19 02:41:22",10.25,Wallace Christian Gomes Esteves   ,"2026-09-19 03:35:07","2026-09-19 03:35:09",Maxmiler Fernandes Silva,"2026-09-19 03:29:50",2026-09-18 21:10:00.000,2026-09-19 03:40:00.000
MATRIZ,2026-09-18,2026-09-18,MERCEARIA FERNANDES,"7321801","000-7321801",13,12,1,QXO9C83,QXO9C83D6,6,MISTO,"9",D6,"8",Pedro Lucas Procópio dos Santos,"2026-09-19 01:56:03","2026-09-19 01:58:12",2.15,Wallace Christian Gomes Esteves   ,"2026-09-19 03:35:44","2026-09-19 03:35:46",Maxmiler Fernandes Silva,"2026-09-19 02:43:47",2026-09-18 21:10:00.000,2026-09-19 03:40:00.000
MATRIZ,2026-09-18,2026-09-18,MERCEARIA FERNANDES,"7321801","000-7321801",13,12,1,QXO9C83,QXO9C83D5,213,MISTO,"28",D5,"8",Gianmiller Moraes,"2026-09-19 02:08:27","2026-09-19 02:45:37",37.17,Wallace Christian Gomes Esteves   ,"2026-09-19 03:35:12","2026-09-19 03:35:14",Maxmiler Fernandes Silva,"2026-09-19 03:24:50",2026-09-18 21:10:00.000,2026-09-19 03:40:00.000
MATRIZ,2026-09-18,2026-09-18,MERCEARIA FERNANDES,"7321801","000-7321801",13,12,1,QXO9C83,QXO9C83E1,207,MISTO,"5",E1,"8",Denilton Batista Dos Santos,"2026-09-19 02:15:26","2026-09-19 02:50:46",35.33,Wallace Christian Gomes Esteves   ,"2026-09-19 03:35:19","2026-09-19 03:35:21",Maxmiler Fernandes Silva,"2026-09-19 03:23:37",2026-09-18 21:10:00.000,2026-09-19 03:40:00.000
MATRIZ,2026-09-18,2026-09-18,MERCEARIA FERNANDES,"7321801","000-7321801",13,12,1,QXO9C83,QXO9C83D3,154,MISTO,"41",D3,"8",Leonardo Miguel,"2026-09-19 02:21:40","2026-09-19 02:36:03",14.38,Wallace Christian Gomes Esteves   ,"2026-09-19 03:35:54","2026-09-19 03:35:58",Maxmiler Fernandes Silva,"2026-09-19 03:35:21",2026-09-18 21:10:00.000,2026-09-19 03:40:00.000
MATRIZ,2026-09-18,2026-09-18,MERCEARIA FERNANDES,"7321801","000-7321801",13,12,1,QXO9C83,QXO9C83D2,37,MISTO,"27",D2,"8",Leonardo Caetano Rodrigues,"2026-09-19 02:16:08","2026-09-19 02:27:58",11.83,Wallace Christian Gomes Esteves   ,"2026-09-19 03:36:03","2026-09-19 03:36:05",Maxmiler Fernandes Silva,"2026-09-19 02:38:13",2026-09-18 21:10:00.000,2026-09-19 03:40:00.000
MATRIZ,2026-09-18,2026-09-18,MERCEARIA FERNANDES,"7321801","000-7321801",13,12,1,QXO9C83,QXO9C83E4,54,MISTO,"8",E4,"8",Leonardo Miguel,"2026-09-19 02:36:38","2026-09-19 02:47:24",10.77,Wallace Christian Gomes Esteves   ,"2026-09-19 03:38:29","2026-09-19 03:38:31",Maxmiler Fernandes Silva,"2026-09-19 03:38:26",2026-09-18 21:10:00.000,2026-09-19 03:40:00.000
MATRIZ,2026-09-18,2026-09-18,MERCEARIA FERNANDES,"7321801","000-7321801",13,12,1,QXO9C83,QXO9C83E3,21,MISTO,"36",E3,"8",Leonardo Miguel,"2026-09-19 02:08:46","2026-09-19 02:18:55",10.15,Wallace Christian Gomes Esteves   ,"2026-09-19 03:36:11","2026-09-19 03:36:14",Maxmiler Fernandes Silva,"2026-09-19 02:38:35",2026-09-18 21:10:00.000,2026-09-19 03:40:00.000
MATRIZ,2026-09-18,2026-09-18,MERCEARIA FERNANDES,"7321801","000-7321801",13,12,1,QXO9C83,QXO9C83E5,10,MISTO,"42",E5,"8",Leonardo Miguel,"2026-09-19 02:19:55","2026-09-19 02:21:12",1.28,Wallace Christian Gomes Esteves   ,"2026-09-19 03:38:34","2026-09-19 03:38:36",Maxmiler Fernandes Silva,"2026-09-19 03:38:22",2026-09-18 21:10:00.000,2026-09-19 03:40:00.000
MATRIZ,2026-09-18,2026-09-18,MARIA DAS DORES SILVA PERPETUO,"7241801","000-7241801",11,10,1,TCB7I34,TCB7I34D3,21,MISTO,"20",D3,"8",Leonardo Caetano Rodrigues,"2026-09-18 21:42:29","2026-09-18 21:44:52",2.38,Wallace Christian Gomes Esteves   ,"2026-09-18 23:48:53","2026-09-18 23:48:55",Maxmiler Fernandes Silva,"2026-09-18 23:12:33",2026-09-18 21:10:00.000,2026-09-19 03:40:00.000
MATRIZ,2026-09-18,2026-09-18,MARIA DAS DORES SILVA PERPETUO,"7241801","000-7241801",11,10,1,TCB7I34,TCB7I34D5,91,MISTO,"16",D5,"8",Natan Silva Medeiros Júnior,"2026-09-18 21:31:52","2026-09-18 21:45:16",13.40,Wallace Christian Gomes Esteves   ,"2026-09-18 23:49:01","2026-09-18 23:49:04",Maxmiler Fernandes Silva,"2026-09-18 23:11:30",2026-09-18 21:10:00.000,2026-09-19 03:40:00.000
MATRIZ,2026-09-18,2026-09-18,MARIA DAS DORES SILVA PERPETUO,"7241801","000-7241801",11,10,1,TCB7I34,TCB7I34E3,155,MISTO,"24",E3,"8",Adilson José Gonçalves,"2026-09-18 21:49:55","2026-09-18 22:06:37",16.70,Wallace Christian Gomes Esteves   ,"2026-09-18 23:50:40","2026-09-18 23:50:43",Maxmiler Fernandes Silva,"2026-09-18 23:08:22",2026-09-18 21:10:00.000,2026-09-19 03:40:00.000
MATRIZ,2026-09-18,2026-09-18,MARIA DAS DORES SILVA PERPETUO,"7241801","000-7241801",11,10,1,TCB7I34,TCB7I34E2,111,MISTO,"21",E2,"8",Denilton Batista Dos Santos,"2026-09-18 21:44:21","2026-09-18 22:23:29",39.13,Wallace Christian Gomes Esteves   ,"2026-09-18 23:49:25","2026-09-18 23:49:28",Maxmiler Fernandes Silva,"2026-09-18 23:19:21",2026-09-18 21:10:00.000,2026-09-19 03:40:00.000
MATRIZ,2026-09-18,2026-09-18,MARIA DAS DORES SILVA PERPETUO,"7241801","000-7241801",11,10,1,TCB7I34,TCB7I34D4,17,MISTO,"23",D4,"8",Natan Silva Medeiros Júnior,"2026-09-18 21:48:04","2026-09-18 21:53:23",5.32,Wallace Christian Gomes Esteves   ,"2026-09-18 23:51:56","2026-09-18 23:56:49",Maxmiler Fernandes Silva,"2026-09-18 23:15:07",2026-09-18 21:10:00.000,2026-09-19 03:40:00.000
MATRIZ,2026-09-18,2026-09-18,MARIA DAS DORES SILVA PERPETUO,"7241801","000-7241801",11,10,1,TCB7I34,TCB7I34D2,29,MISTO,"19",D2,"8",Gianmiller Moraes,"2026-09-18 21:35:09","2026-09-18 21:42:34",7.42,Wallace Christian Gomes Esteves   ,"2026-09-18 23:49:15","2026-09-18 23:49:17",Maxmiler Fernandes Silva,"2026-09-18 23:13:33",2026-09-18 21:10:00.000,2026-09-19 03:40:00.000
MATRIZ,2026-09-18,2026-09-18,MARIA DAS DORES SILVA PERPETUO,"7241801","000-7241801",11,10,1,TCB7I34,TCB7I34E5,19,MISTO,"22",E5,"8",Leonardo Caetano Rodrigues,"2026-09-18 21:46:12","2026-09-18 21:53:20",7.13,Wallace Christian Gomes Esteves   ,"2026-09-18 23:49:38","2026-09-18 23:49:45",Maxmiler Fernandes Silva,"2026-09-18 23:18:31",2026-09-18 21:10:00.000,2026-09-19 03:40:00.000
MATRIZ,2026-09-18,2026-09-18,MARIA DAS DORES SILVA PERPETUO,"7241801","000-7241801",11,10,1,TCB7I34,TCB7I34E1,42,MISTO,"18",E1,"8",Marcos Vinicio Alves Pessoa,"2026-09-18 21:34:40","2026-09-18 21:50:49",16.15,Wallace Christian Gomes Esteves   ,"2026-09-18 23:49:59","2026-09-18 23:50:02",Maxmiler Fernandes Silva,"2026-09-18 23:09:56",2026-09-18 21:10:00.000,2026-09-19 03:40:00.000
MATRIZ,2026-09-18,2026-09-18,MARIA DAS DORES SILVA PERPETUO,"7241801","000-7241801",11,10,1,TCB7I34,TCB7I34E4,77,MISTO,"17",E4,"8",Leonardo Caetano Rodrigues,"2026-09-18 21:34:44","2026-09-18 21:41:51",7.12,Wallace Christian Gomes Esteves   ,"2026-09-18 23:50:08","2026-09-18 23:50:14",Maxmiler Fernandes Silva,"2026-09-18 23:17:11",2026-09-18 21:10:00.000,2026-09-19 03:40:00.000
MATRIZ,2026-09-18,2026-09-18,MARIA DAS DORES SILVA PERPETUO,"7241801","000-7241801",11,10,1,TCB7I34,TCB7I34D1,75,COMPLETO,,D1,"8",,,,,Wallace Christian Gomes Esteves   ,"2026-09-18 23:50:24","2026-09-18 23:50:29",Maxmiler Fernandes Silva,"2026-09-18 23:00:41",2026-09-18 21:10:00.000,2026-09-19 03:40:00.000
MATRIZ,2026-09-18,2026-09-18,MERCEARIA DA ILZA,"7381801","000-7381801",7,7,0,KKJ5250,KKJ5250E2,39,MISTO,"26",E2,"6",Pedro Lucas Procópio dos Santos,"2026-09-19 01:53:02","2026-09-19 01:54:44",1.70,Wallace Christian Gomes Esteves   ,"2026-09-19 03:26:17","2026-09-19 03:29:27",Maxmiler Fernandes Silva,"2026-09-19 03:12:28",2026-09-18 21:10:00.000,2026-09-19 03:40:00.000
MATRIZ,2026-09-18,2026-09-18,MERCEARIA DA ILZA,"7381801","000-7381801",7,7,0,KKJ5250,KKJ5250E3,38,MISTO,"30",E3,"6",Leonardo Caetano Rodrigues,"2026-09-19 02:02:07","2026-09-19 02:12:47",10.67,Wallace Christian Gomes Esteves   ,"2026-09-19 03:23:26","2026-09-19 03:23:29",Maxmiler Fernandes Silva,"2026-09-19 02:41:44",2026-09-18 21:10:00.000,2026-09-19 03:40:00.000
MATRIZ,2026-09-18,2026-09-18,MERCEARIA DA ILZA,"7381801","000-7381801",7,7,0,KKJ5250,KKJ5250D2,75,MISTO,"37",D2,"6",Marcos Vinicio Alves Pessoa,"2026-09-19 01:54:25","2026-09-19 02:20:25",26.00,Wallace Christian Gomes Esteves   ,"2026-09-19 03:23:34","2026-09-19 03:23:36",Maxmiler Fernandes Silva,"2026-09-19 03:20:54",2026-09-18 21:10:00.000,2026-09-19 03:40:00.000
MATRIZ,2026-09-18,2026-09-18,MERCEARIA DA ILZA,"7381801","000-7381801",7,7,0,KKJ5250,KKJ5250E1,42,MISTO,"34",E1,"6",Pedro Lucas Procópio dos Santos,"2026-09-19 02:02:29","2026-09-19 02:35:02",32.55,Wallace Christian Gomes Esteves   ,"2026-09-19 03:23:52","2026-09-19 03:23:54",Maxmiler Fernandes Silva,"2026-09-19 03:14:51",2026-09-18 21:10:00.000,2026-09-19 03:40:00.000
MATRIZ,2026-09-18,2026-09-18,MERCEARIA DA ILZA,"7381801","000-7381801",7,7,0,KKJ5250,KKJ5250D3,159,MISTO,"33",D3,"6",Natan Silva Medeiros Júnior,"2026-09-19 01:53:24","2026-09-19 02:39:04",45.67,Wallace Christian Gomes Esteves   ,"2026-09-19 03:23:15","2026-09-19 03:23:18",Maxmiler Fernandes Silva,"2026-09-19 03:13:33",2026-09-18 21:10:00.000,2026-09-19 03:40:00.000
MATRIZ,2026-09-18,2026-09-18,MERCEARIA DA ILZA,"7381801","000-7381801",7,7,0,KKJ5250,KKJ5250D1,40,MISTO,"17",D1,"6",Pedro Lucas Procópio dos Santos,"2026-09-19 02:38:29","2026-09-19 02:39:40",1.18,Wallace Christian Gomes Esteves   ,"2026-09-19 03:26:02","2026-09-19 03:26:06",Maxmiler Fernandes Silva,"2026-09-19 03:25:30",2026-09-18 21:10:00.000,2026-09-19 03:40:00.000
MATRIZ,2026-09-18,2026-09-18,MINI MERC FRATERNIDADE,"7131801","000-7131801",7,7,0,JXS4C69,JXS4C69D2,188,MISTO,"45",D2,"4",Marcos Vinicio Alves Pessoa,"2026-09-18 23:15:31","2026-09-19 00:28:32",73.02,Wallace Christian Gomes Esteves   ,"2026-09-19 02:18:52","2026-09-19 02:18:55",Maxmiler Fernandes Silva,"2026-09-19 02:07:51",2026-09-18 21:10:00.000,2026-09-19 03:40:00.000
MATRIZ,2026-09-18,2026-09-18,MINI MERC FRATERNIDADE,"7131801","000-7131801",7,7,0,JXS4C69,JXS4C69E2,141,MISTO,"49",E2,"4",Leonardo Caetano Rodrigues,"2026-09-18 23:19:00","2026-09-19 00:23:58",64.97,Wallace Christian Gomes Esteves   ,"2026-09-19 02:19:41","2026-09-19 02:19:46",Maxmiler Fernandes Silva,"2026-09-19 02:05:51",2026-09-18 21:10:00.000,2026-09-19 03:40:00.000
MATRIZ,2026-09-18,2026-09-18,MINI MERC FRATERNIDADE,"7131801","000-7131801",7,7,0,JXS4C69,JXS4C69E3,37,MISTO,"4",E3,"4",Gianmiller Moraes,"2026-09-19 00:21:06","2026-09-19 00:31:11",10.08,Wallace Christian Gomes Esteves   ,"2026-09-19 02:17:15","2026-09-19 02:17:28",Maxmiler Fernandes Silva,"2026-09-19 02:09:51",2026-09-18 21:10:00.000,2026-09-19 03:40:00.000
MATRIZ,2026-09-18,2026-09-18,MINI MERC FRATERNIDADE,"7131801","000-7131801",7,7,0,JXS4C69,JXS4C69D3,68,MISTO,"47",D3,"4",Natan Silva Medeiros Júnior,"2026-09-18 23:18:11","2026-09-18 23:35:41",17.50,Wallace Christian Gomes Esteves   ,"2026-09-19 02:19:18","2026-09-19 02:19:20",Maxmiler Fernandes Silva,"2026-09-19 02:06:48",2026-09-18 21:10:00.000,2026-09-19 03:40:00.000
MATRIZ,2026-09-18,2026-09-18,MINI MERC FRATERNIDADE,"7131801","000-7131801",7,7,0,JXS4C69,JXS4C69D1,40,MISTO,"46",D1,"4",Gianmiller Moraes,"2026-09-19 00:07:26","2026-09-19 00:13:31",6.08,Wallace Christian Gomes Esteves   ,"2026-09-19 02:19:00","2026-09-19 02:19:03",Maxmiler Fernandes Silva,"2026-09-19 02:11:08",2026-09-18 21:10:00.000,2026-09-19 03:40:00.000
MATRIZ,2026-09-18,2026-09-18,MINI MERC FRATERNIDADE,"7131801","000-7131801",7,7,0,JXS4C69,JXS4C69E1,55,MISTO,"48",E1,"4",Denilton Batista Dos Santos,"2026-09-18 23:20:09","2026-09-18 23:53:26",33.28,Wallace Christian Gomes Esteves   ,"2026-09-19 02:19:32","2026-09-19 02:19:34",Maxmiler Fernandes Silva,"2026-09-19 02:09:06",2026-09-18 21:10:00.000,2026-09-19 03:40:00.000
MATRIZ,2026-09-21,2026-09-21,RESTAURANTE E SIMILA,"7382101","000-7382101",7,7,0,KKJ5250,KKJ5250E3,234,MISTO,"43",E3,"5",Denilton Batista Dos Santos,"2026-09-22 03:10:40","2026-09-22 04:14:28",63.80,Wallace Christian Gomes Esteves   ,"2026-09-22 05:18:02","2026-09-22 05:18:04",Maxmiler Fernandes Silva,"2026-09-22 05:15:33",2026-09-21 20:48:00.000,2026-09-22 05:00:00.000
MATRIZ,2026-09-21,2026-09-21,RESTAURANTE E SIMILA,"7382101","000-7382101",7,7,0,KKJ5250,KKJ5250D3,224,MISTO,"97",D3,"5",Felipe Rogerio Estevam Da Silva ,"2026-09-22 03:16:01","2026-09-22 03:54:19",38.30,Wallace Christian Gomes Esteves   ,"2026-09-22 05:23:56","2026-09-22 05:23:58",Maxmiler Fernandes Silva,"2026-09-22 05:23:49",2026-09-21 20:48:00.000,2026-09-22 05:00:00.000
MATRIZ,2026-09-21,2026-09-21,RESTAURANTE E SIMILA,"7382101","000-7382101",7,7,0,KKJ5250,KKJ5250E2,71,MISTO,"48",E2,"5",Gianmiller Moraes,"2026-09-22 03:40:39","2026-09-22 04:27:57",47.30,Wallace Christian Gomes Esteves   ,"2026-09-22 05:18:10","2026-09-22 05:18:16",Maxmiler Fernandes Silva,"2026-09-22 04:47:04",2026-09-21 20:48:00.000,2026-09-22 05:00:00.000
MATRIZ,2026-09-21,2026-09-21,RESTAURANTE E SIMILA,"7382101","000-7382101",7,7,0,KKJ5250,KKJ5250E1,45,MISTO,"44",E1,"5",Leonardo Caetano Rodrigues,"2026-09-22 03:38:28","2026-09-22 03:47:36",9.13,Wallace Christian Gomes Esteves   ,"2026-09-22 05:17:20","2026-09-22 05:17:23",Maxmiler Fernandes Silva,"2026-09-22 04:55:03",2026-09-21 20:48:00.000,2026-09-22 05:00:00.000
MATRIZ,2026-09-21,2026-09-21,RESTAURANTE E SIMILA,"7382101","000-7382101",7,7,0,KKJ5250,KKJ5250D2,253,MISTO,"96",D2,"5",Marcos Vinicio Alves Pessoa,"2026-09-22 03:06:58","2026-09-22 03:46:16",39.30,Wallace Christian Gomes Esteves   ,"2026-09-22 05:18:40","2026-09-22 05:19:06",Maxmiler Fernandes Silva,"2026-09-22 04:54:20",2026-09-21 20:48:00.000,2026-09-22 05:00:00.000
MATRIZ,2026-09-21,2026-09-21,RESTAURANTE E SIMILA,"7382101","000-7382101",7,7,0,KKJ5250,KKJ5250D1,198,MISTO,"40",D1,"5",Leonardo Caetano Rodrigues,"2026-09-22 03:19:34","2026-09-22 03:37:31",17.95,Wallace Christian Gomes Esteves   ,"2026-09-22 05:17:54","2026-09-22 05:17:56",Maxmiler Fernandes Silva,"2026-09-22 04:54:12",2026-09-21 20:48:00.000,2026-09-22 05:00:00.000
MATRIZ,2026-09-21,2026-09-21,FRANGOLITO GV,"7122101","000-7122101",7,7,0,DJB5C58,DJB5C58D2,55,MISTO,"27",D2,"7",Pedro Lucas Procópio dos Santos,"2026-09-22 01:26:39","2026-09-22 01:53:39",27.00,Wallace Christian Gomes Esteves   ,"2026-09-22 03:39:17","2026-09-22 03:39:19",Maxmiler Fernandes Silva,"2026-09-22 03:15:43",2026-09-21 20:48:00.000,2026-09-22 05:00:00.000
MATRIZ,2026-09-21,2026-09-21,FRANGOLITO GV,"7122101","000-7122101",7,7,0,DJB5C58,DJB5C58E3,312,MISTO,"82",E3,"7",Marcos Vinicio Alves Pessoa,"2026-09-22 00:30:38","2026-09-22 01:46:59",76.35,Wallace Christian Gomes Esteves   ,"2026-09-22 03:39:23","2026-09-22 03:39:25",Maxmiler Fernandes Silva,"2026-09-22 03:10:00",2026-09-21 20:48:00.000,2026-09-22 05:00:00.000
MATRIZ,2026-09-21,2026-09-21,FRANGOLITO GV,"7122101","000-7122101",7,7,0,DJB5C58,DJB5C58E1,165,MISTO,"84",E1,"7",Leonardo Caetano Rodrigues,"2026-09-22 01:17:30","2026-09-22 01:41:31",24.02,Wallace Christian Gomes Esteves   ,"2026-09-22 03:38:46","2026-09-22 03:38:50",Maxmiler Fernandes Silva,"2026-09-22 03:18:43",2026-09-21 20:48:00.000,2026-09-22 05:00:00.000
MATRIZ,2026-09-21,2026-09-21,FRANGOLITO GV,"7122101","000-7122101",7,7,0,DJB5C58,DJB5C58E2,116,MISTO,"31",E2,"7",Geraldo Teixeira Baia Junior,"2026-09-22 01:14:57","2026-09-22 01:49:31",34.57,Wallace Christian Gomes Esteves   ,"2026-09-22 03:38:54","2026-09-22 03:38:57",Maxmiler Fernandes Silva,"2026-09-22 03:07:59",2026-09-21 20:48:00.000,2026-09-22 05:00:00.000
MATRIZ,2026-09-21,2026-09-21,FRANGOLITO GV,"7122101","000-7122101",7,7,0,DJB5C58,DJB5C58D3,186,MISTO,"29",D3,"7",Natan Silva Medeiros Júnior,"2026-09-22 01:07:31","2026-09-22 01:51:42",44.18,Wallace Christian Gomes Esteves   ,"2026-09-22 03:39:28","2026-09-22 03:39:30",Maxmiler Fernandes Silva,"2026-09-22 03:18:39",2026-09-21 20:48:00.000,2026-09-22 05:00:00.000
MATRIZ,2026-09-21,2026-09-21,FRANGOLITO GV,"7122101","000-7122101",7,7,0,DJB5C58,DJB5C58D1,258,MISTO,"83",D1,"7",Adilson José Gonçalves,"2026-09-22 01:08:27","2026-09-22 01:21:50",13.38,Wallace Christian Gomes Esteves   ,"2026-09-22 03:39:03","2026-09-22 03:39:05",Maxmiler Fernandes Silva,"2026-09-22 03:10:47",2026-09-21 20:48:00.000,2026-09-22 05:00:00.000
MATRIZ,2026-09-21,2026-09-21,MARIA JOSE,"7302101","000-7302101",13,11,2,OWV8A20,OWV8A20E5,63,MISTO,"34",E5,"1",Geraldo Teixeira Baia Junior,"2026-09-21 22:21:47","2026-09-21 22:44:47",23.00,Wallace Christian Gomes Esteves   ,"2026-09-21 23:42:12","2026-09-21 23:42:26",Maxmiler Fernandes Silva,"2026-09-21 23:38:22",2026-09-21 20:48:00.000,2026-09-22 05:00:00.000
MATRIZ,2026-09-21,2026-09-21,MARIA JOSE,"7302101","000-7302101",13,11,2,OWV8A20,OWV8A20E4,44,MISTO,"36",E4,"1",Felipe Rogerio Estevam Da Silva ,"2026-09-21 22:24:44","2026-09-21 22:36:43",11.98,Wallace Christian Gomes Esteves   ,"2026-09-21 23:58:48","2026-09-21 23:58:50",Maxmiler Fernandes Silva,"2026-09-21 23:58:10",2026-09-21 20:48:00.000,2026-09-22 05:00:00.000
MATRIZ,2026-09-21,2026-09-21,MARIA JOSE,"7302101","000-7302101",13,11,2,OWV8A20,OWV8A20D2,130,MISTO,"35",D2,"1",Leonardo Caetano Rodrigues,"2026-09-21 22:12:03","2026-09-21 22:26:20",14.28,Wallace Christian Gomes Esteves   ,"2026-09-22 00:00:26","2026-09-22 00:00:29",Maxmiler Fernandes Silva,"2026-09-21 23:46:20",2026-09-21 20:48:00.000,2026-09-22 05:00:00.000
MATRIZ,2026-09-21,2026-09-21,MARIA JOSE,"7302101","000-7302101",13,11,2,OWV8A20,OWV8A20D3,217,MISTO,"30",D3,"1",Gianmiller Moraes,"2026-09-21 21:51:02","2026-09-21 22:54:49",63.78,Wallace Christian Gomes Esteves   ,"2026-09-21 23:59:23","2026-09-21 23:59:27",Maxmiler Fernandes Silva,"2026-09-21 23:35:38",2026-09-21 20:48:00.000,2026-09-22 05:00:00.000
MATRIZ,2026-09-21,2026-09-21,MARIA JOSE,"7302101","000-7302101",13,11,2,OWV8A20,OWV8A20D6,75,MISTO,"32",D6,"1",Natan Silva Medeiros Júnior,"2026-09-21 22:15:53","2026-09-21 22:38:12",22.32,Wallace Christian Gomes Esteves   ,"2026-09-21 23:58:56","2026-09-21 23:59:01",Maxmiler Fernandes Silva,"2026-09-21 23:42:55",2026-09-21 20:48:00.000,2026-09-22 05:00:00.000
MATRIZ,2026-09-21,2026-09-21,MARIA JOSE,"7302101","000-7302101",13,11,2,OWV8A20,OWV8A20E6,132,MISTO,"31",E6,"1",Geraldo Teixeira Baia Junior,"2026-09-21 21:59:29","2026-09-21 22:21:29",22.00,Wallace Christian Gomes Esteves   ,"2026-09-22 00:00:02","2026-09-22 00:00:05",Maxmiler Fernandes Silva,"2026-09-21 23:36:56",2026-09-21 20:48:00.000,2026-09-22 05:00:00.000
MATRIZ,2026-09-21,2026-09-21,MARIA JOSE,"7302101","000-7302101",13,11,2,OWV8A20,OWV8A20E1,75,COMPLETO,,E1,"1",,,,,Wallace Christian Gomes Esteves   ,"2026-09-21 23:59:14","2026-09-21 23:59:17",Maxmiler Fernandes Silva,"2026-09-21 23:33:42",2026-09-21 20:48:00.000,2026-09-22 05:00:00.000
MATRIZ,2026-09-21,2026-09-21,MARIA JOSE,"7302101","000-7302101",13,11,2,OWV8A20,OWV8A20E3,291,MISTO,"28",E3,"1",Leonardo Caetano Rodrigues,"2026-09-21 21:44:15","2026-09-21 22:10:16",26.02,Wallace Christian Gomes Esteves   ,"2026-09-21 23:59:40","2026-09-21 23:59:42",Maxmiler Fernandes Silva,"2026-09-21 23:48:38",2026-09-21 20:48:00.000,2026-09-22 05:00:00.000
MATRIZ,2026-09-21,2026-09-21,MARIA JOSE,"7302101","000-7302101",13,11,2,OWV8A20,OWV8A20E2,340,MISTO,"29",E2,"1",Adilson José Gonçalves,"2026-09-21 21:47:22","2026-09-21 22:29:17",41.92,Wallace Christian Gomes Esteves   ,"2026-09-22 00:00:37","2026-09-22 00:00:39",Maxmiler Fernandes Silva,"2026-09-21 23:47:30",2026-09-21 20:48:00.000,2026-09-22 05:00:00.000
MATRIZ,2026-09-21,2026-09-21,MARIA JOSE,"7302101","000-7302101",13,11,2,OWV8A20,OWV8A20D5,348,MISTO,"27",D5,"1",Marcos Vinicio Alves Pessoa,"2026-09-21 21:46:30","2026-09-21 22:44:23",57.88,Wallace Christian Gomes Esteves   ,"2026-09-21 23:59:55","2026-09-21 23:59:57",Maxmiler Fernandes Silva,"2026-09-21 23:58:20",2026-09-21 20:48:00.000,2026-09-22 05:00:00.000
MATRIZ,2026-09-21,2026-09-21,MARIA JOSE,"7302101","000-7302101",13,11,2,OWV8A20,OWV8A20D1,75,COMPLETO,,D1,"1",,,,,Wallace Christian Gomes Esteves   ,"2026-09-22 00:00:13","2026-09-22 00:00:18",Maxmiler Fernandes Silva,"2026-09-21 23:33:46",2026-09-21 20:48:00.000,2026-09-22 05:00:00.000
MATRIZ,2026-09-21,2026-09-21,MARIA JOSE,"7302101","000-7302101",13,11,2,OWV8A20,OWV8A20D4,61,MISTO,"37",D4,"1",Leonardo Caetano Rodrigues,"2026-09-21 22:29:38","2026-09-21 22:36:39",7.02,Wallace Christian Gomes Esteves   ,"2026-09-22 00:00:44","2026-09-22 00:00:46",Maxmiler Fernandes Silva,"2026-09-21 23:44:40",2026-09-21 20:48:00.000,2026-09-22 05:00:00.000
MATRIZ,2026-09-21,2026-09-21,BAR DO PRADO,"7212101","000-7212101",11,10,1,JJB9B08,JJB9B08D2,198,MISTO,"18",D2,"6",Adilson José Gonçalves,"2026-09-21 21:15:14","2026-09-21 21:45:33",30.32,Wallace Christian Gomes Esteves   ,"2026-09-22 01:51:21","2026-09-22 01:51:21",Maxmiler Fernandes Silva,"2026-09-22 01:29:18",2026-09-21 20:48:00.000,2026-09-22 05:00:00.000
MATRIZ,2026-09-21,2026-09-21,BAR DO PRADO,"7212101","000-7212101",11,10,1,JJB9B08,JJB9B08D4,86,MISTO,"26",D4,"6",Geraldo Teixeira Baia Junior,"2026-09-21 21:37:54","2026-09-21 21:59:11",21.28,Wallace Christian Gomes Esteves   ,"2026-09-22 01:51:37","2026-09-22 01:51:48",Maxmiler Fernandes Silva,"2026-09-22 01:30:18",2026-09-21 20:48:00.000,2026-09-22 05:00:00.000
MATRIZ,2026-09-21,2026-09-21,BAR DO PRADO,"7212101","000-7212101",11,10,1,JJB9B08,JJB9B08D3,273,MISTO,"21",D3,"6",Denilton Batista Dos Santos,"2026-09-21 21:27:39","2026-09-21 22:33:50",66.18,Wallace Christian Gomes Esteves   ,"2026-09-22 01:51:53","2026-09-22 01:52:00",Maxmiler Fernandes Silva,"2026-09-22 01:49:25",2026-09-21 20:48:00.000,2026-09-22 05:00:00.000
MATRIZ,2026-09-21,2026-09-21,BAR DO PRADO,"7212101","000-7212101",11,10,1,JJB9B08,JJB9B08E1,91,MISTO,"20",E1,"6",Felipe Rogerio Estevam Da Silva ,"2026-09-21 21:19:46","2026-09-21 21:35:36",15.83,Wallace Christian Gomes Esteves   ,"2026-09-22 01:52:05","2026-09-22 01:52:09",Maxmiler Fernandes Silva,"2026-09-22 01:36:32",2026-09-21 20:48:00.000,2026-09-22 05:00:00.000
MATRIZ,2026-09-21,2026-09-21,BAR DO PRADO,"7212101","000-7212101",11,10,1,JJB9B08,JJB9B08E3,238,MISTO,"17",E3,"6",Felipe Rogerio Estevam Da Silva ,"2026-09-21 20:56:00","2026-09-21 21:19:14",23.23,Wallace Christian Gomes Esteves   ,"2026-09-22 01:52:44","2026-09-22 01:52:46",Maxmiler Fernandes Silva,"2026-09-22 01:33:33",2026-09-21 20:48:00.000,2026-09-22 05:00:00.000
MATRIZ,2026-09-21,2026-09-21,BAR DO PRADO,"7212101","000-7212101",11,10,1,JJB9B08,JJB9B08E5,104,MISTO,"19",E5,"6",Gianmiller Moraes,"2026-09-21 21:19:10","2026-09-21 21:45:21",26.18,Wallace Christian Gomes Esteves   ,"2026-09-22 01:50:44","2026-09-22 01:50:49",Maxmiler Fernandes Silva,"2026-09-22 01:27:51",2026-09-21 20:48:00.000,2026-09-22 05:00:00.000
MATRIZ,2026-09-21,2026-09-21,BAR DO PRADO,"7212101","000-7212101",11,10,1,JJB9B08,JJB9B08E2,33,MISTO,"22",E2,"6",Marcos Vinicio Alves Pessoa,"2026-09-21 21:34:16","2026-09-21 21:42:55",8.65,Wallace Christian Gomes Esteves   ,"2026-09-22 01:52:14","2026-09-22 01:52:16",Maxmiler Fernandes Silva,"2026-09-22 01:33:25",2026-09-21 20:48:00.000,2026-09-22 05:00:00.000
MATRIZ,2026-09-21,2026-09-21,BAR DO PRADO,"7212101","000-7212101",11,10,1,JJB9B08,JJB9B08D1,75,COMPLETO,,D1,"6",,,,,Wallace Christian Gomes Esteves   ,"2026-09-22 01:51:27","2026-09-22 01:51:29",Maxmiler Fernandes Silva,"2026-09-22 01:46:59",2026-09-21 20:48:00.000,2026-09-22 05:00:00.000
MATRIZ,2026-09-21,2026-09-21,BAR DO PRADO,"7212101","000-7212101",11,10,1,JJB9B08,JJB9B08E4,58,MISTO,"33",E4,"6",Leonardo Caetano Rodrigues,"2026-09-21 21:25:52","2026-09-21 21:32:59",7.12,Wallace Christian Gomes Esteves   ,"2026-09-22 01:53:00","2026-09-22 01:53:03",Maxmiler Fernandes Silva,"2026-09-22 01:40:30",2026-09-21 20:48:00.000,2026-09-22 05:00:00.000
MATRIZ,2026-09-21,2026-09-21,BAR DO PRADO,"7212101","000-7212101",11,10,1,JJB9B08,JJB9B08D5,45,MISTO,"23",D5,"6",Leonardo Caetano Rodrigues,"2026-09-21 21:35:02","2026-09-21 21:44:01",8.98,Wallace Christian Gomes Esteves   ,"2026-09-22 01:52:35","2026-09-22 01:52:38",Maxmiler Fernandes Silva,"2026-09-22 01:38:34",2026-09-21 20:48:00.000,2026-09-22 05:00:00.000
MATRIZ,2026-09-21,2026-09-21,SUPERMERCADO VALENTE,"7242101","000-7242101",10,5,5,TCB7I34,TCB7I34E2,264,COMPLETO,,E2,"7",,,,,Wallace Christian Gomes Esteves   ,"2026-09-22 02:22:36","2026-09-22 02:22:39",Maxmiler Fernandes Silva,"2026-09-22 01:59:29",2026-09-21 20:48:00.000,2026-09-22 05:00:00.000
MATRIZ,2026-09-21,2026-09-21,SUPERMERCADO VALENTE,"7242101","000-7242101",10,5,5,TCB7I34,TCB7I34E1,264,COMPLETO,,E1,"7",,,,,Wallace Christian Gomes Esteves   ,"2026-09-22 02:21:08","2026-09-22 02:21:18",Maxmiler Fernandes Silva,"2026-09-22 01:59:36",2026-09-21 20:48:00.000,2026-09-22 05:00:00.000
MATRIZ,2026-09-21,2026-09-21,SUPERMERCADO VALENTE,"7242101","000-7242101",10,5,5,TCB7I34,TCB7I34D3,264,COMPLETO,,D3,"7",,,,,Wallace Christian Gomes Esteves   ,"2026-09-22 02:21:25","2026-09-22 02:21:28",Maxmiler Fernandes Silva,"2026-09-22 01:59:25",2026-09-21 20:48:00.000,2026-09-22 05:00:00.000
MATRIZ,2026-09-21,2026-09-21,SUPERMERCADO VALENTE,"7242101","000-7242101",10,5,5,TCB7I34,TCB7I34D1,264,COMPLETO,,D1,"7",,,,,Wallace Christian Gomes Esteves   ,"2026-09-22 02:22:48","2026-09-22 02:22:56",Maxmiler Fernandes Silva,"2026-09-22 01:59:40",2026-09-21 20:48:00.000,2026-09-22 05:00:00.000
MATRIZ,2026-09-21,2026-09-21,SUPERMERCADO VALENTE,"7242101","000-7242101",10,5,5,TCB7I34,TCB7I34D2,264,COMPLETO,,D2,"7",,,,,Wallace Christian Gomes Esteves   ,"2026-09-22 02:22:42","2026-09-22 02:22:45",Maxmiler Fernandes Silva,"2026-09-22 01:59:32",2026-09-21 20:48:00.000,2026-09-22 05:00:00.000
MATRIZ,2026-09-21,2026-09-21,SUPERMERCADO VALENTE,"7242101","000-7242101",10,5,5,TCB7I34,TCB7I34D5,21,MISTO,"43",D5,"7",Natan Silva Medeiros Júnior,"2026-09-21 22:44:35","2026-09-21 22:52:13",7.63,Wallace Christian Gomes Esteves   ,"2026-09-22 02:21:34","2026-09-22 02:21:38",Maxmiler Fernandes Silva,"2026-09-22 02:04:15",2026-09-21 20:48:00.000,2026-09-22 05:00:00.000
MATRIZ,2026-09-21,2026-09-21,SUPERMERCADO VALENTE,"7242101","000-7242101",10,5,5,TCB7I34,TCB7I34E4,49,MISTO,"40",E4,"7",Felipe Rogerio Estevam Da Silva ,"2026-09-21 22:37:42","2026-09-21 22:50:00",12.30,Wallace Christian Gomes Esteves   ,"2026-09-22 02:20:48","2026-09-22 02:20:51",Maxmiler Fernandes Silva,"2026-09-22 02:03:03",2026-09-21 20:48:00.000,2026-09-22 05:00:00.000
MATRIZ,2026-09-21,2026-09-21,SUPERMERCADO VALENTE,"7242101","000-7242101",10,5,5,TCB7I34,TCB7I34E5,164,MISTO,"38",E5,"7",Adilson José Gonçalves,"2026-09-21 22:31:20","2026-09-21 22:47:58",16.63,Wallace Christian Gomes Esteves   ,"2026-09-22 02:21:47","2026-09-22 02:21:57",Maxmiler Fernandes Silva,"2026-09-22 02:06:49",2026-09-21 20:48:00.000,2026-09-22 05:00:00.000
MATRIZ,2026-09-21,2026-09-21,SUPERMERCADO VALENTE,"7242101","000-7242101",10,5,5,TCB7I34,TCB7I34E3,120,MISTO,"39",E3,"7",Denilton Batista Dos Santos,"2026-09-21 22:36:34","2026-09-21 23:26:42",50.13,Wallace Christian Gomes Esteves   ,"2026-09-22 02:20:56","2026-09-22 02:20:59",Maxmiler Fernandes Silva,"2026-09-22 02:02:10",2026-09-21 20:48:00.000,2026-09-22 05:00:00.000
MATRIZ,2026-09-21,2026-09-21,SUPERMERCADO VALENTE,"7242101","000-7242101",10,5,5,TCB7I34,TCB7I34D4,62,MISTO,"41",D4,"7",Leonardo Caetano Rodrigues,"2026-09-21 22:39:04","2026-09-21 22:51:08",12.07,Wallace Christian Gomes Esteves   ,"2026-09-22 02:22:03","2026-09-22 02:22:33",Maxmiler Fernandes Silva,"2026-09-22 02:05:50",2026-09-21 20:48:00.000,2026-09-22 05:00:00.000
MATRIZ,2026-09-21,2026-09-21,BOA MESA REST PIZZ,"7142101","000-7142101",7,7,0,HAI2518,HAI2518E2,229,MISTO,"86",E2,"2",Felipe Rogerio Estevam Da Silva ,"2026-09-22 01:21:48","2026-09-22 02:01:00",39.20,Wallace Christian Gomes Esteves   ,"2026-09-22 03:42:22","2026-09-22 03:42:26",Maxmiler Fernandes Silva,"2026-09-22 03:26:36",2026-09-21 20:48:00.000,2026-09-22 05:00:00.000
MATRIZ,2026-09-21,2026-09-21,BOA MESA REST PIZZ,"7142101","000-7142101",7,7,0,HAI2518,HAI2518D1,44,MISTO,"2",D1,"2",Pedro Lucas Procópio dos Santos,"2026-09-22 01:55:32","2026-09-22 02:06:45",11.22,Wallace Christian Gomes Esteves   ,"2026-09-22 03:42:40","2026-09-22 03:42:43",Maxmiler Fernandes Silva,"2026-09-22 03:24:27",2026-09-21 20:48:00.000,2026-09-22 05:00:00.000
MATRIZ,2026-09-21,2026-09-21,BOA MESA REST PIZZ,"7142101","000-7142101",7,7,0,HAI2518,HAI2518D3,38,MISTO,"1",D3,"2",Pedro Lucas Procópio dos Santos,"2026-09-22 02:07:48","2026-09-22 02:12:01",4.22,Wallace Christian Gomes Esteves   ,"2026-09-22 03:42:33","2026-09-22 03:42:35",Maxmiler Fernandes Silva,"2026-09-22 03:23:34",2026-09-21 20:48:00.000,2026-09-22 05:00:00.000
MATRIZ,2026-09-21,2026-09-21,BOA MESA REST PIZZ,"7142101","000-7142101",7,7,0,HAI2518,HAI2518E3,153,MISTO,"28",E3,"2",Denilton Batista Dos Santos,"2026-09-22 01:35:15","2026-09-22 02:43:37",68.37,Wallace Christian Gomes Esteves   ,"2026-09-22 03:43:06","2026-09-22 03:43:09",Maxmiler Fernandes Silva,"2026-09-22 03:34:00",2026-09-21 20:48:00.000,2026-09-22 05:00:00.000
MATRIZ,2026-09-21,2026-09-21,BOA MESA REST PIZZ,"7142101","000-7142101",7,7,0,HAI2518,HAI2518D2,66,MISTO,"36",D2,"2",Leonardo Caetano Rodrigues,"2026-09-22 01:42:28","2026-09-22 01:53:34",11.10,Wallace Christian Gomes Esteves   ,"2026-09-22 03:42:59","2026-09-22 03:43:01",Maxmiler Fernandes Silva,"2026-09-22 03:22:41",2026-09-21 20:48:00.000,2026-09-22 05:00:00.000
MATRIZ,2026-09-21,2026-09-21,BOA MESA REST PIZZ,"7142101","000-7142101",7,7,0,HAI2518,HAI2518E1,194,MISTO,"85",E1,"2",Adilson José Gonçalves,"2026-09-22 01:27:43","2026-09-22 01:48:21",20.63,Wallace Christian Gomes Esteves   ,"2026-09-22 03:42:54","2026-09-22 03:42:56",Maxmiler Fernandes Silva,"2026-09-22 03:24:46",2026-09-21 20:48:00.000,2026-09-22 05:00:00.000
MATRIZ,2026-09-21,2026-09-21,DEP VARGAS,"7402101","000-7402101",11,8,3,PUN0E10,PUN0E10D5,40,MISTO,"50",D5,"4",Felipe Rogerio Estevam Da Silva ,"2026-09-22 03:54:44","2026-09-22 04:06:33",11.82,Wallace Christian Gomes Esteves   ,"2026-09-22 05:22:05","2026-09-22 05:22:24",Maxmiler Fernandes Silva,"2026-09-22 05:06:49",2026-09-21 20:48:00.000,2026-09-22 05:00:00.000
MATRIZ,2026-09-21,2026-09-21,DEP VARGAS,"7402101","000-7402101",11,8,3,PUN0E10,PUN0E10D4,85,MISTO,"47",D4,"4",Pedro Lucas Procópio dos Santos,"2026-09-22 04:24:52","2026-09-22 04:33:08",8.27,Wallace Christian Gomes Esteves   ,"2026-09-22 05:20:39","2026-09-22 05:20:42",Maxmiler Fernandes Silva,"2026-09-22 04:57:42",2026-09-21 20:48:00.000,2026-09-22 05:00:00.000
MATRIZ,2026-09-21,2026-09-21,DEP VARGAS,"7402101","000-7402101",11,8,3,PUN0E10,PUN0E10E3,250,MISTO,"98",E3,"4",Adilson José Gonçalves,"2026-09-22 03:40:45","2026-09-22 04:20:35",39.83,Wallace Christian Gomes Esteves   ,"2026-09-22 05:21:41","2026-09-22 05:21:45",Maxmiler Fernandes Silva,"2026-09-22 05:04:08",2026-09-21 20:48:00.000,2026-09-22 05:00:00.000
MATRIZ,2026-09-21,2026-09-21,DEP VARGAS,"7402101","000-7402101",11,8,3,PUN0E10,PUN0E10D2,50,COMPLETO,,D2,"4",,,,,Wallace Christian Gomes Esteves   ,"2026-09-22 05:20:58","2026-09-22 05:21:01",Maxmiler Fernandes Silva,"2026-09-22 04:12:16",2026-09-21 20:48:00.000,2026-09-22 05:00:00.000
MATRIZ,2026-09-21,2026-09-21,DEP VARGAS,"7402101","000-7402101",11,8,3,PUN0E10,PUN0E10D1,50,COMPLETO,,D1,"4",,,,,Wallace Christian Gomes Esteves   ,"2026-09-22 05:20:51","2026-09-22 05:20:55",Maxmiler Fernandes Silva,"2026-09-22 04:12:23",2026-09-21 20:48:00.000,2026-09-22 05:00:00.000
MATRIZ,2026-09-21,2026-09-21,DEP VARGAS,"7402101","000-7402101",11,8,3,PUN0E10,PUN0E10E5,240,MISTO,"42",E5,"4",Leonardo Caetano Rodrigues,"2026-09-22 03:47:59","2026-09-22 04:17:53",29.90,Wallace Christian Gomes Esteves   ,"2026-09-22 05:21:29","2026-09-22 05:21:32",Maxmiler Fernandes Silva,"2026-09-22 05:06:57",2026-09-21 20:48:00.000,2026-09-22 05:00:00.000
MATRIZ,2026-09-21,2026-09-21,DEP VARGAS,"7402101","000-7402101",11,8,3,PUN0E10,PUN0E10D3,50,MISTO,"49",D3,"4",Felipe Rogerio Estevam Da Silva ,"2026-09-22 04:17:33","2026-09-22 04:23:19",5.77,Wallace Christian Gomes Esteves   ,"2026-09-22 05:21:50","2026-09-22 05:21:52",Maxmiler Fernandes Silva,"2026-09-22 04:36:32",2026-09-21 20:48:00.000,2026-09-22 05:00:00.000
MATRIZ,2026-09-21,2026-09-21,DEP VARGAS,"7402101","000-7402101",11,8,3,PUN0E10,PUN0E10E1,50,COMPLETO,,E1,"4",,,,,Wallace Christian Gomes Esteves   ,"2026-09-22 05:22:31","2026-09-22 05:22:34",Maxmiler Fernandes Silva,"2026-09-22 04:12:19",2026-09-21 20:48:00.000,2026-09-22 05:00:00.000
MATRIZ,2026-09-21,2026-09-21,DEP VARGAS,"7402101","000-7402101",11,8,3,PUN0E10,PUN0E10E4,216,MISTO,"66",E4,"4",Marcos Vinicio Alves Pessoa,"2026-09-22 03:49:13","2026-09-22 04:17:57",28.73,Wallace Christian Gomes Esteves   ,"2026-09-22 05:22:50","2026-09-22 05:22:52",Maxmiler Fernandes Silva,"2026-09-22 05:06:53",2026-09-21 20:48:00.000,2026-09-22 05:00:00.000
MATRIZ,2026-09-21,2026-09-21,DEP VARGAS,"7402101","000-7402101",11,8,3,PUN0E10,PUN0E10E2,289,MISTO,"16",E2,"4",Geraldo Teixeira Baia Junior,"2026-09-22 03:39:43","2026-09-22 03:50:53",11.17,Wallace Christian Gomes Esteves   ,"2026-09-22 05:22:41","2026-09-22 05:22:43",Maxmiler Fernandes Silva,"2026-09-22 04:37:38",2026-09-21 20:48:00.000,2026-09-22 05:00:00.000
MATRIZ,2026-09-21,2026-09-21,BAR DO JUVENAL,"7372101","000-7372101",7,7,0,KKJ5170,KKJ5170E3,44,MISTO,"38",E3,"8",Leonardo Caetano Rodrigues,"2026-09-22 03:07:55","2026-09-22 03:18:56",11.02,Wallace Christian Gomes Esteves   ,"2026-09-22 05:20:11","2026-09-22 05:20:13",Maxmiler Fernandes Silva,"2026-09-22 04:44:29",2026-09-21 20:48:00.000,2026-09-22 05:00:00.000
MATRIZ,2026-09-21,2026-09-21,BAR DO JUVENAL,"7372101","000-7372101",7,7,0,KKJ5170,KKJ5170D1,216,MISTO,"21",D1,"8",Natan Silva Medeiros Júnior,"2026-09-22 02:59:59","2026-09-22 03:43:35",43.60,Wallace Christian Gomes Esteves   ,"2026-09-22 05:19:47","2026-09-22 05:19:50",Maxmiler Fernandes Silva,"2026-09-22 04:45:42",2026-09-21 20:48:00.000,2026-09-22 05:00:00.000
MATRIZ,2026-09-21,2026-09-21,BAR DO JUVENAL,"7372101","000-7372101",7,7,0,KKJ5170,KKJ5170E1,259,MISTO,"4",E1,"8",Geraldo Teixeira Baia Junior,"2026-09-22 02:57:14","2026-09-22 03:38:54",41.67,Wallace Christian Gomes Esteves   ,"2026-09-22 05:19:39","2026-09-22 05:19:41",Maxmiler Fernandes Silva,"2026-09-22 04:43:19",2026-09-21 20:48:00.000,2026-09-22 05:00:00.000
MATRIZ,2026-09-21,2026-09-21,BAR DO JUVENAL,"7372101","000-7372101",7,7,0,KKJ5170,KKJ5170D2,74,MISTO,"95",D2,"8",Felipe Rogerio Estevam Da Silva ,"2026-09-22 03:04:22","2026-09-22 03:15:26",11.07,Wallace Christian Gomes Esteves   ,"2026-09-22 05:20:24","2026-09-22 05:20:26",Maxmiler Fernandes Silva,"2026-09-22 04:42:03",2026-09-21 20:48:00.000,2026-09-22 05:00:00.000
MATRIZ,2026-09-21,2026-09-21,BAR DO JUVENAL,"7372101","000-7372101",7,7,0,KKJ5170,KKJ5170E2,217,MISTO,"94",E2,"8",Adilson José Gonçalves,"2026-09-22 02:55:02","2026-09-22 03:38:06",43.07,Wallace Christian Gomes Esteves   ,"2026-09-22 05:20:19","2026-09-22 05:20:21",Maxmiler Fernandes Silva,"2026-09-22 04:42:31",2026-09-21 20:48:00.000,2026-09-22 05:00:00.000
MATRIZ,2026-09-21,2026-09-21,BAR DO JUVENAL,"7372101","000-7372101",7,7,0,KKJ5170,KKJ5170D3,336,MISTO,"52",D3,"8",Pedro Lucas Procópio dos Santos,"2026-09-22 03:31:52","2026-09-22 04:21:15",49.38,Wallace Christian Gomes Esteves   ,"2026-09-22 05:24:47","2026-09-22 05:24:49",Maxmiler Fernandes Silva,"2026-09-22 05:24:15",2026-09-21 20:48:00.000,2026-09-22 05:00:00.000
MATRIZ,2026-09-21,2026-09-21,ASSIM E ASSADO,"7182101","000-7182101",7,7,0,RFP8G80,RFP8G80E1,38,MISTO,"6",E1,"6",Natan Silva Medeiros Júnior,"2026-09-22 02:39:00","2026-09-22 02:47:36",8.60,Wallace Christian Gomes Esteves   ,"2026-09-22 05:00:44","2026-09-22 05:00:52",Maxmiler Fernandes Silva,"2026-09-22 04:04:51",2026-09-21 20:48:00.000,2026-09-22 05:00:00.000
MATRIZ,2026-09-21,2026-09-21,ASSIM E ASSADO,"7182101","000-7182101",7,7,0,RFP8G80,RFP8G80E2,288,MISTO,"89",E2,"6",Felipe Rogerio Estevam Da Silva ,"2026-09-22 02:01:51","2026-09-22 02:31:38",29.78,Wallace Christian Gomes Esteves   ,"2026-09-22 05:00:06","2026-09-22 05:00:08",Maxmiler Fernandes Silva,"2026-09-22 03:56:42",2026-09-21 20:48:00.000,2026-09-22 05:00:00.000
MATRIZ,2026-09-21,2026-09-21,ASSIM E ASSADO,"7182101","000-7182101",7,7,0,RFP8G80,RFP8G80D2,67,MISTO,"91",D2,"6",Adilson José Gonçalves,"2026-09-22 02:34:20","2026-09-22 02:52:44",18.40,Wallace Christian Gomes Esteves   ,"2026-09-22 05:00:13","2026-09-22 05:00:15",Maxmiler Fernandes Silva,"2026-09-22 04:01:01",2026-09-21 20:48:00.000,2026-09-22 05:00:00.000
MATRIZ,2026-09-21,2026-09-21,ASSIM E ASSADO,"7182101","000-7182101",7,7,0,RFP8G80,RFP8G80E3,143,MISTO,"179",E3,"6",Gianmiller Moraes,"2026-09-22 02:24:14","2026-09-22 03:35:00",70.77,Wallace Christian Gomes Esteves   ,"2026-09-22 05:00:54","2026-09-22 05:00:56",Maxmiler Fernandes Silva,"2026-09-22 04:04:55",2026-09-21 20:48:00.000,2026-09-22 05:00:00.000
MATRIZ,2026-09-21,2026-09-21,ASSIM E ASSADO,"7182101","000-7182101",7,7,0,RFP8G80,RFP8G80D1,199,MISTO,"23",D1,"6",Leonardo Caetano Rodrigues,"2026-09-22 02:21:33","2026-09-22 02:47:54",26.35,Wallace Christian Gomes Esteves   ,"2026-09-22 05:00:18","2026-09-22 05:00:20",Maxmiler Fernandes Silva,"2026-09-22 04:04:59",2026-09-21 20:48:00.000,2026-09-22 05:00:00.000
MATRIZ,2026-09-21,2026-09-21,ASSIM E ASSADO,"7182101","000-7182101",7,7,0,RFP8G80,RFP8G80D3,42,MISTO,"90",D3,"6",Felipe Rogerio Estevam Da Silva ,"2026-09-22 02:32:17","2026-09-22 02:50:36",18.32,Wallace Christian Gomes Esteves   ,"2026-09-22 05:00:38","2026-09-22 05:00:40",Maxmiler Fernandes Silva,"2026-09-22 04:02:25",2026-09-21 20:48:00.000,2026-09-22 05:00:00.000
MATRIZ,2026-09-21,2026-09-21,MERCEARIA ARAUJO,"7412101","000-7412101",7,7,0,OWQ4406,OWQ4406E3,55,MISTO,"35",E3,"4",Gianmiller Moraes,"2026-09-22 01:18:00","2026-09-22 01:52:11",34.18,Wallace Christian Gomes Esteves   ,"2026-09-22 03:23:34","2026-09-22 03:23:36",Maxmiler Fernandes Silva,"2026-09-22 02:59:59",2026-09-21 20:48:00.000,2026-09-22 05:00:00.000
MATRIZ,2026-09-21,2026-09-21,MERCEARIA ARAUJO,"7412101","000-7412101",7,7,0,OWQ4406,OWQ4406D1,60,MISTO,"37",D1,"4",Leonardo Caetano Rodrigues,"2026-09-22 01:09:44","2026-09-22 01:11:52",2.13,Wallace Christian Gomes Esteves   ,"2026-09-22 03:24:46","2026-09-22 03:24:48",Maxmiler Fernandes Silva,"2026-09-22 03:00:56",2026-09-21 20:48:00.000,2026-09-22 05:00:00.000
MATRIZ,2026-09-21,2026-09-21,MERCEARIA ARAUJO,"7412101","000-7412101",7,7,0,OWQ4406,OWQ4406E1,36,MISTO,"81",E1,"4",Marcos Vinicio Alves Pessoa,"2026-09-22 00:11:31","2026-09-22 00:27:46",16.25,Wallace Christian Gomes Esteves   ,"2026-09-22 03:23:44","2026-09-22 03:23:46",Maxmiler Fernandes Silva,"2026-09-22 03:01:48",2026-09-21 20:48:00.000,2026-09-22 05:00:00.000
MATRIZ,2026-09-21,2026-09-21,MERCEARIA ARAUJO,"7412101","000-7412101",7,7,0,OWQ4406,OWQ4406E2,261,MISTO,"24",E2,"4",Felipe Rogerio Estevam Da Silva ,"2026-09-21 21:36:07","2026-09-21 22:21:48",45.68,Wallace Christian Gomes Esteves   ,"2026-09-22 03:24:29","2026-09-22 03:24:31",Maxmiler Fernandes Silva,"2026-09-22 03:03:49",2026-09-21 20:48:00.000,2026-09-22 05:00:00.000
MATRIZ,2026-09-21,2026-09-21,MERCEARIA ARAUJO,"7412101","000-7412101",7,7,0,OWQ4406,OWQ4406D3,131,MISTO,"25",D3,"4",Natan Silva Medeiros Júnior,"2026-09-21 21:38:03","2026-09-21 22:10:42",32.65,Wallace Christian Gomes Esteves   ,"2026-09-22 03:24:56","2026-09-22 03:24:58",Maxmiler Fernandes Silva,"2026-09-22 03:02:36",2026-09-21 20:48:00.000,2026-09-22 05:00:00.000
MATRIZ,2026-09-21,2026-09-21,MERCEARIA ARAUJO,"7412101","000-7412101",7,7,0,OWQ4406,OWQ4406D2,65,MISTO,"80",D2,"4",Felipe Rogerio Estevam Da Silva ,"2026-09-22 01:02:12","2026-09-22 01:21:28",19.27,Wallace Christian Gomes Esteves   ,"2026-09-22 03:24:41","2026-09-22 03:24:42",Maxmiler Fernandes Silva,"2026-09-22 03:05:46",2026-09-21 20:48:00.000,2026-09-22 05:00:00.000
MATRIZ,2026-09-21,2026-09-21,CRICARE,"7252101","000-7252101",10,8,2,TCL0I17,TCL0I17D4,254,MISTO,"48",D4,"8",Natan Silva Medeiros Júnior,"2026-09-21 22:55:46","2026-09-21 23:48:12",52.43,Wallace Christian Gomes Esteves   ,"2026-09-22 03:07:54","2026-09-22 03:07:56",Maxmiler Fernandes Silva,"2026-09-22 02:48:06",2026-09-21 20:48:00.000,2026-09-22 05:00:00.000
MATRIZ,2026-09-21,2026-09-21,CRICARE,"7252101","000-7252101",10,8,2,TCL0I17,TCL0I17D3,219,MISTO,"49",D3,"8",Gianmiller Moraes,"2026-09-21 23:01:30","2026-09-22 00:06:16",64.77,Wallace Christian Gomes Esteves   ,"2026-09-22 03:08:32","2026-09-22 03:09:26",Maxmiler Fernandes Silva,"2026-09-22 02:58:28",2026-09-21 20:48:00.000,2026-09-22 05:00:00.000
MATRIZ,2026-09-21,2026-09-21,CRICARE,"7252101","000-7252101",10,8,2,TCL0I17,TCL0I17D1,360,COMPLETO,,D1,"8",,,,,Wallace Christian Gomes Esteves   ,"2026-09-22 03:10:19","2026-09-22 03:10:25",Maxmiler Fernandes Silva,"2026-09-22 02:38:33",2026-09-21 20:48:00.000,2026-09-22 05:00:00.000
MATRIZ,2026-09-21,2026-09-21,CRICARE,"7252101","000-7252101",10,8,2,TCL0I17,TCL0I17E3,378,MISTO,"45",E3,"8",Adilson José Gonçalves,"2026-09-21 22:50:28","2026-09-21 23:10:19",19.85,Wallace Christian Gomes Esteves   ,"2026-09-22 03:11:37","2026-09-22 03:11:39",Maxmiler Fernandes Silva,"2026-09-22 02:42:00",2026-09-21 20:48:00.000,2026-09-22 05:00:00.000
MATRIZ,2026-09-21,2026-09-21,CRICARE,"7252101","000-7252101",10,8,2,TCL0I17,TCL0I17D5,394,MISTO,"42",D5,"8",Geraldo Teixeira Baia Junior,"2026-09-21 22:45:08","2026-09-21 23:21:11",36.05,Wallace Christian Gomes Esteves   ,"2026-09-22 03:09:47","2026-09-22 03:09:50",Maxmiler Fernandes Silva,"2026-09-22 02:45:08",2026-09-21 20:48:00.000,2026-09-22 05:00:00.000
MATRIZ,2026-09-21,2026-09-21,CRICARE,"7252101","000-7252101",10,8,2,TCL0I17,TCL0I17E5,382,MISTO,"44",E5,"8",Marcos Vinicio Alves Pessoa,"2026-09-21 22:47:24","2026-09-21 23:32:31",45.12,Wallace Christian Gomes Esteves   ,"2026-09-22 03:07:33","2026-09-22 03:07:37",Maxmiler Fernandes Silva,"2026-09-22 02:49:29",2026-09-21 20:48:00.000,2026-09-22 05:00:00.000
MATRIZ,2026-09-21,2026-09-21,CRICARE,"7252101","000-7252101",10,8,2,TCL0I17,TCL0I17E1,360,COMPLETO,,E1,"8",,,,,Wallace Christian Gomes Esteves   ,"2026-09-22 03:10:42","2026-09-22 03:10:49",Maxmiler Fernandes Silva,"2026-09-22 02:38:27",2026-09-21 20:48:00.000,2026-09-22 05:00:00.000
MATRIZ,2026-09-21,2026-09-21,CRICARE,"7252101","000-7252101",10,8,2,TCL0I17,TCL0I17E2,218,MISTO,"50",E2,"8",Adilson José Gonçalves,"2026-09-21 23:11:26","2026-09-21 23:29:03",17.62,Wallace Christian Gomes Esteves   ,"2026-09-22 03:09:56","2026-09-22 03:10:09",Maxmiler Fernandes Silva,"2026-09-22 02:46:20",2026-09-21 20:48:00.000,2026-09-22 05:00:00.000
MATRIZ,2026-09-21,2026-09-21,CRICARE,"7252101","000-7252101",10,8,2,TCL0I17,TCL0I17E4,331,MISTO,"47",E4,"8",Leonardo Caetano Rodrigues,"2026-09-21 22:51:42","2026-09-21 23:25:45",34.05,Wallace Christian Gomes Esteves   ,"2026-09-22 03:11:01","2026-09-22 03:11:03",Maxmiler Fernandes Silva,"2026-09-22 02:45:15",2026-09-21 20:48:00.000,2026-09-22 05:00:00.000
MATRIZ,2026-09-21,2026-09-21,CRICARE,"7252101","000-7252101",10,8,2,TCL0I17,TCL0I17D2,378,MISTO,"46",D2,"8",Felipe Rogerio Estevam Da Silva ,"2026-09-21 22:50:21","2026-09-21 23:12:36",22.25,Wallace Christian Gomes Esteves   ,"2026-09-22 03:11:30","2026-09-22 03:11:32",Maxmiler Fernandes Silva,"2026-09-22 02:43:17",2026-09-21 20:48:00.000,2026-09-22 05:00:00.000
MATRIZ,2026-09-21,2026-09-21,LM DISTRIBUIDORA,"7292101","000-7292101",13,10,3,OWV5H27,OWV5H27D1,264,COMPLETO,,D1,"5",,,,,Wallace Christian Gomes Esteves   ,"2026-09-22 02:47:02","2026-09-22 02:47:06",Maxmiler Fernandes Silva,"2026-09-22 02:34:00",2026-09-21 20:48:00.000,2026-09-22 05:00:00.000
MATRIZ,2026-09-21,2026-09-21,LM DISTRIBUIDORA,"7292101","000-7292101",13,10,3,OWV5H27,OWV5H27E1,120,COMPLETO,,E1,"5",,,,,Wallace Christian Gomes Esteves   ,"2026-09-22 02:47:09","2026-09-22 02:47:11",Maxmiler Fernandes Silva,"2026-09-22 02:34:05",2026-09-21 20:48:00.000,2026-09-22 05:00:00.000
MATRIZ,2026-09-21,2026-09-21,LM DISTRIBUIDORA,"7292101","000-7292101",13,10,3,OWV5H27,OWV5H27E3,240,MISTO,"74",E3,"5",Denilton Batista Dos Santos,"2026-09-21 23:29:10","2026-09-22 01:23:02",113.87,Wallace Christian Gomes Esteves   ,"2026-09-22 02:23:55","2026-09-22 02:23:58",Maxmiler Fernandes Silva,"2026-09-22 02:21:41",2026-09-21 20:48:00.000,2026-09-22 05:00:00.000
MATRIZ,2026-09-21,2026-09-21,LM DISTRIBUIDORA,"7292101","000-7292101",13,10,3,OWV5H27,OWV5H27E6,57,MISTO,"79",E6,"5",Adilson José Gonçalves,"2026-09-21 23:56:13","2026-09-22 00:12:37",16.40,Wallace Christian Gomes Esteves   ,"2026-09-22 02:25:42","2026-09-22 02:26:18",Maxmiler Fernandes Silva,"2026-09-22 02:12:23",2026-09-21 20:48:00.000,2026-09-22 05:00:00.000
MATRIZ,2026-09-21,2026-09-21,LM DISTRIBUIDORA,"7292101","000-7292101",13,10,3,OWV5H27,OWV5H27D3,360,MISTO,"51",D3,"5",Felipe Rogerio Estevam Da Silva ,"2026-09-21 23:12:56","2026-09-21 23:35:31",22.58,Wallace Christian Gomes Esteves   ,"2026-09-22 02:24:17","2026-09-22 02:24:19",Maxmiler Fernandes Silva,"2026-09-22 02:17:21",2026-09-21 20:48:00.000,2026-09-22 05:00:00.000
MATRIZ,2026-09-21,2026-09-21,LM DISTRIBUIDORA,"7292101","000-7292101",13,10,3,OWV5H27,OWV5H27D5,97,MISTO,"76",D5,"5",Felipe Rogerio Estevam Da Silva ,"2026-09-21 23:36:05","2026-09-21 23:54:04",17.98,Wallace Christian Gomes Esteves   ,"2026-09-22 02:23:28","2026-09-22 02:23:31",Maxmiler Fernandes Silva,"2026-09-22 02:20:45",2026-09-21 20:48:00.000,2026-09-22 05:00:00.000
MATRIZ,2026-09-21,2026-09-21,LM DISTRIBUIDORA,"7292101","000-7292101",13,10,3,OWV5H27,OWV5H27E5,306,MISTO,"52",E5,"5",Geraldo Teixeira Baia Junior,"2026-09-21 23:21:34","2026-09-21 23:58:28",36.90,Wallace Christian Gomes Esteves   ,"2026-09-22 02:24:22","2026-09-22 02:24:25",Maxmiler Fernandes Silva,"2026-09-22 02:16:32",2026-09-21 20:48:00.000,2026-09-22 05:00:00.000
MATRIZ,2026-09-21,2026-09-21,LM DISTRIBUIDORA,"7292101","000-7292101",13,10,3,OWV5H27,OWV5H27D2,75,COMPLETO,,D2,"5",,,,,Wallace Christian Gomes Esteves   ,"2026-09-22 02:27:05","2026-09-22 02:27:10",Maxmiler Fernandes Silva,"2026-09-22 02:26:27",2026-09-21 20:48:00.000,2026-09-22 05:00:00.000
MATRIZ,2026-09-21,2026-09-21,LM DISTRIBUIDORA,"7292101","000-7292101",13,10,3,OWV5H27,OWV5H27D6,106,MISTO,"75",D6,"5",Adilson José Gonçalves,"2026-09-21 23:31:59","2026-09-21 23:53:38",21.65,Wallace Christian Gomes Esteves   ,"2026-09-22 02:26:43","2026-09-22 02:26:49",Maxmiler Fernandes Silva,"2026-09-22 02:15:02",2026-09-21 20:48:00.000,2026-09-22 05:00:00.000
MATRIZ,2026-09-21,2026-09-21,LM DISTRIBUIDORA,"7292101","000-7292101",13,10,3,OWV5H27,OWV5H27E4,60,MISTO,"78",E4,"5",Leonardo Caetano Rodrigues,"2026-09-21 23:55:02","2026-09-22 00:06:41",11.65,Wallace Christian Gomes Esteves   ,"2026-09-22 02:25:28","2026-09-22 02:25:30",Maxmiler Fernandes Silva,"2026-09-22 02:19:51",2026-09-21 20:48:00.000,2026-09-22 05:00:00.000
MATRIZ,2026-09-21,2026-09-21,LM DISTRIBUIDORA,"7292101","000-7292101",13,10,3,OWV5H27,OWV5H27E2,78,MISTO,"77",E2,"5",Marcos Vinicio Alves Pessoa,"2026-09-21 23:36:34","2026-09-21 23:52:13",15.65,Wallace Christian Gomes Esteves   ,"2026-09-22 02:27:33","2026-09-22 02:28:37",Maxmiler Fernandes Silva,"2026-09-22 02:21:31",2026-09-21 20:48:00.000,2026-09-22 05:00:00.000
MATRIZ,2026-09-21,2026-09-21,LM DISTRIBUIDORA,"7292101","000-7292101",13,10,3,OWV5H27,OWV5H27D4,247,MISTO,"73",D4,"5",Leonardo Caetano Rodrigues,"2026-09-21 23:26:32","2026-09-21 23:53:04",26.53,Wallace Christian Gomes Esteves   ,"2026-09-22 02:26:54","2026-09-22 02:26:56",Maxmiler Fernandes Silva,"2026-09-22 02:14:04",2026-09-21 20:48:00.000,2026-09-22 05:00:00.000
MATRIZ,2026-09-21,2026-09-21,WESLEY GOMES DA SILVA,"7152101","000-7152101",7,7,0,MQU8E71,MQU8E71E3,229,MISTO,"88",E3,"1",Marcos Vinicio Alves Pessoa,"2026-09-22 01:49:53","2026-09-22 03:02:22",72.48,Wallace Christian Gomes Esteves   ,"2026-09-22 05:02:59","2026-09-22 05:03:01",Maxmiler Fernandes Silva,"2026-09-22 03:47:46",2026-09-21 20:48:00.000,2026-09-22 05:00:00.000
MATRIZ,2026-09-21,2026-09-21,WESLEY GOMES DA SILVA,"7152101","000-7152101",7,7,0,MQU8E71,MQU8E71E1,247,MISTO,"87",E1,"1",Adilson José Gonçalves,"2026-09-22 02:01:45","2026-09-22 02:28:50",27.08,Wallace Christian Gomes Esteves   ,"2026-09-22 05:03:11","2026-09-22 05:03:13",Maxmiler Fernandes Silva,"2026-09-22 03:40:37",2026-09-21 20:48:00.000,2026-09-22 05:00:00.000
MATRIZ,2026-09-21,2026-09-21,WESLEY GOMES DA SILVA,"7152101","000-7152101",7,7,0,MQU8E71,MQU8E71E2,87,MISTO,"15",E2,"1",Natan Silva Medeiros Júnior,"2026-09-22 01:54:14","2026-09-22 02:30:09",35.92,Wallace Christian Gomes Esteves   ,"2026-09-22 05:02:08","2026-09-22 05:02:10",Maxmiler Fernandes Silva,"2026-09-22 04:18:32",2026-09-21 20:48:00.000,2026-09-22 05:00:00.000
MATRIZ,2026-09-21,2026-09-21,WESLEY GOMES DA SILVA,"7152101","000-7152101",7,7,0,MQU8E71,MQU8E71D1,190,MISTO,"34",D1,"1",Leonardo Caetano Rodrigues,"2026-09-22 01:54:33","2026-09-22 02:20:50",26.28,Wallace Christian Gomes Esteves   ,"2026-09-22 05:02:46","2026-09-22 05:02:48",Maxmiler Fernandes Silva,"2026-09-22 03:42:09",2026-09-21 20:48:00.000,2026-09-22 05:00:00.000
MATRIZ,2026-09-21,2026-09-21,WESLEY GOMES DA SILVA,"7152101","000-7152101",7,7,0,MQU8E71,MQU8E71D2,44,MISTO,"14",D2,"1",Gianmiller Moraes,"2026-09-22 02:00:12","2026-09-22 02:15:31",15.32,Wallace Christian Gomes Esteves   ,"2026-09-22 05:02:20","2026-09-22 05:02:23",Maxmiler Fernandes Silva,"2026-09-22 03:43:34",2026-09-21 20:48:00.000,2026-09-22 05:00:00.000
MATRIZ,2026-09-21,2026-09-21,WESLEY GOMES DA SILVA,"7152101","000-7152101",7,7,0,MQU8E71,MQU8E71D3,225,MISTO,"32",D3,"1",Geraldo Teixeira Baia Junior,"2026-09-22 01:53:42","2026-09-22 02:49:40",55.97,Wallace Christian Gomes Esteves   ,"2026-09-22 05:03:04","2026-09-22 05:03:07",Maxmiler Fernandes Silva,"2026-09-22 03:46:12",2026-09-21 20:48:00.000,2026-09-22 05:00:00.000
MATRIZ,2026-09-21,2026-09-21,RESTAURANTE PITADA,"7192101","000-7192101",9,9,0,KZX0905,KZX0905D1,43,MISTO,"20",D1,"7",Natan Silva Medeiros Júnior,"2026-09-22 02:51:26","2026-09-22 02:56:42",5.27,Wallace Christian Gomes Esteves   ,"2026-09-22 04:58:24","2026-09-22 04:58:26",Maxmiler Fernandes Silva,"2026-09-22 04:30:38",2026-09-21 20:48:00.000,2026-09-22 05:00:00.000
MATRIZ,2026-09-21,2026-09-21,RESTAURANTE PITADA,"7192101","000-7192101",9,9,0,KZX0905,KZX0905E1,148,MISTO,"22",E1,"7",Leonardo Caetano Rodrigues,"2026-09-22 02:49:32","2026-09-22 03:04:50",15.30,Wallace Christian Gomes Esteves   ,"2026-09-22 04:58:42","2026-09-22 04:58:46",Maxmiler Fernandes Silva,"2026-09-22 04:29:19",2026-09-21 20:48:00.000,2026-09-22 05:00:00.000
MATRIZ,2026-09-21,2026-09-21,RESTAURANTE PITADA,"7192101","000-7192101",9,9,0,KZX0905,KZX0905D4,36,MISTO,"51",D4,"7",Pedro Lucas Procópio dos Santos,"2026-09-22 03:21:14","2026-09-22 03:26:44",5.50,Wallace Christian Gomes Esteves   ,"2026-09-22 04:58:16","2026-09-22 04:58:18",Maxmiler Fernandes Silva,"2026-09-22 04:32:28",2026-09-21 20:48:00.000,2026-09-22 05:00:00.000
MATRIZ,2026-09-21,2026-09-21,RESTAURANTE PITADA,"7192101","000-7192101",9,9,0,KZX0905,KZX0905E3,68,MISTO,"93",E3,"7",Felipe Rogerio Estevam Da Silva ,"2026-09-22 02:50:58","2026-09-22 03:03:58",13.00,Wallace Christian Gomes Esteves   ,"2026-09-22 04:58:57","2026-09-22 04:58:59",Maxmiler Fernandes Silva,"2026-09-22 04:25:33",2026-09-21 20:48:00.000,2026-09-22 05:00:00.000
MATRIZ,2026-09-21,2026-09-21,RESTAURANTE PITADA,"7192101","000-7192101",9,9,0,KZX0905,KZX0905E2,25,MISTO,"39",E2,"7",Pedro Lucas Procópio dos Santos,"2026-09-22 03:27:16","2026-09-22 03:29:52",2.60,Wallace Christian Gomes Esteves   ,"2026-09-22 05:16:02","2026-09-22 05:16:04",Maxmiler Fernandes Silva,"2026-09-22 05:02:57",2026-09-21 20:48:00.000,2026-09-22 05:00:00.000
MATRIZ,2026-09-21,2026-09-21,RESTAURANTE PITADA,"7192101","000-7192101",9,9,0,KZX0905,KZX0905D3,178,MISTO,"92",D3,"7",Denilton Batista Dos Santos,"2026-09-22 02:44:26","2026-09-22 03:09:22",24.93,Wallace Christian Gomes Esteves   ,"2026-09-22 04:59:33","2026-09-22 04:59:36",Maxmiler Fernandes Silva,"2026-09-22 04:26:46",2026-09-21 20:48:00.000,2026-09-22 05:00:00.000
MATRIZ,2026-09-21,2026-09-21,RESTAURANTE PITADA,"7192101","000-7192101",9,9,0,KZX0905,KZX0905D2,25,MISTO,"18",D2,"7",Pedro Lucas Procópio dos Santos,"2026-09-22 03:30:18","2026-09-22 03:31:23",1.08,Wallace Christian Gomes Esteves   ,"2026-09-22 05:16:25","2026-09-22 05:16:28",Maxmiler Fernandes Silva,"2026-09-22 05:02:54",2026-09-21 20:48:00.000,2026-09-22 05:00:00.000
MATRIZ,2026-09-21,2026-09-21,RESTAURANTE PITADA,"7192101","000-7192101",9,9,0,KZX0905,KZX0905E4,300,MISTO,"30",E4,"7",Pedro Lucas Procópio dos Santos,"2026-09-22 02:19:49","2026-09-22 03:12:49",53.00,Wallace Christian Gomes Esteves   ,"2026-09-22 05:16:33","2026-09-22 05:16:39",Maxmiler Fernandes Silva,"2026-09-22 05:03:01",2026-09-21 20:48:00.000,2026-09-22 05:00:00.000
MATRIZ,2026-09-22,2026-09-22,SABOR NATURAL,"7232201","000-7232201",11,11,0,TCB7H85,TCB7H85E5,53,MISTO,"19",E5,"5",Natan Silva Medeiros Júnior,"2026-09-22 20:10:05","2026-09-22 20:26:21",16.27,Wallace Christian Gomes Esteves   ,"2026-09-22 23:43:02","2026-09-22 23:43:04",Nordires Vieira Dos Santos,"2026-09-22 23:15:29",2026-09-22 18:53:00.000,2026-09-23 02:40:00.000
MATRIZ,2026-09-22,2026-09-22,SABOR NATURAL,"7232201","000-7232201",11,11,0,TCB7H85,TCB7H85D1,52,MISTO,"20",D1,"5",Marcos Vinicio Alves Pessoa,"2026-09-22 20:10:28","2026-09-22 20:26:41",16.22,Wallace Christian Gomes Esteves   ,"2026-09-22 23:43:07","2026-09-22 23:43:09",Nordires Vieira Dos Santos,"2026-09-22 23:33:59",2026-09-22 18:53:00.000,2026-09-23 02:40:00.000
MATRIZ,2026-09-22,2026-09-22,SABOR NATURAL,"7232201","000-7232201",11,11,0,TCB7H85,TCB7H85D5,44,MISTO,"21",D5,"5",Denilton Batista Dos Santos,"2026-09-22 20:10:43","2026-09-22 20:33:29",22.77,Wallace Christian Gomes Esteves   ,"2026-09-22 23:43:14","2026-09-22 23:43:17",Nordires Vieira Dos Santos,"2026-09-22 23:29:19",2026-09-22 18:53:00.000,2026-09-23 02:40:00.000
MATRIZ,2026-09-22,2026-09-22,SABOR NATURAL,"7232201","000-7232201",11,11,0,TCB7H85,TCB7H85E4,26,MISTO,"22",E4,"5",Leonardo Caetano Rodrigues,"2026-09-22 20:11:29","2026-09-22 20:16:30",5.02,Wallace Christian Gomes Esteves   ,"2026-09-22 23:43:22","2026-09-22 23:43:29",Nordires Vieira Dos Santos,"2026-09-22 23:27:52",2026-09-22 18:53:00.000,2026-09-23 02:40:00.000
MATRIZ,2026-09-22,2026-09-22,SABOR NATURAL,"7232201","000-7232201",11,11,0,TCB7H85,TCB7H85E3,15,MISTO,"23",E3,"5",Freelancer 02,"2026-09-22 20:11:52","2026-09-22 20:18:32",6.67,Wallace Christian Gomes Esteves   ,"2026-09-22 23:43:33","2026-09-22 23:43:35",Nordires Vieira Dos Santos,"2026-09-22 23:31:38",2026-09-22 18:53:00.000,2026-09-23 02:40:00.000
MATRIZ,2026-09-22,2026-09-22,SABOR NATURAL,"7232201","000-7232201",11,11,0,TCB7H85,TCB7H85E2,15,MISTO,"24",E2,"5",Freelancer 01,"2026-09-22 20:15:18","2026-09-22 20:20:23",5.08,Wallace Christian Gomes Esteves   ,"2026-09-22 23:43:38","2026-09-22 23:43:40",Nordires Vieira Dos Santos,"2026-09-22 23:33:37",2026-09-22 18:53:00.000,2026-09-23 02:40:00.000
MATRIZ,2026-09-22,2026-09-22,SABOR NATURAL,"7232201","000-7232201",11,11,0,TCB7H85,TCB7H85D2,15,MISTO,"25",D2,"5",Paulo Rozani Lopes Da Silva,"2026-09-22 20:16:31","2026-09-22 20:25:31",9.00,Wallace Christian Gomes Esteves   ,"2026-09-22 23:43:43","2026-09-22 23:43:44",Nordires Vieira Dos Santos,"2026-09-22 23:31:43",2026-09-22 18:53:00.000,2026-09-23 02:40:00.000
MATRIZ,2026-09-22,2026-09-22,SABOR NATURAL,"7232201","000-7232201",11,11,0,TCB7H85,TCB7H85E1,128,MISTO,"16",E1,"5",Adilson José Gonçalves,"2026-09-22 20:09:17","2026-09-22 20:27:50",18.55,Wallace Christian Gomes Esteves   ,"2026-09-22 23:42:45","2026-09-22 23:42:48",Nordires Vieira Dos Santos,"2026-09-22 23:16:28",2026-09-22 18:53:00.000,2026-09-23 02:40:00.000
MATRIZ,2026-09-22,2026-09-22,SABOR NATURAL,"7232201","000-7232201",11,11,0,TCB7H85,TCB7H85D4,111,MISTO,"17",D4,"5",Felipe Rogerio Estevam Da Silva ,"2026-09-22 20:09:14","2026-09-22 20:19:21",10.12,Wallace Christian Gomes Esteves   ,"2026-09-22 23:42:49","2026-09-22 23:42:52",Nordires Vieira Dos Santos,"2026-09-22 23:33:25",2026-09-22 18:53:00.000,2026-09-23 02:40:00.000
MATRIZ,2026-09-22,2026-09-22,SABOR NATURAL,"7232201","000-7232201",11,11,0,TCB7H85,TCB7H85D3,88,MISTO,"18",D3,"5",Gianmiller Moraes,"2026-09-22 20:11:34","2026-09-22 20:45:16",33.70,Wallace Christian Gomes Esteves   ,"2026-09-22 23:42:54","2026-09-22 23:42:56",Nordires Vieira Dos Santos,"2026-09-22 23:29:26",2026-09-22 18:53:00.000,2026-09-23 02:40:00.000
MATRIZ,2026-09-22,2026-09-22,JUSCILENE APARECIDA BRITO DE S,"7372201","000-7372201",7,7,0,KKJ5170,KKJ5170D2,160,MISTO,"217",D2,"1",Adilson José Gonçalves,"2026-09-22 22:50:20","2026-09-22 23:09:34",19.23,Wallace Christian Gomes Esteves   ,"2026-09-23 02:35:55","2026-09-23 02:35:58",Maxmiler Fernandes Silva,"2026-09-23 02:13:53",2026-09-22 18:53:00.000,2026-09-23 02:40:00.000
MATRIZ,2026-09-22,2026-09-22,JUSCILENE APARECIDA BRITO DE S,"7372201","000-7372201",7,7,0,KKJ5170,KKJ5170E1,139,MISTO,"215",E1,"1",Felipe Rogerio Estevam Da Silva ,"2026-09-22 22:58:10","2026-09-22 23:05:15",7.08,Wallace Christian Gomes Esteves   ,"2026-09-23 02:34:48","2026-09-23 02:34:51",Maxmiler Fernandes Silva,"2026-09-23 02:11:41",2026-09-22 18:53:00.000,2026-09-23 02:40:00.000
MATRIZ,2026-09-22,2026-09-22,JUSCILENE APARECIDA BRITO DE S,"7372201","000-7372201",7,7,0,KKJ5170,KKJ5170D1,40,MISTO,"213",D1,"1",Pedro Lucas Procópio dos Santos,"2026-09-22 22:58:18","2026-09-22 22:58:37",0.32,Wallace Christian Gomes Esteves   ,"2026-09-23 02:34:40","2026-09-23 02:34:43",Maxmiler Fernandes Silva,"2026-09-23 02:09:42",2026-09-22 18:53:00.000,2026-09-23 02:40:00.000
MATRIZ,2026-09-22,2026-09-22,JUSCILENE APARECIDA BRITO DE S,"7372201","000-7372201",7,7,0,KKJ5170,KKJ5170D3,46,MISTO,"226",D3,"1",Leonardo Caetano Rodrigues,"2026-09-22 23:02:27","2026-09-22 23:22:45",20.30,Wallace Christian Gomes Esteves   ,"2026-09-23 02:35:13","2026-09-23 02:35:42",Maxmiler Fernandes Silva,"2026-09-23 02:10:32",2026-09-22 18:53:00.000,2026-09-23 02:40:00.000
MATRIZ,2026-09-22,2026-09-22,JUSCILENE APARECIDA BRITO DE S,"7372201","000-7372201",7,7,0,KKJ5170,KKJ5170E2,193,MISTO,"5",E2,"1",Natan Silva Medeiros Júnior,"2026-09-22 22:49:33","2026-09-22 23:27:32",37.98,Wallace Christian Gomes Esteves   ,"2026-09-23 02:35:05","2026-09-23 02:35:07",Maxmiler Fernandes Silva,"2026-09-23 02:16:26",2026-09-22 18:53:00.000,2026-09-23 02:40:00.000
MATRIZ,2026-09-22,2026-09-22,JUSCILENE APARECIDA BRITO DE S,"7372201","000-7372201",7,7,0,KKJ5170,KKJ5170E3,88,MISTO,"211",E3,"1",Freelancer 01,"2026-09-22 22:58:32","2026-09-22 23:26:05",27.55,Wallace Christian Gomes Esteves   ,"2026-09-23 02:36:02","2026-09-23 02:36:15",Maxmiler Fernandes Silva,"2026-09-23 02:16:23",2026-09-22 18:53:00.000,2026-09-23 02:40:00.000
MATRIZ,2026-09-22,2026-09-22,TUTI PANE,"7122201","000-7122201",7,7,0,DJB5C58,DJB5C58D2,111,MISTO,"84",D2,"8",Gianmiller Moraes,"2026-09-22 21:30:20","2026-09-22 22:06:32",36.20,Wallace Christian Gomes Esteves   ,"2026-09-23 02:07:26","2026-09-23 02:07:28",Nordires Vieira Dos Santos,"2026-09-23 02:02:01",2026-09-22 18:53:00.000,2026-09-23 02:40:00.000
MATRIZ,2026-09-22,2026-09-22,TUTI PANE,"7122201","000-7122201",7,7,0,DJB5C58,DJB5C58D3,40,MISTO,"77",D3,"8",Leonardo Caetano Rodrigues,"2026-09-22 21:41:23","2026-09-22 21:56:10",14.78,Wallace Christian Gomes Esteves   ,"2026-09-23 02:06:35","2026-09-23 02:06:37",Nordires Vieira Dos Santos,"2026-09-23 01:50:51",2026-09-22 18:53:00.000,2026-09-23 02:40:00.000
MATRIZ,2026-09-22,2026-09-22,TUTI PANE,"7122201","000-7122201",7,7,0,DJB5C58,DJB5C58E3,182,MISTO,"86",E3,"8",Adilson José Gonçalves,"2026-09-22 21:30:21","2026-09-22 21:56:20",25.98,Wallace Christian Gomes Esteves   ,"2026-09-23 02:06:19","2026-09-23 02:06:22",Nordires Vieira Dos Santos,"2026-09-23 02:00:15",2026-09-22 18:53:00.000,2026-09-23 02:40:00.000
MATRIZ,2026-09-22,2026-09-22,TUTI PANE,"7122201","000-7122201",7,7,0,DJB5C58,DJB5C58D1,40,MISTO,"79",D1,"8",Marcos Vinicio Alves Pessoa,"2026-09-22 21:43:23","2026-09-22 21:51:25",8.03,Wallace Christian Gomes Esteves   ,"2026-09-23 02:07:11","2026-09-23 02:07:13",Nordires Vieira Dos Santos,"2026-09-23 01:51:49",2026-09-22 18:53:00.000,2026-09-23 02:40:00.000
MATRIZ,2026-09-22,2026-09-22,TUTI PANE,"7122201","000-7122201",7,7,0,DJB5C58,DJB5C58E1,53,MISTO,"73",E1,"8",Felipe Rogerio Estevam Da Silva ,"2026-09-22 21:39:24","2026-09-22 22:00:20",20.93,Wallace Christian Gomes Esteves   ,"2026-09-23 02:07:00","2026-09-23 02:07:02",Nordires Vieira Dos Santos,"2026-09-23 01:53:39",2026-09-22 18:53:00.000,2026-09-23 02:40:00.000
MATRIZ,2026-09-22,2026-09-22,TUTI PANE,"7122201","000-7122201",7,7,0,DJB5C58,DJB5C58E2,58,MISTO,"88",E2,"8",Freelancer 02,"2026-09-22 21:30:08","2026-09-22 21:51:32",21.40,Wallace Christian Gomes Esteves   ,"2026-09-23 02:06:45","2026-09-23 02:06:47",Nordires Vieira Dos Santos,"2026-09-23 01:59:04",2026-09-22 18:53:00.000,2026-09-23 02:40:00.000
MATRIZ,2026-09-22,2026-09-22,SUPERMERCADO VALENTE,"7242201","000-7242201",5,3,2,TCB7I34,TCB7I34E1,75,COMPLETO,,E1,"2",,,,,Wallace Christian Gomes Esteves   ,"2026-09-22 23:59:37","2026-09-22 23:59:40",Maxmiler Fernandes Silva,"2026-09-22 23:23:03",2026-09-22 18:53:00.000,2026-09-23 02:40:00.000
MATRIZ,2026-09-22,2026-09-22,SUPERMERCADO VALENTE,"7242201","000-7242201",5,3,2,TCB7I34,TCB7I34D3,138,MISTO,"39",D3,"2",Freelancer 01,"2026-09-22 20:45:39","2026-09-22 21:16:12",30.55,Wallace Christian Gomes Esteves   ,"2026-09-22 23:59:33","2026-09-22 23:59:35",Maxmiler Fernandes Silva,"2026-09-22 23:36:53",2026-09-22 18:53:00.000,2026-09-23 02:40:00.000
MATRIZ,2026-09-22,2026-09-22,SUPERMERCADO VALENTE,"7242201","000-7242201",5,3,2,TCB7I34,TCB7I34D2,69,MISTO,"41",D2,"2",Adilson José Gonçalves,"2026-09-22 20:47:31","2026-09-22 21:00:39",13.13,Wallace Christian Gomes Esteves   ,"2026-09-22 23:59:48","2026-09-22 23:59:51",Maxmiler Fernandes Silva,"2026-09-22 23:26:23",2026-09-22 18:53:00.000,2026-09-23 02:40:00.000
MATRIZ,2026-09-22,2026-09-22,SUPERMERCADO VALENTE,"7242201","000-7242201",5,3,2,TCB7I34,TCB7I34D1,75,COMPLETO,,D1,"2",,,,,Wallace Christian Gomes Esteves   ,"2026-09-23 00:00:29","2026-09-23 00:00:31",Maxmiler Fernandes Silva,"2026-09-22 23:23:07",2026-09-22 18:53:00.000,2026-09-23 02:40:00.000
MATRIZ,2026-09-22,2026-09-22,SUPERMERCADO VALENTE,"7242201","000-7242201",5,3,2,TCB7I34,TCB7I34E2,134,MISTO,"38",E2,"2",Freelancer 02,"2026-09-22 20:43:00","2026-09-22 21:07:55",24.92,Wallace Christian Gomes Esteves   ,"2026-09-23 00:00:37","2026-09-23 00:00:50",Maxmiler Fernandes Silva,"2026-09-22 23:29:00",2026-09-22 18:53:00.000,2026-09-23 02:40:00.000
MATRIZ,2026-09-22,2026-09-22,COMERCIAL CEZAR ALMEIDA LTDA,"7242202","000-7242202",5,4,1,TCB7I34,TCB7I34D3,65,MISTO,"44",D3,"2",Felipe Rogerio Estevam Da Silva ,"2026-09-22 20:50:54","2026-09-22 21:01:41",10.78,Wallace Christian Gomes Esteves   ,"2026-09-22 23:58:28","2026-09-22 23:58:30",Maxmiler Fernandes Silva,"2026-09-22 23:39:42",2026-09-22 18:53:00.000,2026-09-23 02:40:00.000
MATRIZ,2026-09-22,2026-09-22,COMERCIAL CEZAR ALMEIDA LTDA,"7242202","000-7242202",5,4,1,TCB7I34,TCB7I34D1,75,COMPLETO,,D1,"2",,,,,Wallace Christian Gomes Esteves   ,"2026-09-22 23:58:52","2026-09-22 23:58:55",Maxmiler Fernandes Silva,"2026-09-22 23:44:47",2026-09-22 18:53:00.000,2026-09-23 02:40:00.000
MATRIZ,2026-09-22,2026-09-22,COMERCIAL CEZAR ALMEIDA LTDA,"7242202","000-7242202",5,4,1,TCB7I34,TCB7I34D2,182,MISTO,"40",D2,"2",Leonardo Caetano Rodrigues,"2026-09-22 20:47:31","2026-09-22 20:58:12",10.68,Wallace Christian Gomes Esteves   ,"2026-09-22 23:58:37","2026-09-22 23:58:39",Maxmiler Fernandes Silva,"2026-09-22 23:41:31",2026-09-22 18:53:00.000,2026-09-23 02:40:00.000
MATRIZ,2026-09-22,2026-09-22,COMERCIAL CEZAR ALMEIDA LTDA,"7242202","000-7242202",5,4,1,TCB7I34,TCB7I34E2,102,MISTO,"43",E2,"2",Gianmiller Moraes,"2026-09-22 20:49:33","2026-09-22 21:14:44",25.18,Wallace Christian Gomes Esteves   ,"2026-09-23 00:00:15","2026-09-23 00:00:17",Maxmiler Fernandes Silva,"2026-09-22 23:43:04",2026-09-22 18:53:00.000,2026-09-23 02:40:00.000
MATRIZ,2026-09-22,2026-09-22,COMERCIAL CEZAR ALMEIDA LTDA,"7242202","000-7242202",5,4,1,TCB7I34,TCB7I34E1,110,MISTO,"42",E1,"2",Marcos Vinicio Alves Pessoa,"2026-09-22 20:49:01","2026-09-22 21:04:21",15.33,Wallace Christian Gomes Esteves   ,"2026-09-23 00:00:58","2026-09-23 00:01:00",Maxmiler Fernandes Silva,"2026-09-22 23:38:30",2026-09-22 18:53:00.000,2026-09-23 02:40:00.000
MATRIZ,2026-09-22,2026-09-22,SUPERMERCADO FRIZERA,"7262201","000-7262201",11,8,3,TCL0I22,TCL0I22D1,75,COMPLETO,,D1,"6",,,,,Wallace Christian Gomes Esteves   ,"2026-09-23 01:52:37","2026-09-23 01:52:39",Maxmiler Fernandes Silva,"2026-09-22 23:53:43",2026-09-22 18:53:00.000,2026-09-23 02:40:00.000
MATRIZ,2026-09-22,2026-09-22,SUPERMERCADO FRIZERA,"7262201","000-7262201",11,8,3,TCL0I22,TCL0I22D2,75,COMPLETO,,D2,"6",,,,,Wallace Christian Gomes Esteves   ,"2026-09-23 01:52:43","2026-09-23 01:52:46",Maxmiler Fernandes Silva,"2026-09-22 23:53:34",2026-09-22 18:53:00.000,2026-09-23 02:40:00.000
MATRIZ,2026-09-22,2026-09-22,SUPERMERCADO FRIZERA,"7262201","000-7262201",11,8,3,TCL0I22,TCL0I22E4,10,MISTO,"70",E4,"6",Gianmiller Moraes,"2026-09-22 21:20:23","2026-09-22 21:26:11",5.80,Wallace Christian Gomes Esteves   ,"2026-09-23 01:52:58","2026-09-23 01:53:10",Maxmiler Fernandes Silva,"2026-09-23 00:00:35",2026-09-22 18:53:00.000,2026-09-23 02:40:00.000
MATRIZ,2026-09-22,2026-09-22,SUPERMERCADO FRIZERA,"7262201","000-7262201",11,8,3,TCL0I22,TCL0I22D3,269,MISTO,"46",D3,"6",Paulo Rozani Lopes Da Silva,"2026-09-22 21:02:36","2026-09-22 21:43:19",40.72,Wallace Christian Gomes Esteves   ,"2026-09-23 01:50:34","2026-09-23 01:50:40",Maxmiler Fernandes Silva,"2026-09-23 00:04:14",2026-09-22 18:53:00.000,2026-09-23 02:40:00.000
MATRIZ,2026-09-22,2026-09-22,SUPERMERCADO FRIZERA,"7262201","000-7262201",11,8,3,TCL0I22,TCL0I22D4,112,MISTO,"49",D4,"6",Marcos Vinicio Alves Pessoa,"2026-09-22 21:07:17","2026-09-22 21:42:13",34.93,Wallace Christian Gomes Esteves   ,"2026-09-23 01:51:15","2026-09-23 01:51:49",Nordires Vieira Dos Santos,"2026-09-23 00:04:10",2026-09-22 18:53:00.000,2026-09-23 02:40:00.000
MATRIZ,2026-09-22,2026-09-22,SUPERMERCADO FRIZERA,"7262201","000-7262201",11,8,3,TCL0I22,TCL0I22E3,88,MISTO,"50",E3,"6",Freelancer 02,"2026-09-22 21:08:26","2026-09-22 21:28:00",19.57,Wallace Christian Gomes Esteves   ,"2026-09-23 01:50:22","2026-09-23 01:50:25",Maxmiler Fernandes Silva,"2026-09-22 23:57:26",2026-09-22 18:53:00.000,2026-09-23 02:40:00.000
MATRIZ,2026-09-22,2026-09-22,SUPERMERCADO FRIZERA,"7262201","000-7262201",11,8,3,TCL0I22,TCL0I22E1,75,COMPLETO,,E1,"6",,,,,Wallace Christian Gomes Esteves   ,"2026-09-23 01:51:06","2026-09-23 01:51:12",Maxmiler Fernandes Silva,"2026-09-22 23:53:39",2026-09-22 18:53:00.000,2026-09-23 02:40:00.000
MATRIZ,2026-09-22,2026-09-22,SUPERMERCADO FRIZERA,"7262201","000-7262201",11,8,3,TCL0I22,TCL0I22E5,41,MISTO,"52",E5,"6",Adilson José Gonçalves,"2026-09-22 21:12:57","2026-09-22 21:20:55",7.97,Wallace Christian Gomes Esteves   ,"2026-09-23 01:52:13","2026-09-23 01:52:16",Maxmiler Fernandes Silva,"2026-09-23 00:02:17",2026-09-22 18:53:00.000,2026-09-23 02:40:00.000
MATRIZ,2026-09-22,2026-09-22,SUPERMERCADO FRIZERA,"7262201","000-7262201",11,8,3,TCL0I22,TCL0I22D5,20,MISTO,"71",D5,"6",Leonardo Caetano Rodrigues,"2026-09-22 21:13:19","2026-09-22 21:17:56",4.62,Wallace Christian Gomes Esteves   ,"2026-09-23 01:52:04","2026-09-23 01:52:06",Maxmiler Fernandes Silva,"2026-09-23 00:02:39",2026-09-22 18:53:00.000,2026-09-23 02:40:00.000
MATRIZ,2026-09-22,2026-09-22,SUPERMERCADO FRIZERA,"7262201","000-7262201",11,8,3,TCL0I22,TCL0I22E2,67,MISTO,"51",E2,"6",Felipe Rogerio Estevam Da Silva ,"2026-09-22 21:10:40","2026-09-22 21:27:25",16.75,Wallace Christian Gomes Esteves   ,"2026-09-23 01:52:30","2026-09-23 01:52:33",Maxmiler Fernandes Silva,"2026-09-22 23:58:36",2026-09-22 18:53:00.000,2026-09-23 02:40:00.000
MATRIZ,2026-09-22,2026-09-22,JOSE DOMINGOS DA SILVA,"7382201","000-7382201",7,7,0,KKJ5250,KKJ5250D1,40,MISTO,"225",D1,"6",Pedro Lucas Procópio dos Santos,"2026-09-22 23:05:49","2026-09-22 23:06:50",1.02,Wallace Christian Gomes Esteves   ,"2026-09-23 02:13:29","2026-09-23 02:13:32",Maxmiler Fernandes Silva,"2026-09-23 01:47:01",2026-09-22 18:53:00.000,2026-09-23 02:40:00.000
MATRIZ,2026-09-22,2026-09-22,JOSE DOMINGOS DA SILVA,"7382201","000-7382201",7,7,0,KKJ5250,KKJ5250D2,143,MISTO,"223",D2,"6",Felipe Rogerio Estevam Da Silva ,"2026-09-22 23:06:01","2026-09-22 23:34:39",28.63,Wallace Christian Gomes Esteves   ,"2026-09-23 02:13:35","2026-09-23 02:13:37",Maxmiler Fernandes Silva,"2026-09-23 01:46:03",2026-09-22 18:53:00.000,2026-09-23 02:40:00.000
MATRIZ,2026-09-22,2026-09-22,JOSE DOMINGOS DA SILVA,"7382201","000-7382201",7,7,0,KKJ5250,KKJ5250D3,130,MISTO,"221",D3,"6",Denilton Batista Dos Santos,"2026-09-22 23:07:29","2026-09-22 23:52:12",44.72,Wallace Christian Gomes Esteves   ,"2026-09-23 02:13:14","2026-09-23 02:13:16",Maxmiler Fernandes Silva,"2026-09-23 01:56:35",2026-09-22 18:53:00.000,2026-09-23 02:40:00.000
MATRIZ,2026-09-22,2026-09-22,JOSE DOMINGOS DA SILVA,"7382201","000-7382201",7,7,0,KKJ5250,KKJ5250E2,24,MISTO,"224",E2,"6",Pedro Lucas Procópio dos Santos,"2026-09-22 23:11:26","2026-09-22 23:21:32",10.10,Wallace Christian Gomes Esteves   ,"2026-09-23 02:13:54","2026-09-23 02:13:58",Maxmiler Fernandes Silva,"2026-09-23 01:54:19",2026-09-22 18:53:00.000,2026-09-23 02:40:00.000
MATRIZ,2026-09-22,2026-09-22,JOSE DOMINGOS DA SILVA,"7382201","000-7382201",7,7,0,KKJ5250,KKJ5250E3,40,MISTO,"227",E3,"6",Adilson José Gonçalves,"2026-09-22 23:11:53","2026-09-22 23:32:32",20.65,Wallace Christian Gomes Esteves   ,"2026-09-23 02:14:10","2026-09-23 02:14:12",Maxmiler Fernandes Silva,"2026-09-23 01:50:28",2026-09-22 18:53:00.000,2026-09-23 02:40:00.000
MATRIZ,2026-09-22,2026-09-22,JOSE DOMINGOS DA SILVA,"7382201","000-7382201",7,7,0,KKJ5250,KKJ5250E1,68,MISTO,"229",E1,"6",Paulo Rozani Lopes Da Silva,"2026-09-22 23:09:57","2026-09-22 23:32:40",22.72,Wallace Christian Gomes Esteves   ,"2026-09-23 02:14:22","2026-09-23 02:14:24",Maxmiler Fernandes Silva,"2026-09-23 01:48:57",2026-09-22 18:53:00.000,2026-09-23 02:40:00.000
MATRIZ,2026-09-22,2026-09-22,CRICARE,"7252201","000-7252201",7,3,4,TCL0I17,TCL0I17D4,67,MISTO,"48",D4,"1",Adilson José Gonçalves,"2026-09-22 21:01:20","2026-09-22 21:12:02",10.70,Wallace Christian Gomes Esteves   ,"2026-09-23 00:02:18","2026-09-23 00:02:20",Nordires Vieira Dos Santos,"2026-09-22 23:58:22",2026-09-22 18:53:00.000,2026-09-23 02:40:00.000
MATRIZ,2026-09-22,2026-09-22,CRICARE,"7252201","000-7252201",7,3,4,TCL0I17,TCL0I17D3,85,MISTO,"47",D3,"1",Leonardo Caetano Rodrigues,"2026-09-22 20:58:51","2026-09-22 21:12:04",13.22,Wallace Christian Gomes Esteves   ,"2026-09-23 00:01:37","2026-09-23 00:01:57",Nordires Vieira Dos Santos,"2026-09-22 23:56:09",2026-09-22 18:53:00.000,2026-09-23 02:40:00.000
MATRIZ,2026-09-22,2026-09-22,CRICARE,"7252201","000-7252201",7,3,4,TCL0I17,TCL0I17D1,75,COMPLETO,,D1,"1",,,,,Wallace Christian Gomes Esteves   ,"2026-09-23 00:01:23","2026-09-23 00:01:27",Nordires Vieira Dos Santos,"2026-09-22 23:45:35",2026-09-22 18:53:00.000,2026-09-23 02:40:00.000
MATRIZ,2026-09-22,2026-09-22,CRICARE,"7252201","000-7252201",7,3,4,TCL0I17,TCL0I17E3,49,MISTO,"45",E3,"1",Felipe Rogerio Estevam Da Silva ,"2026-09-22 21:02:06","2026-09-22 21:10:10",8.07,Wallace Christian Gomes Esteves   ,"2026-09-23 00:02:23","2026-09-23 00:02:25",Nordires Vieira Dos Santos,"2026-09-22 23:57:11",2026-09-22 18:53:00.000,2026-09-23 02:40:00.000
MATRIZ,2026-09-22,2026-09-22,CRICARE,"7252201","000-7252201",7,3,4,TCL0I17,TCL0I17E2,75,COMPLETO,,E2,"1",,,,,Wallace Christian Gomes Esteves   ,"2026-09-23 00:02:28","2026-09-23 00:02:30",Nordires Vieira Dos Santos,"2026-09-22 23:43:53",2026-09-22 18:53:00.000,2026-09-23 02:40:00.000
MATRIZ,2026-09-22,2026-09-22,CRICARE,"7252201","000-7252201",7,3,4,TCL0I17,TCL0I17E1,75,COMPLETO,,E1,"1",,,,,Wallace Christian Gomes Esteves   ,"2026-09-23 00:02:37","2026-09-23 00:02:39",Nordires Vieira Dos Santos,"2026-09-22 23:45:31",2026-09-22 18:53:00.000,2026-09-23 02:40:00.000
MATRIZ,2026-09-22,2026-09-22,CRICARE,"7252201","000-7252201",7,3,4,TCL0I17,TCL0I17D2,75,COMPLETO,,D2,"1",,,,,Wallace Christian Gomes Esteves   ,"2026-09-23 00:02:33","2026-09-23 00:02:35",Nordires Vieira Dos Santos,"2026-09-22 23:45:27",2026-09-22 18:53:00.000,2026-09-23 02:40:00.000
MATRIZ,2026-09-22,2026-09-22,DONA HERMINIA RESTAURANTE,"7162201","000-7162201",7,7,0,MQL5679,MQL5679D1,190,MISTO,"26",D1,"4",Felipe Rogerio Estevam Da Silva ,"2026-09-22 20:19:56","2026-09-22 20:34:07",14.18,Wallace Christian Gomes Esteves   ,"2026-09-22 23:44:00","2026-09-22 23:44:01",Nordires Vieira Dos Santos,"2026-09-22 23:18:32",2026-09-22 18:53:00.000,2026-09-23 02:40:00.000
MATRIZ,2026-09-22,2026-09-22,DONA HERMINIA RESTAURANTE,"7162201","000-7162201",7,7,0,MQL5679,MQL5679D2,237,MISTO,"29",D2,"4",Leonardo Caetano Rodrigues,"2026-09-22 20:19:15","2026-09-22 20:47:15",28.00,Wallace Christian Gomes Esteves   ,"2026-09-22 23:43:55","2026-09-22 23:43:57",Nordires Vieira Dos Santos,"2026-09-22 23:20:34",2026-09-22 18:53:00.000,2026-09-23 02:40:00.000
MATRIZ,2026-09-22,2026-09-22,DONA HERMINIA RESTAURANTE,"7162201","000-7162201",7,7,0,MQL5679,MQL5679E2,26,MISTO,"31",E2,"4",Adilson José Gonçalves,"2026-09-22 20:28:23","2026-09-22 20:39:02",10.65,Wallace Christian Gomes Esteves   ,"2026-09-22 23:44:18","2026-09-22 23:44:20",Nordires Vieira Dos Santos,"2026-09-22 23:34:51",2026-09-22 18:53:00.000,2026-09-23 02:40:00.000
MATRIZ,2026-09-22,2026-09-22,DONA HERMINIA RESTAURANTE,"7162201","000-7162201",7,7,0,MQL5679,MQL5679E1,62,MISTO,"30",E1,"4",Marcos Vinicio Alves Pessoa,"2026-09-22 20:27:29","2026-09-22 20:45:49",18.33,Wallace Christian Gomes Esteves   ,"2026-09-22 23:44:14","2026-09-22 23:44:16",Nordires Vieira Dos Santos,"2026-09-22 23:32:33",2026-09-22 18:53:00.000,2026-09-23 02:40:00.000
MATRIZ,2026-09-22,2026-09-22,DONA HERMINIA RESTAURANTE,"7162201","000-7162201",7,7,0,MQL5679,MQL5679D3,80,MISTO,"28",D3,"4",Freelancer 02,"2026-09-22 20:21:21","2026-09-22 20:33:33",12.20,Wallace Christian Gomes Esteves   ,"2026-09-22 23:44:08","2026-09-22 23:44:11",Nordires Vieira Dos Santos,"2026-09-22 23:34:20",2026-09-22 18:53:00.000,2026-09-23 02:40:00.000
MATRIZ,2026-09-22,2026-09-22,DONA HERMINIA RESTAURANTE,"7162201","000-7162201",7,7,0,MQL5679,MQL5679E3,115,MISTO,"27",E3,"4",Freelancer 01,"2026-09-22 20:20:48","2026-09-22 20:45:11",24.38,Wallace Christian Gomes Esteves   ,"2026-09-22 23:44:03","2026-09-22 23:44:06",Nordires Vieira Dos Santos,"2026-09-22 23:18:53",2026-09-22 18:53:00.000,2026-09-23 02:40:00.000
MATRIZ,2026-09-22,2026-09-22,PADARIA PONTO FINAL,"7152201","000-7152201",7,7,0,MQU8E71,MQU8E71E2,39,MISTO,"200",E2,"4",Freelancer 01,"2026-09-22 22:09:07","2026-09-22 22:25:55",16.80,Wallace Christian Gomes Esteves   ,"2026-09-23 02:11:44","2026-09-23 02:11:49",Maxmiler Fernandes Silva,"2026-09-23 02:05:45",2026-09-22 18:53:00.000,2026-09-23 02:40:00.000
MATRIZ,2026-09-22,2026-09-22,PADARIA PONTO FINAL,"7152201","000-7152201",7,7,0,MQU8E71,MQU8E71E1,79,MISTO,"209",E1,"4",Denilton Batista Dos Santos,"2026-09-22 22:08:49","2026-09-22 22:39:31",30.70,Wallace Christian Gomes Esteves   ,"2026-09-23 02:12:01","2026-09-23 02:12:03",Maxmiler Fernandes Silva,"2026-09-23 02:04:38",2026-09-22 18:53:00.000,2026-09-23 02:40:00.000
MATRIZ,2026-09-22,2026-09-22,PADARIA PONTO FINAL,"7152201","000-7152201",7,7,0,MQU8E71,MQU8E71E3,40,MISTO,"201",E3,"4",Adilson José Gonçalves,"2026-09-22 22:07:10","2026-09-22 22:37:23",30.22,Wallace Christian Gomes Esteves   ,"2026-09-23 02:12:16","2026-09-23 02:12:18",Maxmiler Fernandes Silva,"2026-09-23 02:01:08",2026-09-22 18:53:00.000,2026-09-23 02:40:00.000
MATRIZ,2026-09-22,2026-09-22,PADARIA PONTO FINAL,"7152201","000-7152201",7,7,0,MQU8E71,MQU8E71D3,213,MISTO,"207",D3,"4",Freelancer 02,"2026-09-22 22:07:53","2026-09-22 23:16:19",68.43,Wallace Christian Gomes Esteves   ,"2026-09-23 02:11:19","2026-09-23 02:11:21",Maxmiler Fernandes Silva,"2026-09-23 02:02:25",2026-09-22 18:53:00.000,2026-09-23 02:40:00.000
MATRIZ,2026-09-22,2026-09-22,PADARIA PONTO FINAL,"7152201","000-7152201",7,7,0,MQU8E71,MQU8E71D1,40,MISTO,"205",D1,"4",Gianmiller Moraes,"2026-09-22 22:08:16","2026-09-22 22:16:20",8.07,Wallace Christian Gomes Esteves   ,"2026-09-23 02:12:34","2026-09-23 02:12:36",Maxmiler Fernandes Silva,"2026-09-23 01:59:42",2026-09-22 18:53:00.000,2026-09-23 02:40:00.000
MATRIZ,2026-09-22,2026-09-22,PADARIA PONTO FINAL,"7152201","000-7152201",7,7,0,MQU8E71,MQU8E71D2,86,MISTO,"203",D2,"4",Felipe Rogerio Estevam Da Silva ,"2026-09-22 22:07:15","2026-09-22 22:27:41",20.43,Wallace Christian Gomes Esteves   ,"2026-09-23 02:12:49","2026-09-23 02:12:51",Maxmiler Fernandes Silva,"2026-09-23 02:07:26",2026-09-22 18:53:00.000,2026-09-23 02:40:00.000
MATRIZ,2026-09-22,2026-09-22,PARQUE DAS AGUAS,"7412201","000-7412201",7,7,0,OWQ4406,OWQ4406D2,166,MISTO,"76",D2,"7",Leonardo Caetano Rodrigues,"2026-09-22 21:18:50","2026-09-22 21:39:02",20.20,Wallace Christian Gomes Esteves   ,"2026-09-23 02:28:28","2026-09-23 02:28:30",Maxmiler Fernandes Silva,"2026-09-23 02:21:05",2026-09-22 18:53:00.000,2026-09-23 02:40:00.000
MATRIZ,2026-09-22,2026-09-22,PARQUE DAS AGUAS,"7412201","000-7412201",7,7,0,OWQ4406,OWQ4406D3,60,MISTO,"82",D3,"7",Felipe Rogerio Estevam Da Silva ,"2026-09-22 21:28:20","2026-09-22 21:38:41",10.35,Wallace Christian Gomes Esteves   ,"2026-09-23 02:27:35","2026-09-23 02:27:37",Maxmiler Fernandes Silva,"2026-09-23 02:18:57",2026-09-22 18:53:00.000,2026-09-23 02:40:00.000
MATRIZ,2026-09-22,2026-09-22,PARQUE DAS AGUAS,"7412201","000-7412201",7,7,0,OWQ4406,OWQ4406E3,71,MISTO,"78",E3,"7",Natan Silva Medeiros Júnior,"2026-09-22 21:19:58","2026-09-22 21:48:18",28.33,Wallace Christian Gomes Esteves   ,"2026-09-23 02:27:19","2026-09-23 02:27:22",Maxmiler Fernandes Silva,"2026-09-23 02:17:42",2026-09-22 18:53:00.000,2026-09-23 02:40:00.000
MATRIZ,2026-09-22,2026-09-22,PARQUE DAS AGUAS,"7412201","000-7412201",7,7,0,OWQ4406,OWQ4406E2,258,MISTO,"72",E2,"7",Freelancer 01,"2026-09-22 21:18:02","2026-09-22 21:42:22",24.33,Wallace Christian Gomes Esteves   ,"2026-09-23 02:28:16","2026-09-23 02:28:18",Maxmiler Fernandes Silva,"2026-09-23 02:21:45",2026-09-22 18:53:00.000,2026-09-23 02:40:00.000
MATRIZ,2026-09-22,2026-09-22,PARQUE DAS AGUAS,"7412201","000-7412201",7,7,0,OWQ4406,OWQ4406E1,235,MISTO,"81",E1,"7",Denilton Batista Dos Santos,"2026-09-22 21:18:19","2026-09-22 22:00:24",42.08,Wallace Christian Gomes Esteves   ,"2026-09-23 02:27:51","2026-09-23 02:27:52",Maxmiler Fernandes Silva,"2026-09-23 02:21:41",2026-09-22 18:53:00.000,2026-09-23 02:40:00.000
MATRIZ,2026-09-22,2026-09-22,PARQUE DAS AGUAS,"7412201","000-7412201",7,7,0,OWQ4406,OWQ4406D1,63,MISTO,"80",D1,"7",Adilson José Gonçalves,"2026-09-22 21:21:30","2026-09-22 21:28:40",7.17,Wallace Christian Gomes Esteves   ,"2026-09-23 02:28:40","2026-09-23 02:28:42",Maxmiler Fernandes Silva,"2026-09-23 02:21:02",2026-09-22 18:53:00.000,2026-09-23 02:40:00.000
MATRIZ,2026-09-22,2026-09-22,ACOUGUE TELES,"7342201","000-7342201",7,7,0,TYE8D59,TYE8D59D2,170,MISTO,"32",D2,"3",Natan Silva Medeiros Júnior,"2026-09-22 20:31:36","2026-09-22 21:17:02",45.43,Wallace Christian Gomes Esteves   ,"2026-09-22 23:44:33","2026-09-22 23:44:36",Nordires Vieira Dos Santos,"2026-09-22 23:24:00",2026-09-22 18:53:00.000,2026-09-23 02:40:00.000
MATRIZ,2026-09-22,2026-09-22,ACOUGUE TELES,"7342201","000-7342201",7,7,0,TYE8D59,TYE8D59E3,151,MISTO,"33",E3,"3",Paulo Rozani Lopes Da Silva,"2026-09-22 20:33:48","2026-09-22 21:00:11",26.38,Wallace Christian Gomes Esteves   ,"2026-09-22 23:44:38","2026-09-22 23:44:40",Nordires Vieira Dos Santos,"2026-09-22 23:35:07",2026-09-22 18:53:00.000,2026-09-23 02:40:00.000
MATRIZ,2026-09-22,2026-09-22,ACOUGUE TELES,"7342201","000-7342201",7,7,0,TYE8D59,TYE8D59D3,140,MISTO,"34",D3,"3",Denilton Batista Dos Santos,"2026-09-22 20:34:21","2026-09-22 21:14:51",40.50,Wallace Christian Gomes Esteves   ,"2026-09-22 23:44:42","2026-09-22 23:44:44",Nordires Vieira Dos Santos,"2026-09-22 23:23:16",2026-09-22 18:53:00.000,2026-09-23 02:40:00.000
MATRIZ,2026-09-22,2026-09-22,ACOUGUE TELES,"7342201","000-7342201",7,7,0,TYE8D59,TYE8D59E1,65,MISTO,"35",E1,"3",Felipe Rogerio Estevam Da Silva ,"2026-09-22 20:34:45","2026-09-22 20:50:04",15.32,Wallace Christian Gomes Esteves   ,"2026-09-22 23:44:46","2026-09-22 23:44:50",Nordires Vieira Dos Santos,"2026-09-22 23:25:33",2026-09-22 18:53:00.000,2026-09-23 02:40:00.000
MATRIZ,2026-09-22,2026-09-22,ACOUGUE TELES,"7342201","000-7342201",7,7,0,TYE8D59,TYE8D59D1,40,MISTO,"36",D1,"3",Freelancer 02,"2026-09-22 20:37:13","2026-09-22 20:42:42",5.48,Wallace Christian Gomes Esteves   ,"2026-09-22 23:44:53","2026-09-22 23:44:55",Nordires Vieira Dos Santos,"2026-09-22 23:27:29",2026-09-22 18:53:00.000,2026-09-23 02:40:00.000
MATRIZ,2026-09-22,2026-09-22,ACOUGUE TELES,"7342201","000-7342201",7,7,0,TYE8D59,TYE8D59E2,36,MISTO,"37",E2,"3",Adilson José Gonçalves,"2026-09-22 20:39:31","2026-09-22 20:45:33",6.03,Wallace Christian Gomes Esteves   ,"2026-09-22 23:44:57","2026-09-22 23:44:59",Nordires Vieira Dos Santos,"2026-09-22 23:26:26",2026-09-22 18:53:00.000,2026-09-23 02:40:00.000
MATRIZ,2026-09-22,2026-09-22,BAR DO GALEGO,"7192201","000-7192201",8,7,1,KZX0905,KZX0905D2,68,MISTO,"214",D2,"2",Adilson José Gonçalves,"2026-09-22 22:39:07","2026-09-22 22:49:30",10.38,Wallace Christian Gomes Esteves   ,"2026-09-23 01:54:58","2026-09-23 01:54:59",Maxmiler Fernandes Silva,"2026-09-23 01:40:10",2026-09-22 18:53:00.000,2026-09-23 02:40:00.000
MATRIZ,2026-09-22,2026-09-22,BAR DO GALEGO,"7192201","000-7192201",8,7,1,KZX0905,KZX0905E4,73,MISTO,"212",E4,"2",Denilton Batista Dos Santos,"2026-09-22 22:40:47","2026-09-22 23:06:52",26.08,Wallace Christian Gomes Esteves   ,"2026-09-23 01:54:33","2026-09-23 01:54:35",Maxmiler Fernandes Silva,"2026-09-23 01:44:17",2026-09-22 18:53:00.000,2026-09-23 02:40:00.000
MATRIZ,2026-09-22,2026-09-22,BAR DO GALEGO,"7192201","000-7192201",8,7,1,KZX0905,KZX0905E3,114,MISTO,"219",E3,"2",Felipe Rogerio Estevam Da Silva ,"2026-09-22 22:28:22","2026-09-22 22:57:27",29.08,Wallace Christian Gomes Esteves   ,"2026-09-23 01:54:06","2026-09-23 01:54:09",Maxmiler Fernandes Silva,"2026-09-23 01:35:23",2026-09-22 18:53:00.000,2026-09-23 02:40:00.000
MATRIZ,2026-09-22,2026-09-22,BAR DO GALEGO,"7192201","000-7192201",8,7,1,KZX0905,KZX0905E2,75,MISTO,"210",E2,"2",Leonardo Caetano Rodrigues,"2026-09-22 22:46:52","2026-09-22 23:01:30",14.63,Wallace Christian Gomes Esteves   ,"2026-09-23 01:55:04","2026-09-23 01:55:06",Maxmiler Fernandes Silva,"2026-09-23 01:37:23",2026-09-22 18:53:00.000,2026-09-23 02:40:00.000
MATRIZ,2026-09-22,2026-09-22,BAR DO GALEGO,"7192201","000-7192201",8,7,1,KZX0905,KZX0905D3,71,MISTO,"216",D3,"2",Freelancer 01,"2026-09-22 22:38:06","2026-09-22 22:57:04",18.97,Wallace Christian Gomes Esteves   ,"2026-09-23 01:55:16","2026-09-23 01:55:20",Maxmiler Fernandes Silva,"2026-09-23 01:36:16",2026-09-22 18:53:00.000,2026-09-23 02:40:00.000
MATRIZ,2026-09-22,2026-09-22,BAR DO GALEGO,"7192201","000-7192201",8,7,1,KZX0905,KZX0905D1,50,COMPLETO,,D1,"2",,,,,Wallace Christian Gomes Esteves   ,"2026-09-23 01:55:24","2026-09-23 01:55:27",Maxmiler Fernandes Silva,"2026-09-23 01:44:12",2026-09-22 18:53:00.000,2026-09-23 02:40:00.000
MATRIZ,2026-09-22,2026-09-22,BAR DO GALEGO,"7192201","000-7192201",8,7,1,KZX0905,KZX0905E1,45,MISTO,"218",E1,"2",Paulo Rozani Lopes Da Silva,"2026-09-22 22:53:52","2026-09-22 23:08:56",15.07,Wallace Christian Gomes Esteves   ,"2026-09-23 01:53:58","2026-09-23 01:54:02",Maxmiler Fernandes Silva,"2026-09-23 01:44:21",2026-09-22 18:53:00.000,2026-09-23 02:40:00.000
MATRIZ,2026-09-22,2026-09-22,BAR DO GALEGO,"7192201","000-7192201",8,7,1,KZX0905,KZX0905D4,33,MISTO,"13",D4,"2",Pedro Lucas Procópio dos Santos,"2026-09-22 22:50:03","2026-09-22 22:53:18",3.25,Wallace Christian Gomes Esteves   ,"2026-09-23 01:54:44","2026-09-23 01:54:47",Maxmiler Fernandes Silva,"2026-09-23 01:38:09",2026-09-22 18:53:00.000,2026-09-23 02:40:00.000
MATRIZ,2026-09-22,2026-09-22,QUIOSQUE ROGERIO,"7142201","000-7142201",7,7,0,HAI2518,HAI2518D3,168,MISTO,"75",D3,"5",Paulo Rozani Lopes Da Silva,"2026-09-22 21:52:58","2026-09-22 22:47:43",54.75,Wallace Christian Gomes Esteves   ,"2026-09-23 02:16:28","2026-09-23 02:16:30",Nordires Vieira Dos Santos,"2026-09-23 02:04:18",2026-09-22 18:53:00.000,2026-09-23 02:40:00.000
MATRIZ,2026-09-22,2026-09-22,QUIOSQUE ROGERIO,"7142201","000-7142201",7,7,0,HAI2518,HAI2518E3,103,MISTO,"83",E3,"5",Natan Silva Medeiros Júnior,"2026-09-22 21:51:35","2026-09-22 22:18:41",27.10,Wallace Christian Gomes Esteves   ,"2026-09-23 02:18:57","2026-09-23 02:18:59",Nordires Vieira Dos Santos,"2026-09-23 02:09:16",2026-09-22 18:53:00.000,2026-09-23 02:40:00.000
MATRIZ,2026-09-22,2026-09-22,QUIOSQUE ROGERIO,"7142201","000-7142201",7,7,0,HAI2518,HAI2518D2,122,MISTO,"74",D2,"5",Freelancer 01,"2026-09-22 21:46:10","2026-09-22 22:07:38",21.47,Wallace Christian Gomes Esteves   ,"2026-09-23 02:19:25","2026-09-23 02:19:28",Nordires Vieira Dos Santos,"2026-09-23 02:12:44",2026-09-22 18:53:00.000,2026-09-23 02:40:00.000
MATRIZ,2026-09-22,2026-09-22,QUIOSQUE ROGERIO,"7142201","000-7142201",7,7,0,HAI2518,HAI2518E1,65,MISTO,"85",E1,"5",Marcos Vinicio Alves Pessoa,"2026-09-22 21:51:39","2026-09-22 22:14:15",22.60,Wallace Christian Gomes Esteves   ,"2026-09-23 02:17:09","2026-09-23 02:17:11",Nordires Vieira Dos Santos,"2026-09-23 02:08:01",2026-09-22 18:53:00.000,2026-09-23 02:40:00.000
MATRIZ,2026-09-22,2026-09-22,QUIOSQUE ROGERIO,"7142201","000-7142201",7,7,0,HAI2518,HAI2518D1,40,MISTO,"87",D1,"5",Freelancer 02,"2026-09-22 21:51:52","2026-09-22 21:59:02",7.17,Wallace Christian Gomes Esteves   ,"2026-09-23 02:17:16","2026-09-23 02:17:19",Nordires Vieira Dos Santos,"2026-09-23 02:10:28",2026-09-22 18:53:00.000,2026-09-23 02:40:00.000
MATRIZ,2026-09-22,2026-09-22,QUIOSQUE ROGERIO,"7142201","000-7142201",7,7,0,HAI2518,HAI2518E2,39,MISTO,"89",E2,"5",Leonardo Caetano Rodrigues,"2026-09-22 22:02:26","2026-09-22 22:13:29",11.05,Wallace Christian Gomes Esteves   ,"2026-09-23 02:19:09","2026-09-23 02:19:13",Nordires Vieira Dos Santos,"2026-09-23 02:06:21",2026-09-22 18:53:00.000,2026-09-23 02:40:00.000
MATRIZ,2026-09-22,2026-09-22,PAULO DA GARRAFA,"7182201","000-7182201",7,7,0,RFP8G80,RFP8G80D3,35,MISTO,"12",D3,"3",Pedro Lucas Procópio dos Santos,"2026-09-22 22:17:35","2026-09-22 22:44:12",26.62,Wallace Christian Gomes Esteves   ,"2026-09-23 02:25:07","2026-09-23 02:25:10",Nordires Vieira Dos Santos,"2026-09-23 02:13:57",2026-09-22 18:53:00.000,2026-09-23 02:40:00.000
MATRIZ,2026-09-22,2026-09-22,PAULO DA GARRAFA,"7182201","000-7182201",7,7,0,RFP8G80,RFP8G80E2,259,MISTO,"202",E2,"3",Leonardo Caetano Rodrigues,"2026-09-22 22:13:57","2026-09-22 22:46:06",32.15,Wallace Christian Gomes Esteves   ,"2026-09-23 02:25:24","2026-09-23 02:25:27",Nordires Vieira Dos Santos,"2026-09-23 02:15:08",2026-09-22 18:53:00.000,2026-09-23 02:40:00.000
MATRIZ,2026-09-22,2026-09-22,PAULO DA GARRAFA,"7182201","000-7182201",7,7,0,RFP8G80,RFP8G80D2,109,MISTO,"14",D2,"3",Natan Silva Medeiros Júnior,"2026-09-22 22:22:18","2026-09-22 22:44:22",22.07,Wallace Christian Gomes Esteves   ,"2026-09-23 02:25:50","2026-09-23 02:25:55",Maxmiler Fernandes Silva,"2026-09-23 02:23:56",2026-09-22 18:53:00.000,2026-09-23 02:40:00.000
MATRIZ,2026-09-22,2026-09-22,PAULO DA GARRAFA,"7182201","000-7182201",7,7,0,RFP8G80,RFP8G80D1,215,MISTO,"204",D1,"3",Marcos Vinicio Alves Pessoa,"2026-09-22 22:18:29","2026-09-22 23:13:58",55.48,Wallace Christian Gomes Esteves   ,"2026-09-23 02:26:48","2026-09-23 02:27:02",Nordires Vieira Dos Santos,"2026-09-23 02:18:29",2026-09-22 18:53:00.000,2026-09-23 02:40:00.000
MATRIZ,2026-09-22,2026-09-22,PAULO DA GARRAFA,"7182201","000-7182201",7,7,0,RFP8G80,RFP8G80E1,141,MISTO,"206",E1,"3",Gianmiller Moraes,"2026-09-22 22:21:48","2026-09-22 23:18:05",56.28,Wallace Christian Gomes Esteves   ,"2026-09-23 02:26:14","2026-09-23 02:26:16",Nordires Vieira Dos Santos,"2026-09-23 02:17:20",2026-09-22 18:53:00.000,2026-09-23 02:40:00.000
MATRIZ,2026-09-22,2026-09-22,PAULO DA GARRAFA,"7182201","000-7182201",7,7,0,RFP8G80,RFP8G80E3,29,MISTO,"208",E3,"3",Freelancer 01,"2026-09-22 22:26:58","2026-09-22 22:36:33",9.58,Wallace Christian Gomes Esteves   ,"2026-09-23 02:26:41","2026-09-23 02:26:43",Nordires Vieira Dos Santos,"2026-09-23 02:16:33",2026-09-22 18:53:00.000,2026-09-23 02:40:00.000
MATRIZ,2026-09-23,2026-09-23,BAR CURRAL DE BOI,"7182301","000-7182301",7,6,1,RFP8G80,RFP8G80D1,50,COMPLETO,,D1,"8",,,,,Wallace Christian Gomes Esteves   ,"2026-09-24 03:55:39","2026-09-24 03:55:41",Maxmiler Fernandes Silva,"2026-09-24 03:41:01",2026-09-23 18:14:00.000,2026-09-24 05:00:00.000
MATRIZ,2026-09-23,2026-09-23,BAR CURRAL DE BOI,"7182301","000-7182301",7,6,1,RFP8G80,RFP8G80D3,25,MISTO,"91",D3,"8",Pedro Lucas Procópio dos Santos,"2026-09-24 02:28:06","2026-09-24 02:40:02",11.93,Wallace Christian Gomes Esteves   ,"2026-09-24 03:55:45","2026-09-24 03:55:47",Maxmiler Fernandes Silva,"2026-09-24 03:47:18",2026-09-23 18:14:00.000,2026-09-24 05:00:00.000
MATRIZ,2026-09-23,2026-09-23,BAR CURRAL DE BOI,"7182301","000-7182301",7,6,1,RFP8G80,RFP8G80E2,357,MISTO,"23",E2,"8",Freelancer 01,"2026-09-24 02:26:28","2026-09-24 03:14:08",47.67,Wallace Christian Gomes Esteves   ,"2026-09-24 03:55:05","2026-09-24 03:55:07",Maxmiler Fernandes Silva,"2026-09-24 03:45:30",2026-09-23 18:14:00.000,2026-09-24 05:00:00.000
MATRIZ,2026-09-23,2026-09-23,BAR CURRAL DE BOI,"7182301","000-7182301",7,6,1,RFP8G80,RFP8G80D2,67,MISTO,"46",D2,"8",Pedro Lucas Procópio dos Santos,"2026-09-24 02:43:34","2026-09-24 03:12:31",28.95,Wallace Christian Gomes Esteves   ,"2026-09-24 03:55:10","2026-09-24 03:55:13",Maxmiler Fernandes Silva,"2026-09-24 03:43:19",2026-09-23 18:14:00.000,2026-09-24 05:00:00.000
MATRIZ,2026-09-23,2026-09-23,BAR CURRAL DE BOI,"7182301","000-7182301",7,6,1,RFP8G80,RFP8G80E1,46,MISTO,"14",E1,"8",Gianmiller Moraes,"2026-09-24 02:33:34","2026-09-24 02:49:20",15.77,Wallace Christian Gomes Esteves   ,"2026-09-24 03:55:31","2026-09-24 03:55:33",Maxmiler Fernandes Silva,"2026-09-24 03:47:07",2026-09-23 18:14:00.000,2026-09-24 05:00:00.000
MATRIZ,2026-09-23,2026-09-23,BAR CURRAL DE BOI,"7182301","000-7182301",7,6,1,RFP8G80,RFP8G80E3,270,MISTO,"40",E3,"8",Felipe Rogerio Estevam Da Silva ,"2026-09-24 02:29:04","2026-09-24 03:13:33",44.48,Wallace Christian Gomes Esteves   ,"2026-09-24 03:54:54","2026-09-24 03:54:57",Maxmiler Fernandes Silva,"2026-09-24 03:54:47",2026-09-23 18:14:00.000,2026-09-24 05:00:00.000
MATRIZ,2026-09-23,2026-09-23,SACOLAO PRISCILA,"7122301","000-7122301",7,7,0,DJB5C58,DJB5C58D3,277,MISTO,"29",D3,"1",Freelancer 01,"2026-09-24 01:09:43","2026-09-24 01:54:23",44.67,Wallace Christian Gomes Esteves   ,"2026-09-24 03:51:34","2026-09-24 03:51:36",Nordires Vieira Dos Santos,"2026-09-24 02:12:07",2026-09-23 18:14:00.000,2026-09-24 05:00:00.000
MATRIZ,2026-09-23,2026-09-23,SACOLAO PRISCILA,"7122301","000-7122301",7,7,0,DJB5C58,DJB5C58D1,39,MISTO,"21",D1,"1",Leonardo Caetano Rodrigues,"2026-09-24 01:46:27","2026-09-24 01:52:34",6.12,Wallace Christian Gomes Esteves   ,"2026-09-24 03:52:12","2026-09-24 03:52:14",Nordires Vieira Dos Santos,"2026-09-24 02:13:04",2026-09-23 18:14:00.000,2026-09-24 05:00:00.000
MATRIZ,2026-09-23,2026-09-23,SACOLAO PRISCILA,"7122301","000-7122301",7,7,0,DJB5C58,DJB5C58E3,54,MISTO,"32",E3,"1",Gianmiller Moraes,"2026-09-24 01:15:48","2026-09-24 01:43:49",28.02,Wallace Christian Gomes Esteves   ,"2026-09-24 03:51:11","2026-09-24 03:51:16",Nordires Vieira Dos Santos,"2026-09-24 02:14:31",2026-09-23 18:14:00.000,2026-09-24 05:00:00.000
MATRIZ,2026-09-23,2026-09-23,SACOLAO PRISCILA,"7122301","000-7122301",7,7,0,DJB5C58,DJB5C58D2,45,MISTO,"12",D2,"1",Felipe Rogerio Estevam Da Silva ,"2026-09-24 01:31:15","2026-09-24 01:38:04",6.82,Wallace Christian Gomes Esteves   ,"2026-09-24 03:51:49","2026-09-24 03:51:51",Nordires Vieira Dos Santos,"2026-09-24 02:15:22",2026-09-23 18:14:00.000,2026-09-24 05:00:00.000
MATRIZ,2026-09-23,2026-09-23,SACOLAO PRISCILA,"7122301","000-7122301",7,7,0,DJB5C58,DJB5C58E2,143,MISTO,"30",E2,"1",Marcos Vinicio Alves Pessoa,"2026-09-24 01:12:04","2026-09-24 01:46:22",34.30,Wallace Christian Gomes Esteves   ,"2026-09-24 03:51:26","2026-09-24 03:51:28",Nordires Vieira Dos Santos,"2026-09-24 02:59:40",2026-09-23 18:14:00.000,2026-09-24 05:00:00.000
MATRIZ,2026-09-23,2026-09-23,SACOLAO PRISCILA,"7122301","000-7122301",7,7,0,DJB5C58,DJB5C58E1,68,MISTO,"22",E1,"1",Felipe Rogerio Estevam Da Silva ,"2026-09-24 01:12:31","2026-09-24 01:28:21",15.83,Wallace Christian Gomes Esteves   ,"2026-09-24 03:51:57","2026-09-24 03:51:59",Nordires Vieira Dos Santos,"2026-09-24 02:16:34",2026-09-23 18:14:00.000,2026-09-24 05:00:00.000
MATRIZ,2026-09-23,2026-09-23,WILSON SOUZA DIAS,"7192301","000-7192301",9,7,2,KZX0905,KZX0905E1,50,COMPLETO,,E1,"5",,,,,Wallace Christian Gomes Esteves   ,"2026-09-24 04:11:03","2026-09-24 04:11:06",Maxmiler Fernandes Silva,"2026-09-24 04:00:09",2026-09-23 18:14:00.000,2026-09-24 05:00:00.000
MATRIZ,2026-09-23,2026-09-23,WILSON SOUZA DIAS,"7192301","000-7192301",9,7,2,KZX0905,KZX0905D3,115,MISTO,"41",D3,"5",Gianmiller Moraes,"2026-09-24 02:55:34","2026-09-24 03:54:57",59.38,Wallace Christian Gomes Esteves   ,"2026-09-24 04:11:51","2026-09-24 04:11:53",Maxmiler Fernandes Silva,"2026-09-24 04:11:44",2026-09-23 18:14:00.000,2026-09-24 05:00:00.000
MATRIZ,2026-09-23,2026-09-23,WILSON SOUZA DIAS,"7192301","000-7192301",9,7,2,KZX0905,KZX0905D4,22,MISTO,"24",D4,"5",Felipe Rogerio Estevam Da Silva ,"2026-09-24 03:13:54","2026-09-24 03:21:03",7.15,Wallace Christian Gomes Esteves   ,"2026-09-24 04:09:33","2026-09-24 04:09:36",Maxmiler Fernandes Silva,"2026-09-24 04:02:34",2026-09-23 18:14:00.000,2026-09-24 05:00:00.000
MATRIZ,2026-09-23,2026-09-23,WILSON SOUZA DIAS,"7192301","000-7192301",9,7,2,KZX0905,KZX0905D1,50,COMPLETO,,D1,"5",,,,,Wallace Christian Gomes Esteves   ,"2026-09-24 04:09:49","2026-09-24 04:09:52",Maxmiler Fernandes Silva,"2026-09-24 04:00:13",2026-09-23 18:14:00.000,2026-09-24 05:00:00.000
MATRIZ,2026-09-23,2026-09-23,WILSON SOUZA DIAS,"7192301","000-7192301",9,7,2,KZX0905,KZX0905E2,80,MISTO,"44",E2,"5",Marcos Vinicio Alves Pessoa,"2026-09-24 02:50:15","2026-09-24 03:11:49",21.57,Wallace Christian Gomes Esteves   ,"2026-09-24 04:09:41","2026-09-24 04:09:45",Maxmiler Fernandes Silva,"2026-09-24 04:05:06",2026-09-23 18:14:00.000,2026-09-24 05:00:00.000
MATRIZ,2026-09-23,2026-09-23,WILSON SOUZA DIAS,"7192301","000-7192301",9,7,2,KZX0905,KZX0905E3,15,MISTO,"25",E3,"5",Marcos Vinicio Alves Pessoa,"2026-09-24 03:16:02","2026-09-24 03:40:00",23.97,Wallace Christian Gomes Esteves   ,"2026-09-24 04:10:58","2026-09-24 04:11:00",Maxmiler Fernandes Silva,"2026-09-24 04:01:48",2026-09-23 18:14:00.000,2026-09-24 05:00:00.000
MATRIZ,2026-09-23,2026-09-23,WILSON SOUZA DIAS,"7192301","000-7192301",9,7,2,KZX0905,KZX0905D2,49,MISTO,"1",D2,"5",Leonardo Caetano Rodrigues,"2026-09-24 03:07:11","2026-09-24 03:16:47",9.60,Wallace Christian Gomes Esteves   ,"2026-09-24 04:10:27","2026-09-24 04:10:32",Maxmiler Fernandes Silva,"2026-09-24 04:04:01",2026-09-23 18:14:00.000,2026-09-24 05:00:00.000
MATRIZ,2026-09-23,2026-09-23,WILSON SOUZA DIAS,"7192301","000-7192301",9,7,2,KZX0905,KZX0905E4,169,MISTO,"39",E4,"5",Leonardo Caetano Rodrigues,"2026-09-24 02:42:35","2026-09-24 03:06:02",23.45,Wallace Christian Gomes Esteves   ,"2026-09-24 04:09:56","2026-09-24 04:09:58",Maxmiler Fernandes Silva,"2026-09-24 04:05:10",2026-09-23 18:14:00.000,2026-09-24 05:00:00.000
MATRIZ,2026-09-23,2026-09-23,BAR MATOS,"7252301","000-7252301",11,9,2,TCL0I17,TCL0I17E3,94,MISTO,"258",E3,"3",Natan Silva Medeiros Júnior,"2026-09-23 21:04:33","2026-09-23 21:24:34",20.02,Wallace Christian Gomes Esteves   ,"2026-09-23 22:30:52","2026-09-23 22:30:54",Maxmiler Fernandes Silva,"2026-09-23 22:21:28",2026-09-23 18:14:00.000,2026-09-24 05:00:00.000
MATRIZ,2026-09-23,2026-09-23,BAR MATOS,"7252301","000-7252301",11,9,2,TCL0I17,TCL0I17E4,136,MISTO,"251",E4,"3",Leonardo Caetano Rodrigues,"2026-09-23 21:03:19","2026-09-23 21:22:30",19.18,Wallace Christian Gomes Esteves   ,"2026-09-23 22:30:33","2026-09-23 22:30:35",Maxmiler Fernandes Silva,"2026-09-23 22:21:39",2026-09-23 18:14:00.000,2026-09-24 05:00:00.000
MATRIZ,2026-09-23,2026-09-23,BAR MATOS,"7252301","000-7252301",11,9,2,TCL0I17,TCL0I17E2,26,MISTO,"250",E2,"3",Marcos Vinicio Alves Pessoa,"2026-09-23 21:12:00","2026-09-23 21:18:30",6.50,Wallace Christian Gomes Esteves   ,"2026-09-23 22:31:10","2026-09-23 22:32:07",Maxmiler Fernandes Silva,"2026-09-23 22:28:42",2026-09-23 18:14:00.000,2026-09-24 05:00:00.000
MATRIZ,2026-09-23,2026-09-23,BAR MATOS,"7252301","000-7252301",11,9,2,TCL0I17,TCL0I17E5,44,MISTO,"252",E5,"3",Felipe Rogerio Estevam Da Silva ,"2026-09-23 21:08:59","2026-09-23 21:19:40",10.68,Wallace Christian Gomes Esteves   ,"2026-09-23 22:30:46","2026-09-23 22:30:49",Maxmiler Fernandes Silva,"2026-09-23 22:25:58",2026-09-23 18:14:00.000,2026-09-24 05:00:00.000
MATRIZ,2026-09-23,2026-09-23,BAR MATOS,"7252301","000-7252301",11,9,2,TCL0I17,TCL0I17D1,75,COMPLETO,,D1,"3",,,,,Wallace Christian Gomes Esteves   ,"2026-09-23 22:31:04","2026-09-23 22:31:06",Maxmiler Fernandes Silva,"2026-09-23 22:17:51",2026-09-23 18:14:00.000,2026-09-24 05:00:00.000
MATRIZ,2026-09-23,2026-09-23,BAR MATOS,"7252301","000-7252301",11,9,2,TCL0I17,TCL0I17D5,14,MISTO,"259",D5,"3",Freelancer 02,"2026-09-23 21:16:51","2026-09-23 21:29:01",12.17,Wallace Christian Gomes Esteves   ,"2026-09-23 22:29:49","2026-09-23 22:29:51",Maxmiler Fernandes Silva,"2026-09-23 22:28:46",2026-09-23 18:14:00.000,2026-09-24 05:00:00.000
MATRIZ,2026-09-23,2026-09-23,BAR MATOS,"7252301","000-7252301",11,9,2,TCL0I17,TCL0I17E1,75,COMPLETO,,E1,"3",,,,,Wallace Christian Gomes Esteves   ,"2026-09-23 22:30:06","2026-09-23 22:30:09",Maxmiler Fernandes Silva,"2026-09-23 22:16:17",2026-09-23 18:14:00.000,2026-09-24 05:00:00.000
MATRIZ,2026-09-23,2026-09-23,BAR MATOS,"7252301","000-7252301",11,9,2,TCL0I17,TCL0I17D4,99,MISTO,"245",D4,"3",Adilson José Gonçalves,"2026-09-23 21:03:19","2026-09-23 21:20:27",17.13,Wallace Christian Gomes Esteves   ,"2026-09-23 22:29:54","2026-09-23 22:29:56",Maxmiler Fernandes Silva,"2026-09-23 22:28:35",2026-09-23 18:14:00.000,2026-09-24 05:00:00.000
MATRIZ,2026-09-23,2026-09-23,BAR MATOS,"7252301","000-7252301",11,9,2,TCL0I17,TCL0I17D3,78,MISTO,"256",D3,"3",Freelancer 01,"2026-09-23 21:05:53","2026-09-23 21:21:33",15.67,Wallace Christian Gomes Esteves   ,"2026-09-23 22:30:18","2026-09-23 22:30:20",Maxmiler Fernandes Silva,"2026-09-23 22:25:09",2026-09-23 18:14:00.000,2026-09-24 05:00:00.000
MATRIZ,2026-09-23,2026-09-23,BAR MATOS,"7252301","000-7252301",11,9,2,TCL0I17,TCL0I17D2,78,MISTO,"254",D2,"3",Paulo Rozani Lopes Da Silva,"2026-09-23 21:09:39","2026-09-23 21:43:59",34.33,Wallace Christian Gomes Esteves   ,"2026-09-23 22:30:13","2026-09-23 22:30:15",Maxmiler Fernandes Silva,"2026-09-23 22:19:47",2026-09-23 18:14:00.000,2026-09-24 05:00:00.000
MATRIZ,2026-09-23,2026-09-23,SUPERMERCADO BONIFACIO,"7292301","000-7292301",13,12,1,OWV5H27,OWV5H27D1,75,COMPLETO,,D1,"1",,,,,Wallace Christian Gomes Esteves   ,"2026-09-23 23:05:19","2026-09-23 23:05:21",Maxmiler Fernandes Silva,"2026-09-23 22:32:14",2026-09-23 18:14:00.000,2026-09-24 05:00:00.000
MATRIZ,2026-09-23,2026-09-23,SUPERMERCADO BONIFACIO,"7292301","000-7292301",13,12,1,OWV5H27,OWV5H27E5,24,MISTO,"38",E5,"1",Leonardo Caetano Rodrigues,"2026-09-23 22:11:12","2026-09-23 22:21:58",10.77,Wallace Christian Gomes Esteves   ,"2026-09-23 23:05:10","2026-09-23 23:05:12",Maxmiler Fernandes Silva,"2026-09-23 22:42:42",2026-09-23 18:14:00.000,2026-09-24 05:00:00.000
MATRIZ,2026-09-23,2026-09-23,SUPERMERCADO BONIFACIO,"7292301","000-7292301",13,12,1,OWV5H27,OWV5H27E3,150,MISTO,"44",E3,"1",Paulo Rozani Lopes Da Silva,"2026-09-23 21:46:42","2026-09-23 22:15:57",29.25,Wallace Christian Gomes Esteves   ,"2026-09-23 23:04:38","2026-09-23 23:04:41",Nordires Vieira Dos Santos,"2026-09-23 22:46:17",2026-09-23 18:14:00.000,2026-09-24 05:00:00.000
MATRIZ,2026-09-23,2026-09-23,SUPERMERCADO BONIFACIO,"7292301","000-7292301",13,12,1,OWV5H27,OWV5H27E4,74,MISTO,"43",E4,"1",Natan Silva Medeiros Júnior,"2026-09-23 21:47:37","2026-09-23 21:56:17",8.67,Wallace Christian Gomes Esteves   ,"2026-09-23 23:04:10","2026-09-23 23:04:12",Nordires Vieira Dos Santos,"2026-09-23 22:51:43",2026-09-23 18:14:00.000,2026-09-24 05:00:00.000
MATRIZ,2026-09-23,2026-09-23,SUPERMERCADO BONIFACIO,"7292301","000-7292301",13,12,1,OWV5H27,OWV5H27D2,51,MISTO,"40",D2,"1",Freelancer 02,"2026-09-23 21:58:11","2026-09-23 22:16:01",17.83,Wallace Christian Gomes Esteves   ,"2026-09-23 23:04:24","2026-09-23 23:04:26",Maxmiler Fernandes Silva,"2026-09-23 22:46:33",2026-09-23 18:14:00.000,2026-09-24 05:00:00.000
MATRIZ,2026-09-23,2026-09-23,SUPERMERCADO BONIFACIO,"7292301","000-7292301",13,12,1,OWV5H27,OWV5H27E1,180,MISTO,"45",E1,"1",Adilson José Gonçalves,"2026-09-23 21:41:32","2026-09-23 22:04:26",22.90,Wallace Christian Gomes Esteves   ,"2026-09-23 23:03:58","2026-09-23 23:04:02",Maxmiler Fernandes Silva,"2026-09-23 22:51:56",2026-09-23 18:14:00.000,2026-09-24 05:00:00.000
MATRIZ,2026-09-23,2026-09-23,SUPERMERCADO BONIFACIO,"7292301","000-7292301",13,12,1,OWV5H27,OWV5H27D3,30,MISTO,"39",D3,"1",Natan Silva Medeiros Júnior,"2026-09-23 22:01:01","2026-09-23 22:04:02",3.02,Wallace Christian Gomes Esteves   ,"2026-09-23 23:04:54","2026-09-23 23:04:56",Nordires Vieira Dos Santos,"2026-09-23 22:48:06",2026-09-23 18:14:00.000,2026-09-24 05:00:00.000
MATRIZ,2026-09-23,2026-09-23,SUPERMERCADO BONIFACIO,"7292301","000-7292301",13,12,1,OWV5H27,OWV5H27E2,169,MISTO,"49",E2,"1",Gianmiller Moraes,"2026-09-23 21:42:33","2026-09-23 22:16:28",33.92,Wallace Christian Gomes Esteves   ,"2026-09-23 23:04:17","2026-09-23 23:04:19",Nordires Vieira Dos Santos,"2026-09-23 22:43:41",2026-09-23 18:14:00.000,2026-09-24 05:00:00.000
MATRIZ,2026-09-23,2026-09-23,SUPERMERCADO BONIFACIO,"7292301","000-7292301",13,12,1,OWV5H27,OWV5H27D6,52,MISTO,"41",D6,"1",Felipe Rogerio Estevam Da Silva ,"2026-09-23 21:56:56","2026-09-23 22:11:17",14.35,Wallace Christian Gomes Esteves   ,"2026-09-23 23:04:47","2026-09-23 23:04:49",Maxmiler Fernandes Silva,"2026-09-23 22:46:13",2026-09-23 18:14:00.000,2026-09-24 05:00:00.000
MATRIZ,2026-09-23,2026-09-23,SUPERMERCADO BONIFACIO,"7292301","000-7292301",13,12,1,OWV5H27,OWV5H27D5,10,MISTO,"37",D5,"1",Adilson José Gonçalves,"2026-09-23 22:05:17","2026-09-23 22:07:57",2.67,Wallace Christian Gomes Esteves   ,"2026-09-23 23:04:32","2026-09-23 23:04:34",Maxmiler Fernandes Silva,"2026-09-23 22:47:44",2026-09-23 18:14:00.000,2026-09-24 05:00:00.000
MATRIZ,2026-09-23,2026-09-23,SUPERMERCADO BONIFACIO,"7292301","000-7292301",13,12,1,OWV5H27,OWV5H27E6,3,MISTO,"35",E6,"1",Freelancer 01,"2026-09-23 22:07:00","2026-09-23 22:09:42",2.70,Wallace Christian Gomes Esteves   ,"2026-09-23 23:07:38","2026-09-23 23:07:41",Nordires Vieira Dos Santos,"2026-09-23 22:47:19",2026-09-23 18:14:00.000,2026-09-24 05:00:00.000
MATRIZ,2026-09-23,2026-09-23,SUPERMERCADO BONIFACIO,"7292301","000-7292301",13,12,1,OWV5H27,OWV5H27D4,64,MISTO,"42",D4,"1",Freelancer 01,"2026-09-23 21:50:51","2026-09-23 22:04:58",14.12,Wallace Christian Gomes Esteves   ,"2026-09-23 23:05:03","2026-09-23 23:05:05",Maxmiler Fernandes Silva,"2026-09-23 22:49:02",2026-09-23 18:14:00.000,2026-09-24 05:00:00.000
MATRIZ,2026-09-23,2026-09-23,BAR DA MARILENE,"7372301","000-7372301",7,7,0,KKJ5170,KKJ5170E1,57,MISTO,"27",E1,"4",Natan Silva Medeiros Júnior,"2026-09-24 03:19:46","2026-09-24 03:39:53",20.12,Wallace Christian Gomes Esteves   ,"2026-09-24 04:32:49","2026-09-24 04:32:53",Maxmiler Fernandes Silva,"2026-09-24 04:16:24",2026-09-23 18:14:00.000,2026-09-24 05:00:00.000
MATRIZ,2026-09-23,2026-09-23,BAR DA MARILENE,"7372301","000-7372301",7,7,0,KKJ5170,KKJ5170D2,51,MISTO,"28",D2,"4",Felipe Rogerio Estevam Da Silva ,"2026-09-24 03:21:52","2026-09-24 03:41:32",19.67,Wallace Christian Gomes Esteves   ,"2026-09-24 04:32:43","2026-09-24 04:32:45",Maxmiler Fernandes Silva,"2026-09-24 04:13:57",2026-09-23 18:14:00.000,2026-09-24 05:00:00.000
MATRIZ,2026-09-23,2026-09-23,BAR DA MARILENE,"7372301","000-7372301",7,7,0,KKJ5170,KKJ5170D1,41,MISTO,"9",D1,"4",Pedro Lucas Procópio dos Santos,"2026-09-24 03:46:26","2026-09-24 04:08:52",22.43,Wallace Christian Gomes Esteves   ,"2026-09-24 04:33:13","2026-09-24 04:33:15",Maxmiler Fernandes Silva,"2026-09-24 04:18:45",2026-09-23 18:14:00.000,2026-09-24 05:00:00.000
MATRIZ,2026-09-23,2026-09-23,BAR DA MARILENE,"7372301","000-7372301",7,7,0,KKJ5170,KKJ5170E2,154,MISTO,"48",E2,"4",Leonardo Caetano Rodrigues,"2026-09-24 03:17:18","2026-09-24 03:40:56",23.63,Wallace Christian Gomes Esteves   ,"2026-09-24 04:32:56","2026-09-24 04:32:58",Maxmiler Fernandes Silva,"2026-09-24 04:31:32",2026-09-23 18:14:00.000,2026-09-24 05:00:00.000
MATRIZ,2026-09-23,2026-09-23,BAR DA MARILENE,"7372301","000-7372301",7,7,0,KKJ5170,KKJ5170E3,47,MISTO,"45",E3,"4",Pedro Lucas Procópio dos Santos,"2026-09-24 03:27:08","2026-09-24 03:42:48",15.67,Wallace Christian Gomes Esteves   ,"2026-09-24 04:33:26","2026-09-24 04:33:28",Maxmiler Fernandes Silva,"2026-09-24 04:26:58",2026-09-23 18:14:00.000,2026-09-24 05:00:00.000
MATRIZ,2026-09-23,2026-09-23,BAR DA MARILENE,"7372301","000-7372301",7,7,0,KKJ5170,KKJ5170D3,39,MISTO,"13",D3,"4",Leonardo Caetano Rodrigues,"2026-09-24 03:42:19","2026-09-24 03:51:36",9.28,Wallace Christian Gomes Esteves   ,"2026-09-24 04:33:19","2026-09-24 04:33:21",Maxmiler Fernandes Silva,"2026-09-24 04:12:20",2026-09-23 18:14:00.000,2026-09-24 05:00:00.000
MATRIZ,2026-09-23,2026-09-23,DAVINO SABINO,"7332301","000-7332301",16,3,13,TCK2E57,TCK2E57E5,75,COMPLETO,,E5,"2",,,,,Alexsander Campos Silva,"2026-09-24 03:43:08","2026-09-24 03:43:11",Nordires Vieira Dos Santos,"2026-09-24 03:35:20",2026-09-23 18:14:00.000,2026-09-24 05:00:00.000
MATRIZ,2026-09-23,2026-09-23,DAVINO SABINO,"7332301","000-7332301",16,3,13,TCK2E57,TCK2E57D7,308,MISTO,"13",D7,"2",Felipe Rogerio Estevam Da Silva ,"2026-09-24 01:40:43","2026-09-24 01:46:25",5.70,Alexsander Campos Silva,"2026-09-24 03:41:30","2026-09-24 03:41:38",Nordires Vieira Dos Santos,"2026-09-24 03:03:14",2026-09-23 18:14:00.000,2026-09-24 05:00:00.000
MATRIZ,2026-09-23,2026-09-23,DAVINO SABINO,"7332301","000-7332301",16,3,13,TCK2E57,TCK2E57D8,75,COMPLETO,,D8,"2",,,,,Alexsander Campos Silva,"2026-09-24 03:41:41","2026-09-24 03:42:36",Nordires Vieira Dos Santos,"2026-09-24 03:08:15",2026-09-23 18:14:00.000,2026-09-24 05:00:00.000
MATRIZ,2026-09-23,2026-09-23,DAVINO SABINO,"7332301","000-7332301",16,3,13,TCK2E57,TCK2E57E6,75,COMPLETO,,E6,"2",,,,,Alexsander Campos Silva,"2026-09-24 03:42:40","2026-09-24 03:42:44",Nordires Vieira Dos Santos,"2026-09-24 03:35:12",2026-09-23 18:14:00.000,2026-09-24 05:00:00.000
MATRIZ,2026-09-23,2026-09-23,DAVINO SABINO,"7332301","000-7332301",16,3,13,TCK2E57,TCK2E57D6,75,COMPLETO,,D6,"2",,,,,Alexsander Campos Silva,"2026-09-24 03:43:00","2026-09-24 03:43:03",Nordires Vieira Dos Santos,"2026-09-24 03:35:16",2026-09-23 18:14:00.000,2026-09-24 05:00:00.000
MATRIZ,2026-09-23,2026-09-23,DAVINO SABINO,"7332301","000-7332301",16,3,13,TCK2E57,TCK2E57D5,75,COMPLETO,,D5,"2",,,,,Alexsander Campos Silva,"2026-09-24 03:43:14","2026-09-24 03:43:18",Nordires Vieira Dos Santos,"2026-09-24 03:35:24",2026-09-23 18:14:00.000,2026-09-24 05:00:00.000
MATRIZ,2026-09-23,2026-09-23,DAVINO SABINO,"7332301","000-7332301",16,3,13,TCK2E57,TCK2E57E4,75,COMPLETO,,E4,"2",,,,,Alexsander Campos Silva,"2026-09-24 03:43:26","2026-09-24 03:43:29",Nordires Vieira Dos Santos,"2026-09-24 03:35:27",2026-09-23 18:14:00.000,2026-09-24 05:00:00.000
MATRIZ,2026-09-23,2026-09-23,DAVINO SABINO,"7332301","000-7332301",16,3,13,TCK2E57,TCK2E57D4,75,COMPLETO,,D4,"2",,,,,Alexsander Campos Silva,"2026-09-24 03:43:34","2026-09-24 03:43:37",Nordires Vieira Dos Santos,"2026-09-24 03:35:31",2026-09-23 18:14:00.000,2026-09-24 05:00:00.000
MATRIZ,2026-09-23,2026-09-23,DAVINO SABINO,"7332301","000-7332301",16,3,13,TCK2E57,TCK2E57E3,75,COMPLETO,,E3,"2",,,,,Alexsander Campos Silva,"2026-09-24 03:43:48","2026-09-24 03:43:51",Nordires Vieira Dos Santos,"2026-09-24 03:35:34",2026-09-23 18:14:00.000,2026-09-24 05:00:00.000
MATRIZ,2026-09-23,2026-09-23,DAVINO SABINO,"7332301","000-7332301",16,3,13,TCK2E57,TCK2E57D3,75,COMPLETO,,D3,"2",,,,,Alexsander Campos Silva,"2026-09-24 03:44:06","2026-09-24 03:44:10",Nordires Vieira Dos Santos,"2026-09-24 03:35:38",2026-09-23 18:14:00.000,2026-09-24 05:00:00.000
MATRIZ,2026-09-23,2026-09-23,DAVINO SABINO,"7332301","000-7332301",16,3,13,TCK2E57,TCK2E57E2,75,COMPLETO,,E2,"2",,,,,Alexsander Campos Silva,"2026-09-24 03:44:15","2026-09-24 03:44:18",Nordires Vieira Dos Santos,"2026-09-24 03:35:41",2026-09-23 18:14:00.000,2026-09-24 05:00:00.000
MATRIZ,2026-09-23,2026-09-23,DAVINO SABINO,"7332301","000-7332301",16,3,13,TCK2E57,TCK2E57D2,75,COMPLETO,,D2,"2",,,,,Alexsander Campos Silva,"2026-09-24 03:44:22","2026-09-24 03:44:24",Nordires Vieira Dos Santos,"2026-09-24 03:35:45",2026-09-23 18:14:00.000,2026-09-24 05:00:00.000
MATRIZ,2026-09-23,2026-09-23,DAVINO SABINO,"7332301","000-7332301",16,3,13,TCK2E57,TCK2E57E8,437,MISTO,"5",E8,"2",Natan Silva Medeiros Júnior,"2026-09-24 01:38:48","2026-09-24 03:17:29",98.68,Alexsander Campos Silva,"2026-09-24 03:41:02","2026-09-24 03:41:14",Nordires Vieira Dos Santos,"2026-09-24 03:35:56",2026-09-23 18:14:00.000,2026-09-24 05:00:00.000
MATRIZ,2026-09-23,2026-09-23,DAVINO SABINO,"7332301","000-7332301",16,3,13,TCK2E57,TCK2E57E7,308,MISTO,"26",E7,"2",Leonardo Caetano Rodrigues,"2026-09-24 01:42:36","2026-09-24 01:46:13",3.62,Alexsander Campos Silva,"2026-09-24 03:41:20","2026-09-24 03:41:26",Nordires Vieira Dos Santos,"2026-09-24 03:03:01",2026-09-23 18:14:00.000,2026-09-24 05:00:00.000
MATRIZ,2026-09-23,2026-09-23,DAVINO SABINO,"7332301","000-7332301",16,3,13,TCK2E57,TCK2E57D1,75,COMPLETO,,D1,"2",,,,,Alexsander Campos Silva,"2026-09-24 03:42:51","2026-09-24 03:42:53",Nordires Vieira Dos Santos,"2026-09-24 03:35:53",2026-09-23 18:14:00.000,2026-09-24 05:00:00.000
MATRIZ,2026-09-23,2026-09-23,DAVINO SABINO,"7332301","000-7332301",16,3,13,TCK2E57,TCK2E57E1,75,COMPLETO,,E1,"2",,,,,Alexsander Campos Silva,"2026-09-24 03:43:56","2026-09-24 03:44:00",Nordires Vieira Dos Santos,"2026-09-24 03:35:48",2026-09-23 18:14:00.000,2026-09-24 05:00:00.000
MATRIZ,2026-09-23,2026-09-23,MERCEARIA MENEZES,"7142301","000-7142301",7,7,0,HAI2518,HAI2518E3,249,MISTO,"15",E3,"6",Leonardo Caetano Rodrigues,"2026-09-24 01:10:26","2026-09-24 01:41:32",31.10,Wallace Christian Gomes Esteves   ,"2026-09-24 03:53:52","2026-09-24 03:53:54",Maxmiler Fernandes Silva,"2026-09-24 03:34:30",2026-09-23 18:14:00.000,2026-09-24 05:00:00.000
MATRIZ,2026-09-23,2026-09-23,MERCEARIA MENEZES,"7142301","000-7142301",7,7,0,HAI2518,HAI2518D1,40,MISTO,"16",D1,"6",Marcos Vinicio Alves Pessoa,"2026-09-24 01:50:27","2026-09-24 01:55:50",5.38,Wallace Christian Gomes Esteves   ,"2026-09-24 03:54:05","2026-09-24 03:54:07",Maxmiler Fernandes Silva,"2026-09-24 03:33:35",2026-09-23 18:14:00.000,2026-09-24 05:00:00.000
MATRIZ,2026-09-23,2026-09-23,MERCEARIA MENEZES,"7142301","000-7142301",7,7,0,HAI2518,HAI2518E2,78,MISTO,"18",E2,"6",Felipe Rogerio Estevam Da Silva ,"2026-09-24 01:46:59","2026-09-24 02:00:59",14.00,Wallace Christian Gomes Esteves   ,"2026-09-24 03:53:39","2026-09-24 03:53:41",Maxmiler Fernandes Silva,"2026-09-24 03:35:29",2026-09-23 18:14:00.000,2026-09-24 05:00:00.000
MATRIZ,2026-09-23,2026-09-23,MERCEARIA MENEZES,"7142301","000-7142301",7,7,0,HAI2518,HAI2518D2,39,MISTO,"20",D2,"6",Leonardo Caetano Rodrigues,"2026-09-24 01:57:38","2026-09-24 02:03:08",5.50,Wallace Christian Gomes Esteves   ,"2026-09-24 03:54:11","2026-09-24 03:54:15",Maxmiler Fernandes Silva,"2026-09-24 03:32:46",2026-09-23 18:14:00.000,2026-09-24 05:00:00.000
MATRIZ,2026-09-23,2026-09-23,MERCEARIA MENEZES,"7142301","000-7142301",7,7,0,HAI2518,HAI2518E1,64,MISTO,"49",E1,"6",Gianmiller Moraes,"2026-09-24 01:48:03","2026-09-24 02:26:34",38.52,Wallace Christian Gomes Esteves   ,"2026-09-24 03:53:45","2026-09-24 03:53:48",Maxmiler Fernandes Silva,"2026-09-24 03:22:14",2026-09-23 18:14:00.000,2026-09-24 05:00:00.000
MATRIZ,2026-09-23,2026-09-23,MERCEARIA MENEZES,"7142301","000-7142301",7,7,0,HAI2518,HAI2518D3,29,MISTO,"43",D3,"6",Freelancer 01,"2026-09-24 01:55:43","2026-09-24 02:07:10",11.45,Wallace Christian Gomes Esteves   ,"2026-09-24 03:54:20","2026-09-24 03:54:22",Maxmiler Fernandes Silva,"2026-09-24 03:32:42",2026-09-23 18:14:00.000,2026-09-24 05:00:00.000
MATRIZ,2026-09-23,2026-09-23,GLITZ ESPACO FASHION,"7152301","000-7152301",7,7,0,MQU8E71,MQU8E71E2,165,MISTO,"4",E2,"7",Felipe Rogerio Estevam Da Silva ,"2026-09-24 02:01:24","2026-09-24 02:28:37",27.22,Wallace Christian Gomes Esteves   ,"2026-09-24 03:53:06","2026-09-24 03:53:10",Maxmiler Fernandes Silva,"2026-09-24 03:14:45",2026-09-23 18:14:00.000,2026-09-24 05:00:00.000
MATRIZ,2026-09-23,2026-09-23,GLITZ ESPACO FASHION,"7152301","000-7152301",7,7,0,MQU8E71,MQU8E71D3,34,MISTO,"37",D3,"7",Leonardo Caetano Rodrigues,"2026-09-24 02:28:33","2026-09-24 02:41:05",12.53,Wallace Christian Gomes Esteves   ,"2026-09-24 03:52:35","2026-09-24 03:52:37",Maxmiler Fernandes Silva,"2026-09-24 03:13:28",2026-09-23 18:14:00.000,2026-09-24 05:00:00.000
MATRIZ,2026-09-23,2026-09-23,GLITZ ESPACO FASHION,"7152301","000-7152301",7,7,0,MQU8E71,MQU8E71E1,60,MISTO,"17",E1,"7",Freelancer 01,"2026-09-24 02:10:50","2026-09-24 02:25:52",15.03,Wallace Christian Gomes Esteves   ,"2026-09-24 03:53:14","2026-09-24 03:53:19",Maxmiler Fernandes Silva,"2026-09-24 03:15:50",2026-09-23 18:14:00.000,2026-09-24 05:00:00.000
MATRIZ,2026-09-23,2026-09-23,GLITZ ESPACO FASHION,"7152301","000-7152301",7,7,0,MQU8E71,MQU8E71D1,40,MISTO,"51",D1,"7",Pedro Lucas Procópio dos Santos,"2026-09-24 02:15:30","2026-09-24 02:18:17",2.78,Wallace Christian Gomes Esteves   ,"2026-09-24 03:52:45","2026-09-24 03:52:50",Maxmiler Fernandes Silva,"2026-09-24 03:17:09",2026-09-23 18:14:00.000,2026-09-24 05:00:00.000
MATRIZ,2026-09-23,2026-09-23,GLITZ ESPACO FASHION,"7152301","000-7152301",7,7,0,MQU8E71,MQU8E71D2,223,MISTO,"19",D2,"7",Marcos Vinicio Alves Pessoa,"2026-09-24 01:56:31","2026-09-24 02:46:19",49.80,Wallace Christian Gomes Esteves   ,"2026-09-24 03:52:54","2026-09-24 03:53:03",Maxmiler Fernandes Silva,"2026-09-24 03:20:37",2026-09-23 18:14:00.000,2026-09-24 05:00:00.000
MATRIZ,2026-09-23,2026-09-23,GLITZ ESPACO FASHION,"7152301","000-7152301",7,7,0,MQU8E71,MQU8E71E3,144,MISTO,"6",E3,"7",Leonardo Caetano Rodrigues,"2026-09-24 02:06:52","2026-09-24 02:24:54",18.03,Wallace Christian Gomes Esteves   ,"2026-09-24 03:53:26","2026-09-24 03:53:28",Maxmiler Fernandes Silva,"2026-09-24 03:16:07",2026-09-23 18:14:00.000,2026-09-24 05:00:00.000
MATRIZ,2026-09-23,2026-09-23,GRELHADOS,"7382301","000-7382301",7,7,0,KKJ5250,KKJ5250D3,66,MISTO,"8",D3,"3",Leonardo Caetano Rodrigues,"2026-09-24 03:51:57","2026-09-24 04:11:24",19.45,Wallace Christian Gomes Esteves   ,"2026-09-24 04:49:08","2026-09-24 04:49:11",Maxmiler Fernandes Silva,"2026-09-24 04:33:05",2026-09-23 18:14:00.000,2026-09-24 05:00:00.000
MATRIZ,2026-09-23,2026-09-23,GRELHADOS,"7382301","000-7382301",7,7,0,KKJ5250,KKJ5250E2,232,MISTO,"26",E2,"3",Marcos Vinicio Alves Pessoa,"2026-09-24 03:42:12","2026-09-24 04:50:59",68.78,Wallace Christian Gomes Esteves   ,"2026-09-24 05:04:36","2026-09-24 05:04:40",Maxmiler Fernandes Silva,"2026-09-24 05:03:53",2026-09-23 18:14:00.000,2026-09-24 05:00:00.000
MATRIZ,2026-09-23,2026-09-23,GRELHADOS,"7382301","000-7382301",7,7,0,KKJ5250,KKJ5250D1,69,MISTO,"10",D1,"3",Natan Silva Medeiros Júnior,"2026-09-24 03:45:01","2026-09-24 03:59:15",14.23,Wallace Christian Gomes Esteves   ,"2026-09-24 04:49:20","2026-09-24 04:49:22",Maxmiler Fernandes Silva,"2026-09-24 04:19:44",2026-09-23 18:14:00.000,2026-09-24 05:00:00.000
MATRIZ,2026-09-23,2026-09-23,GRELHADOS,"7382301","000-7382301",7,7,0,KKJ5250,KKJ5250E3,68,MISTO,"34",E3,"3",Pedro Lucas Procópio dos Santos,"2026-09-24 04:18:11","2026-09-24 04:33:24",15.22,Wallace Christian Gomes Esteves   ,"2026-09-24 04:49:39","2026-09-24 04:49:41",Maxmiler Fernandes Silva,"2026-09-24 04:38:55",2026-09-23 18:14:00.000,2026-09-24 05:00:00.000
MATRIZ,2026-09-23,2026-09-23,GRELHADOS,"7382301","000-7382301",7,7,0,KKJ5250,KKJ5250D2,178,MISTO,"11",D2,"3",Felipe Rogerio Estevam Da Silva ,"2026-09-24 03:42:05","2026-09-24 04:16:28",34.38,Wallace Christian Gomes Esteves   ,"2026-09-24 04:49:47","2026-09-24 04:49:49",Maxmiler Fernandes Silva,"2026-09-24 04:45:30",2026-09-23 18:14:00.000,2026-09-24 05:00:00.000
MATRIZ,2026-09-23,2026-09-23,GRELHADOS,"7382301","000-7382301",7,7,0,KKJ5250,KKJ5250E1,40,MISTO,"14",E1,"3",Pedro Lucas Procópio dos Santos,"2026-09-24 04:38:35","2026-09-24 04:40:04",1.48,Wallace Christian Gomes Esteves   ,"2026-09-24 04:58:04","2026-09-24 04:58:06",Maxmiler Fernandes Silva,"2026-09-24 04:50:13",2026-09-23 18:14:00.000,2026-09-24 05:00:00.000
MATRIZ,2026-09-23,2026-09-23,SUPERMERCADO PAGA PO,"7322301","000-7322301",13,13,0,QXO9C83,QXO9C83E4,237,MISTO,"237",E4,"5",Marcos Vinicio Alves Pessoa,"2026-09-23 20:10:25","2026-09-23 21:10:37",60.20,Wallace Christian Gomes Esteves   ,"2026-09-23 21:35:12","2026-09-23 21:35:13",Maxmiler Fernandes Silva,"2026-09-23 21:25:49",2026-09-23 18:14:00.000,2026-09-24 05:00:00.000
MATRIZ,2026-09-23,2026-09-23,SUPERMERCADO PAGA PO,"7322301","000-7322301",13,13,0,QXO9C83,QXO9C83D1,308,MISTO,"235",D1,"5",Felipe Rogerio Estevam Da Silva ,"2026-09-23 20:09:36","2026-09-23 20:19:07",9.52,Wallace Christian Gomes Esteves   ,"2026-09-23 21:35:16","2026-09-23 21:35:19",Nordires Vieira Dos Santos,"2026-09-23 20:52:28",2026-09-23 18:14:00.000,2026-09-24 05:00:00.000
MATRIZ,2026-09-23,2026-09-23,SUPERMERCADO PAGA PO,"7322301","000-7322301",13,13,0,QXO9C83,QXO9C83E5,421,MISTO,"46",E5,"5",Freelancer 03,"2026-09-23 21:37:54","2026-09-23 22:07:46",29.87,Wallace Christian Gomes Esteves   ,"2026-09-23 22:22:51","2026-09-23 22:22:53",Maxmiler Fernandes Silva,"2026-09-23 22:22:40",2026-09-23 18:14:00.000,2026-09-24 05:00:00.000
MATRIZ,2026-09-23,2026-09-23,SUPERMERCADO PAGA PO,"7322301","000-7322301",13,13,0,QXO9C83,QXO9C83E3,429,MISTO,"233",E3,"5",Natan Silva Medeiros Júnior,"2026-09-23 20:10:24","2026-09-23 20:40:37",30.22,Wallace Christian Gomes Esteves   ,"2026-09-23 21:34:24","2026-09-23 21:34:26",Nordires Vieira Dos Santos,"2026-09-23 20:55:31",2026-09-23 18:14:00.000,2026-09-24 05:00:00.000
MATRIZ,2026-09-23,2026-09-23,SUPERMERCADO PAGA PO,"7322301","000-7322301",13,13,0,QXO9C83,QXO9C83D3,345,MISTO,"238",D3,"5",Adilson José Gonçalves,"2026-09-23 20:13:24","2026-09-23 20:43:12",29.80,Wallace Christian Gomes Esteves   ,"2026-09-23 21:34:29","2026-09-23 21:34:31",Nordires Vieira Dos Santos,"2026-09-23 20:54:44",2026-09-23 18:14:00.000,2026-09-24 05:00:00.000
MATRIZ,2026-09-23,2026-09-23,SUPERMERCADO PAGA PO,"7322301","000-7322301",13,13,0,QXO9C83,QXO9C83D5,198,MISTO,"239",D5,"5",Freelancer 02,"2026-09-23 20:10:49","2026-09-23 20:55:20",44.52,Wallace Christian Gomes Esteves   ,"2026-09-23 21:34:36","2026-09-23 21:34:38",Maxmiler Fernandes Silva,"2026-09-23 21:10:36",2026-09-23 18:14:00.000,2026-09-24 05:00:00.000
MATRIZ,2026-09-23,2026-09-23,SUPERMERCADO PAGA PO,"7322301","000-7322301",13,13,0,QXO9C83,QXO9C83E6,173,MISTO,"231",E6,"5",Gianmiller Moraes,"2026-09-23 20:12:16","2026-09-23 21:16:30",64.23,Wallace Christian Gomes Esteves   ,"2026-09-23 21:34:42","2026-09-23 21:34:44",Maxmiler Fernandes Silva,"2026-09-23 21:28:38",2026-09-23 18:14:00.000,2026-09-24 05:00:00.000
MATRIZ,2026-09-23,2026-09-23,SUPERMERCADO PAGA PO,"7322301","000-7322301",13,13,0,QXO9C83,QXO9C83D2,84,MISTO,"234",D2,"5",Paulo Rozani Lopes Da Silva,"2026-09-23 20:13:45","2026-09-23 20:40:28",26.72,Wallace Christian Gomes Esteves   ,"2026-09-23 21:35:54","2026-09-23 21:35:56",Nordires Vieira Dos Santos,"2026-09-23 20:56:29",2026-09-23 18:14:00.000,2026-09-24 05:00:00.000
MATRIZ,2026-09-23,2026-09-23,SUPERMERCADO PAGA PO,"7322301","000-7322301",13,13,0,QXO9C83,QXO9C83D6,70,MISTO,"248",D6,"5",Leonardo Caetano Rodrigues,"2026-09-23 20:22:51","2026-09-23 20:46:07",23.27,Wallace Christian Gomes Esteves   ,"2026-09-23 21:35:43","2026-09-23 21:35:48",Nordires Vieira Dos Santos,"2026-09-23 20:53:51",2026-09-23 18:14:00.000,2026-09-24 05:00:00.000
MATRIZ,2026-09-23,2026-09-23,SUPERMERCADO PAGA PO,"7322301","000-7322301",13,13,0,QXO9C83,QXO9C83D4,50,MISTO,"230",D4,"5",Freelancer 01,"2026-09-23 20:21:11","2026-09-23 20:31:55",10.73,Wallace Christian Gomes Esteves   ,"2026-09-23 21:36:02","2026-09-23 21:36:05",Nordires Vieira Dos Santos,"2026-09-23 20:57:36",2026-09-23 18:14:00.000,2026-09-24 05:00:00.000
MATRIZ,2026-09-23,2026-09-23,SUPERMERCADO PAGA PO,"7322301","000-7322301",13,13,0,QXO9C83,QXO9C83E1,84,MISTO,"232",E1,"5",Felipe Rogerio Estevam Da Silva ,"2026-09-23 20:19:32","2026-09-23 20:27:20",7.80,Wallace Christian Gomes Esteves   ,"2026-09-23 21:36:11","2026-09-23 21:36:19",Nordires Vieira Dos Santos,"2026-09-23 20:58:43",2026-09-23 18:14:00.000,2026-09-24 05:00:00.000
MATRIZ,2026-09-23,2026-09-23,SUPERMERCADO PAGA PO,"7322301","000-7322301",13,13,0,QXO9C83,QXO9C83E2,84,MISTO,"236",E2,"5",Leonardo Caetano Rodrigues,"2026-09-23 20:13:00","2026-09-23 20:20:09",7.15,Wallace Christian Gomes Esteves   ,"2026-09-23 21:37:06","2026-09-23 21:37:08",Nordires Vieira Dos Santos,"2026-09-23 20:59:48",2026-09-23 18:14:00.000,2026-09-24 05:00:00.000
MATRIZ,2026-09-23,2026-09-23,MERCEARIA DO BINA,"7272301","000-7272301",11,11,0,JJB9B08,TCX9E62E4,221,MISTO,"220",E4,"2",Marcos Vinicio Alves Pessoa,"2026-09-23 21:23:32","2026-09-23 22:50:09",86.62,Alexsander Campos Silva,"2026-09-24 02:09:59","2026-09-24 02:10:03",Maxmiler Fernandes Silva,"2026-09-23 23:08:20",2026-09-23 18:14:00.000,2026-09-24 05:00:00.000
MATRIZ,2026-09-23,2026-09-23,MERCEARIA DO BINA,"7272301","000-7272301",11,11,0,JJB9B08,TCX9E62D5,35,MISTO,"47",D5,"2",Freelancer 01,"2026-09-23 21:36:34","2026-09-23 21:49:59",13.42,Alexsander Campos Silva,"2026-09-24 02:10:34","2026-09-24 02:10:36",Maxmiler Fernandes Silva,"2026-09-23 23:00:58",2026-09-23 18:14:00.000,2026-09-24 05:00:00.000
MATRIZ,2026-09-23,2026-09-23,MERCEARIA DO BINA,"7272301","000-7272301",11,11,0,JJB9B08,TCX9E62D3,78,MISTO,"48",D3,"2",Freelancer 02,"2026-09-23 21:33:38","2026-09-23 21:57:54",24.27,Alexsander Campos Silva,"2026-09-24 02:10:29","2026-09-24 02:10:31",Maxmiler Fernandes Silva,"2026-09-23 23:00:11",2026-09-23 18:14:00.000,2026-09-24 05:00:00.000
MATRIZ,2026-09-23,2026-09-23,MERCEARIA DO BINA,"7272301","000-7272301",11,11,0,JJB9B08,TCX9E62D1,242,MISTO,"253",D1,"2",Freelancer 01,"2026-09-23 21:23:06","2026-09-23 21:36:02",12.93,Alexsander Campos Silva,"2026-09-24 02:09:55","2026-09-24 02:09:57",Maxmiler Fernandes Silva,"2026-09-23 23:04:06",2026-09-23 18:14:00.000,2026-09-24 05:00:00.000
MATRIZ,2026-09-23,2026-09-23,MERCEARIA DO BINA,"7272301","000-7272301",11,11,0,JJB9B08,TCX9E62E1,242,MISTO,"255",E1,"2",Adilson José Gonçalves,"2026-09-23 21:21:46","2026-09-23 21:41:04",19.30,Alexsander Campos Silva,"2026-09-24 02:09:49","2026-09-24 02:09:52",Maxmiler Fernandes Silva,"2026-09-23 23:04:43",2026-09-23 18:14:00.000,2026-09-24 05:00:00.000
MATRIZ,2026-09-23,2026-09-23,MERCEARIA DO BINA,"7272301","000-7272301",11,11,0,JJB9B08,TCX9E62D4,380,MISTO,"257",D4,"2",Felipe Rogerio Estevam Da Silva ,"2026-09-23 21:20:12","2026-09-23 21:56:35",36.38,Alexsander Campos Silva,"2026-09-24 02:09:41","2026-09-24 02:09:44",Maxmiler Fernandes Silva,"2026-09-23 23:08:24",2026-09-23 18:14:00.000,2026-09-24 05:00:00.000
MATRIZ,2026-09-23,2026-09-23,MERCEARIA DO BINA,"7272301","000-7272301",11,11,0,JJB9B08,TCX9E62D2,84,MISTO,"50",D2,"2",Freelancer 02,"2026-09-23 21:29:38","2026-09-23 21:33:07",3.48,Alexsander Campos Silva,"2026-09-24 02:10:24","2026-09-24 02:10:26",Maxmiler Fernandes Silva,"2026-09-23 23:08:31",2026-09-23 18:14:00.000,2026-09-24 05:00:00.000
MATRIZ,2026-09-23,2026-09-23,MERCEARIA DO BINA,"7272301","000-7272301",11,11,0,JJB9B08,TCX9E62E2,84,MISTO,"52",E2,"2",Gianmiller Moraes,"2026-09-23 21:28:27","2026-09-23 21:40:46",12.32,Alexsander Campos Silva,"2026-09-24 02:10:19","2026-09-24 02:10:21",Maxmiler Fernandes Silva,"2026-09-23 23:22:19",2026-09-23 18:14:00.000,2026-09-24 05:00:00.000
MATRIZ,2026-09-23,2026-09-23,MERCEARIA DO BINA,"7272301","000-7272301",11,11,0,JJB9B08,TCX9E62E3,84,MISTO,"51",E3,"2",Natan Silva Medeiros Júnior,"2026-09-23 21:27:41","2026-09-23 21:42:53",15.20,Alexsander Campos Silva,"2026-09-24 02:10:13","2026-09-24 02:10:16",Maxmiler Fernandes Silva,"2026-09-23 23:22:23",2026-09-23 18:14:00.000,2026-09-24 05:00:00.000
MATRIZ,2026-09-23,2026-09-23,MERCEARIA DO BINA,"7272301","000-7272301",11,11,0,JJB9B08,TCX9E62E5,216,MISTO,"31",E5,"2",Leonardo Caetano Rodrigues,"2026-09-23 21:26:06","2026-09-23 22:04:39",38.55,Alexsander Campos Silva,"2026-09-24 02:10:07","2026-09-24 02:10:09",Maxmiler Fernandes Silva,"2026-09-23 22:58:19",2026-09-23 18:14:00.000,2026-09-24 05:00:00.000
MATRIZ,2026-09-23,2026-09-23,SUPERMERCADO HIPERMI,"7412301","000-7412301",7,7,0,OWQ4406,OWQ4406E3,78,MISTO,"32",E3,"6",Natan Silva Medeiros Júnior,"2026-09-23 22:10:36","2026-09-23 22:34:45",24.15,Wallace Christian Gomes Esteves   ,"2026-09-23 23:49:02","2026-09-23 23:49:05",Nordires Vieira Dos Santos,"2026-09-23 23:09:47",2026-09-23 18:14:00.000,2026-09-24 05:00:00.000
MATRIZ,2026-09-23,2026-09-23,SUPERMERCADO HIPERMI,"7412301","000-7412301",7,7,0,OWQ4406,OWQ4406E2,117,MISTO,"22",E2,"6",Freelancer 03,"2026-09-23 22:11:31","2026-09-23 22:40:27",28.93,Wallace Christian Gomes Esteves   ,"2026-09-23 23:49:25","2026-09-23 23:49:27",Nordires Vieira Dos Santos,"2026-09-23 23:12:58",2026-09-23 18:14:00.000,2026-09-24 05:00:00.000
MATRIZ,2026-09-23,2026-09-23,SUPERMERCADO HIPERMI,"7412301","000-7412301",7,7,0,OWQ4406,OWQ4406D2,126,MISTO,"33",D2,"6",Freelancer 01,"2026-09-23 22:10:15","2026-09-23 22:29:29",19.23,Wallace Christian Gomes Esteves   ,"2026-09-23 23:49:10","2026-09-23 23:49:13",Nordires Vieira Dos Santos,"2026-09-23 23:04:16",2026-09-23 18:14:00.000,2026-09-24 05:00:00.000
MATRIZ,2026-09-23,2026-09-23,SUPERMERCADO HIPERMI,"7412301","000-7412301",7,7,0,OWQ4406,OWQ4406D1,65,MISTO,"30",D1,"6",Felipe Rogerio Estevam Da Silva ,"2026-09-23 22:11:43","2026-09-23 22:19:16",7.55,Wallace Christian Gomes Esteves   ,"2026-09-23 23:49:31","2026-09-23 23:49:33",Nordires Vieira Dos Santos,"2026-09-23 23:05:15",2026-09-23 18:14:00.000,2026-09-24 05:00:00.000
MATRIZ,2026-09-23,2026-09-23,SUPERMERCADO HIPERMI,"7412301","000-7412301",7,7,0,OWQ4406,OWQ4406E1,228,MISTO,"34",E1,"6",Adilson José Gonçalves,"2026-09-23 22:10:48","2026-09-23 22:31:59",21.18,Wallace Christian Gomes Esteves   ,"2026-09-23 23:49:17","2026-09-23 23:49:19",Nordires Vieira Dos Santos,"2026-09-23 23:08:12",2026-09-23 18:14:00.000,2026-09-24 05:00:00.000
MATRIZ,2026-09-23,2026-09-23,SUPERMERCADO HIPERMI,"7412301","000-7412301",7,7,0,OWQ4406,OWQ4406D3,23,MISTO,"29",D3,"6",Paulo Rozani Lopes Da Silva,"2026-09-23 22:17:13","2026-09-23 22:30:40",13.45,Wallace Christian Gomes Esteves   ,"2026-09-23 23:49:37","2026-09-23 23:49:40",Nordires Vieira Dos Santos,"2026-09-23 23:06:38",2026-09-23 18:14:00.000,2026-09-24 05:00:00.000
MATRIZ,2026-09-23,2026-09-23,BAR DO OTACILIO,"7242301","000-7242301",11,10,1,TCB7I34,TCB7I34E2,30,MISTO,"243",E2,"4",Felipe Rogerio Estevam Da Silva ,"2026-09-23 21:04:29","2026-09-23 21:08:33",4.07,Wallace Christian Gomes Esteves   ,"2026-09-23 22:26:12","2026-09-23 22:26:14",Maxmiler Fernandes Silva,"2026-09-23 21:20:15",2026-09-23 18:14:00.000,2026-09-24 05:00:00.000
MATRIZ,2026-09-23,2026-09-23,BAR DO OTACILIO,"7242301","000-7242301",11,10,1,TCB7I34,TCB7I34D4,187,MISTO,"244",D4,"4",Freelancer 01,"2026-09-23 20:33:51","2026-09-23 20:53:39",19.80,Wallace Christian Gomes Esteves   ,"2026-09-23 22:26:34","2026-09-23 22:26:36",Maxmiler Fernandes Silva,"2026-09-23 21:18:54",2026-09-23 18:14:00.000,2026-09-24 05:00:00.000
MATRIZ,2026-09-23,2026-09-23,BAR DO OTACILIO,"7242301","000-7242301",11,10,1,TCB7I34,TCB7I34E1,75,MISTO,"222",E1,"4",Leonardo Caetano Rodrigues,"2026-09-23 20:46:45","2026-09-23 21:02:34",15.82,Wallace Christian Gomes Esteves   ,"2026-09-23 22:25:57","2026-09-23 22:25:59",Maxmiler Fernandes Silva,"2026-09-23 21:23:42",2026-09-23 18:14:00.000,2026-09-24 05:00:00.000
MATRIZ,2026-09-23,2026-09-23,BAR DO OTACILIO,"7242301","000-7242301",11,10,1,TCB7I34,TCB7I34E4,113,MISTO,"240",E4,"4",Adilson José Gonçalves,"2026-09-23 20:50:16","2026-09-23 21:00:15",9.98,Wallace Christian Gomes Esteves   ,"2026-09-23 22:23:49","2026-09-23 22:23:53",Maxmiler Fernandes Silva,"2026-09-23 22:08:30",2026-09-23 18:14:00.000,2026-09-24 05:00:00.000
MATRIZ,2026-09-23,2026-09-23,BAR DO OTACILIO,"7242301","000-7242301",11,10,1,TCB7I34,TCB7I34D5,41,MISTO,"247",D5,"4",Freelancer 01,"2026-09-23 20:55:42","2026-09-23 21:04:36",8.90,Wallace Christian Gomes Esteves   ,"2026-09-23 22:26:58","2026-09-23 22:27:01",Maxmiler Fernandes Silva,"2026-09-23 21:38:37",2026-09-23 18:14:00.000,2026-09-24 05:00:00.000
MATRIZ,2026-09-23,2026-09-23,BAR DO OTACILIO,"7242301","000-7242301",11,10,1,TCB7I34,TCB7I34D2,198,MISTO,"246",D2,"4",Felipe Rogerio Estevam Da Silva ,"2026-09-23 20:28:38","2026-09-23 21:02:25",33.78,Wallace Christian Gomes Esteves   ,"2026-09-23 22:26:04","2026-09-23 22:26:06",Maxmiler Fernandes Silva,"2026-09-23 21:39:28",2026-09-23 18:14:00.000,2026-09-24 05:00:00.000
MATRIZ,2026-09-23,2026-09-23,BAR DO OTACILIO,"7242301","000-7242301",11,10,1,TCB7I34,TCB7I34D1,75,COMPLETO,,D1,"4",,,,,Wallace Christian Gomes Esteves   ,"2026-09-23 22:27:13","2026-09-23 22:27:16",Maxmiler Fernandes Silva,"2026-09-23 21:12:12",2026-09-23 18:14:00.000,2026-09-24 05:00:00.000
MATRIZ,2026-09-23,2026-09-23,BAR DO OTACILIO,"7242301","000-7242301",11,10,1,TCB7I34,TCB7I34D3,32,MISTO,"241",D3,"4",Freelancer 02,"2026-09-23 21:05:22","2026-09-23 21:16:31",11.15,Wallace Christian Gomes Esteves   ,"2026-09-23 22:27:05","2026-09-23 22:27:07",Maxmiler Fernandes Silva,"2026-09-23 21:21:06",2026-09-23 18:14:00.000,2026-09-24 05:00:00.000
MATRIZ,2026-09-23,2026-09-23,BAR DO OTACILIO,"7242301","000-7242301",11,10,1,TCB7I34,TCB7I34E3,119,MISTO,"242",E3,"4",Paulo Rozani Lopes Da Silva,"2026-09-23 20:41:45","2026-09-23 21:06:48",25.05,Wallace Christian Gomes Esteves   ,"2026-09-23 22:27:31","2026-09-23 22:27:34",Maxmiler Fernandes Silva,"2026-09-23 21:37:09",2026-09-23 18:14:00.000,2026-09-24 05:00:00.000
MATRIZ,2026-09-23,2026-09-23,BAR DO OTACILIO,"7242301","000-7242301",11,10,1,TCB7I34,TCB7I34E5,42,MISTO,"249",E5,"4",Natan Silva Medeiros Júnior,"2026-09-23 20:47:16","2026-09-23 21:01:47",14.52,Wallace Christian Gomes Esteves   ,"2026-09-23 22:27:23","2026-09-23 22:27:26",Maxmiler Fernandes Silva,"2026-09-23 21:53:51",2026-09-23 18:14:00.000,2026-09-24 05:00:00.000
MATRIZ,2026-09-24,2026-09-24,REST DO TETEIA,"7192401","000-7192401",9,9,0,KZX0905,KZX0905D2,215,MISTO,"22",D2,"4",Natan Silva Medeiros Júnior,"2026-09-25 01:39:32","2026-09-25 02:08:17",28.75,Leonardo Miguel,"2026-09-25 03:23:15","2026-09-25 03:23:21",Maxmiler Fernandes Silva,"2026-09-25 02:56:50",2026-09-24 19:18:00.000,2026-09-25 04:13:00.000
MATRIZ,2026-09-24,2026-09-24,REST DO TETEIA,"7192401","000-7192401",9,9,0,KZX0905,KZX0905D1,42,MISTO,"12",D1,"4",Marcos Vinicio Alves Pessoa,"2026-09-25 02:09:03","2026-09-25 02:15:46",6.72,Leonardo Miguel,"2026-09-25 03:22:55","2026-09-25 03:23:02",Maxmiler Fernandes Silva,"2026-09-25 02:58:31",2026-09-24 19:18:00.000,2026-09-25 04:13:00.000
MATRIZ,2026-09-24,2026-09-24,REST DO TETEIA,"7192401","000-7192401",9,9,0,KZX0905,KZX0905E4,100,MISTO,"11",E4,"4",Felipe Rogerio Estevam Da Silva ,"2026-09-25 02:02:23","2026-09-25 02:16:28",14.08,Leonardo Miguel,"2026-09-25 03:23:05","2026-09-25 03:23:08",Maxmiler Fernandes Silva,"2026-09-25 02:55:43",2026-09-24 19:18:00.000,2026-09-25 04:13:00.000
MATRIZ,2026-09-24,2026-09-24,REST DO TETEIA,"7192401","000-7192401",9,9,0,KZX0905,KZX0905E3,26,MISTO,"14",E3,"4",Felipe Rogerio Estevam Da Silva ,"2026-09-25 02:17:09","2026-09-25 02:25:58",8.82,Leonardo Miguel,"2026-09-25 03:22:21","2026-09-25 03:22:27",Maxmiler Fernandes Silva,"2026-09-25 02:52:26",2026-09-24 19:18:00.000,2026-09-25 04:13:00.000
MATRIZ,2026-09-24,2026-09-24,REST DO TETEIA,"7192401","000-7192401",9,9,0,KZX0905,KZX0905D4,20,MISTO,"6",D4,"4",Leonardo Caetano Rodrigues,"2026-09-25 02:18:15","2026-09-25 02:27:49",9.57,Leonardo Miguel,"2026-09-25 03:21:50","2026-09-25 03:21:54",Maxmiler Fernandes Silva,"2026-09-25 02:52:21",2026-09-24 19:18:00.000,2026-09-25 04:13:00.000
MATRIZ,2026-09-24,2026-09-24,REST DO TETEIA,"7192401","000-7192401",9,9,0,KZX0905,KZX0905E1,188,MISTO,"51",E1,"4",Leonardo Caetano Rodrigues,"2026-09-25 01:50:29","2026-09-25 02:16:36",26.12,Leonardo Miguel,"2026-09-25 03:21:57","2026-09-25 03:22:02",Maxmiler Fernandes Silva,"2026-09-25 02:54:40",2026-09-24 19:18:00.000,2026-09-25 04:13:00.000
MATRIZ,2026-09-24,2026-09-24,REST DO TETEIA,"7192401","000-7192401",9,9,0,KZX0905,KZX0905E2,180,MISTO,"45",E2,"4",Gianmiller Moraes,"2026-09-25 01:55:06","2026-09-25 02:38:44",43.63,Leonardo Miguel,"2026-09-25 03:22:32","2026-09-25 03:22:38",Maxmiler Fernandes Silva,"2026-09-25 03:04:52",2026-09-24 19:18:00.000,2026-09-25 04:13:00.000
MATRIZ,2026-09-24,2026-09-24,REST DO TETEIA,"7192401","000-7192401",9,9,0,KZX0905,KZX0905D3,37,MISTO,"13",D3,"4",Natan Silva Medeiros Júnior,"2026-09-25 02:13:38","2026-09-25 02:23:08",9.50,Leonardo Miguel,"2026-09-25 03:22:07","2026-09-25 03:22:11",Maxmiler Fernandes Silva,"2026-09-25 02:53:36",2026-09-24 19:18:00.000,2026-09-25 04:13:00.000
MATRIZ,2026-09-24,2026-09-24,REST POPULAR,"7292401","000-7292401",13,9,4,OWV5H27,OWV5H27D2,75,COMPLETO,,D2,"5",,,,,Wallace Christian Gomes Esteves   ,"2026-09-24 22:55:39","2026-09-24 22:55:41",Maxmiler Fernandes Silva,"2026-09-24 21:44:32",2026-09-24 19:18:00.000,2026-09-25 04:13:00.000
MATRIZ,2026-09-24,2026-09-24,REST POPULAR,"7292401","000-7292401",13,9,4,OWV5H27,OWV5H27D4,185,MISTO,"34",D4,"5",Adilson José Gonçalves,"2026-09-24 20:41:23","2026-09-24 21:05:49",24.43,Wallace Christian Gomes Esteves   ,"2026-09-24 22:56:04","2026-09-24 22:56:06",Maxmiler Fernandes Silva,"2026-09-24 22:03:37",2026-09-24 19:18:00.000,2026-09-25 04:13:00.000
MATRIZ,2026-09-24,2026-09-24,REST POPULAR,"7292401","000-7292401",13,9,4,OWV5H27,OWV5H27E3,340,MISTO,"35",E3,"5",Freelancer 02,"2026-09-24 20:39:01","2026-09-24 21:30:43",51.70,Wallace Christian Gomes Esteves   ,"2026-09-24 22:55:47","2026-09-24 22:56:01",Maxmiler Fernandes Silva,"2026-09-24 22:32:53",2026-09-24 19:18:00.000,2026-09-25 04:13:00.000
MATRIZ,2026-09-24,2026-09-24,REST POPULAR,"7292401","000-7292401",13,9,4,OWV5H27,OWV5H27E2,75,COMPLETO,,E2,"5",,,,,Wallace Christian Gomes Esteves   ,"2026-09-24 22:55:32","2026-09-24 22:55:37",Maxmiler Fernandes Silva,"2026-09-24 21:44:29",2026-09-24 19:18:00.000,2026-09-25 04:13:00.000
MATRIZ,2026-09-24,2026-09-24,REST POPULAR,"7292401","000-7292401",13,9,4,OWV5H27,OWV5H27E6,128,MISTO,"31",E6,"5",Leonardo Caetano Rodrigues,"2026-09-24 20:41:41","2026-09-24 20:56:55",15.23,Wallace Christian Gomes Esteves   ,"2026-09-24 22:55:03","2026-09-24 22:55:09",Nordires Vieira Dos Santos,"2026-09-24 22:06:00",2026-09-24 19:18:00.000,2026-09-25 04:13:00.000
MATRIZ,2026-09-24,2026-09-24,REST POPULAR,"7292401","000-7292401",13,9,4,OWV5H27,OWV5H27D6,91,MISTO,"30",D6,"5",Marcos Vinicio Alves Pessoa,"2026-09-24 20:45:52","2026-09-24 21:09:46",23.90,Wallace Christian Gomes Esteves   ,"2026-09-24 22:53:50","2026-09-24 22:53:52",Maxmiler Fernandes Silva,"2026-09-24 22:08:39",2026-09-24 19:18:00.000,2026-09-25 04:13:00.000
MATRIZ,2026-09-24,2026-09-24,REST POPULAR,"7292401","000-7292401",13,9,4,OWV5H27,OWV5H27D1,75,COMPLETO,,D1,"5",,,,,Wallace Christian Gomes Esteves   ,"2026-09-24 22:54:04","2026-09-24 22:54:10",Maxmiler Fernandes Silva,"2026-09-24 21:44:39",2026-09-24 19:18:00.000,2026-09-25 04:13:00.000
MATRIZ,2026-09-24,2026-09-24,REST POPULAR,"7292401","000-7292401",13,9,4,OWV5H27,OWV5H27D5,41,MISTO,"24",D5,"5",Geraldo Teixeira Baia Junior,"2026-09-24 20:51:56","2026-09-24 21:12:05",20.15,Wallace Christian Gomes Esteves   ,"2026-09-24 22:54:31","2026-09-24 22:54:36",Maxmiler Fernandes Silva,"2026-09-24 22:05:50",2026-09-24 19:18:00.000,2026-09-25 04:13:00.000
MATRIZ,2026-09-24,2026-09-24,REST POPULAR,"7292401","000-7292401",13,9,4,OWV5H27,OWV5H27E4,159,MISTO,"33",E4,"5",Felipe Rogerio Estevam Da Silva ,"2026-09-24 20:41:07","2026-09-24 21:01:22",20.25,Wallace Christian Gomes Esteves   ,"2026-09-24 22:53:56","2026-09-24 22:53:58",Maxmiler Fernandes Silva,"2026-09-24 22:05:58",2026-09-24 19:18:00.000,2026-09-25 04:13:00.000
MATRIZ,2026-09-24,2026-09-24,REST POPULAR,"7292401","000-7292401",13,9,4,OWV5H27,OWV5H27E1,75,COMPLETO,,E1,"5",,,,,Wallace Christian Gomes Esteves   ,"2026-09-24 22:54:13","2026-09-24 22:54:15",Maxmiler Fernandes Silva,"2026-09-24 21:44:36",2026-09-24 19:18:00.000,2026-09-25 04:13:00.000
MATRIZ,2026-09-24,2026-09-24,REST POPULAR,"7292401","000-7292401",13,9,4,OWV5H27,OWV5H27E5,89,MISTO,"21",E5,"5",Denilton Batista Dos Santos,"2026-09-24 20:48:48","2026-09-24 21:16:06",27.30,Wallace Christian Gomes Esteves   ,"2026-09-24 22:54:49","2026-09-24 22:54:52",Maxmiler Fernandes Silva,"2026-09-24 22:21:06",2026-09-24 19:18:00.000,2026-09-25 04:13:00.000
MATRIZ,2026-09-24,2026-09-24,REST POPULAR,"7292401","000-7292401",13,9,4,OWV5H27,OWV5H27D3,97,MISTO,"32",D3,"5",Paulo Rozani Lopes Da Silva,"2026-09-24 20:41:59","2026-09-24 21:05:55",23.93,Wallace Christian Gomes Esteves   ,"2026-09-24 22:55:15","2026-09-24 22:55:17",Maxmiler Fernandes Silva,"2026-09-24 22:07:00",2026-09-24 19:18:00.000,2026-09-25 04:13:00.000
MATRIZ,2026-09-24,2026-09-24,MASCATIM COMERCIAL,"7302401","000-7302401",13,9,4,OWV8A20,OWV8A20D4,198,MISTO,"28",D4,"4",Gianmiller Moraes,"2026-09-24 21:00:49","2026-09-24 21:29:19",28.50,Wallace Christian Gomes Esteves   ,"2026-09-24 22:50:17","2026-09-24 22:50:19",Maxmiler Fernandes Silva,"2026-09-24 22:25:24",2026-09-24 19:18:00.000,2026-09-25 04:13:00.000
MATRIZ,2026-09-24,2026-09-24,MASCATIM COMERCIAL,"7302401","000-7302401",13,9,4,OWV8A20,OWV8A20E3,203,MISTO,"25",E3,"4",Leonardo Caetano Rodrigues,"2026-09-24 21:00:45","2026-09-24 21:10:04",9.32,Wallace Christian Gomes Esteves   ,"2026-09-24 22:43:28","2026-09-24 22:43:30",Maxmiler Fernandes Silva,"2026-09-24 22:26:25",2026-09-24 19:18:00.000,2026-09-25 04:13:00.000
MATRIZ,2026-09-24,2026-09-24,MASCATIM COMERCIAL,"7302401","000-7302401",13,9,4,OWV8A20,OWV8A20E5,52,MISTO,"29",E5,"4",Paulo Rozani Lopes Da Silva,"2026-09-24 21:08:36","2026-09-24 21:32:50",24.23,Wallace Christian Gomes Esteves   ,"2026-09-24 22:50:37","2026-09-24 22:50:39",Maxmiler Fernandes Silva,"2026-09-24 22:25:17",2026-09-24 19:18:00.000,2026-09-25 04:13:00.000
MATRIZ,2026-09-24,2026-09-24,MASCATIM COMERCIAL,"7302401","000-7302401",13,9,4,OWV8A20,OWV8A20E6,70,MISTO,"27",E6,"4",Felipe Rogerio Estevam Da Silva ,"2026-09-24 21:01:42","2026-09-24 21:08:55",7.22,Wallace Christian Gomes Esteves   ,"2026-09-24 22:50:26","2026-09-24 22:50:28",Maxmiler Fernandes Silva,"2026-09-24 22:30:37",2026-09-24 19:18:00.000,2026-09-25 04:13:00.000
MATRIZ,2026-09-24,2026-09-24,MASCATIM COMERCIAL,"7302401","000-7302401",13,9,4,OWV8A20,OWV8A20D6,20,MISTO,"19",D6,"4",Leonardo Caetano Rodrigues,"2026-09-24 21:10:37","2026-09-24 21:14:31",3.90,Wallace Christian Gomes Esteves   ,"2026-09-24 22:43:20","2026-09-24 22:43:24",Maxmiler Fernandes Silva,"2026-09-24 22:29:00",2026-09-24 19:18:00.000,2026-09-25 04:13:00.000
MATRIZ,2026-09-24,2026-09-24,MASCATIM COMERCIAL,"7302401","000-7302401",13,9,4,OWV8A20,OWV8A20D5,10,MISTO,"20",D5,"4",Natan Silva Medeiros Júnior,"2026-09-24 21:10:29","2026-09-24 21:14:44",4.25,Wallace Christian Gomes Esteves   ,"2026-09-24 22:50:12","2026-09-24 22:50:15",Maxmiler Fernandes Silva,"2026-09-24 22:28:03",2026-09-24 19:18:00.000,2026-09-25 04:13:00.000
MATRIZ,2026-09-24,2026-09-24,MASCATIM COMERCIAL,"7302401","000-7302401",13,9,4,OWV8A20,OWV8A20E4,50,MISTO,"17",E4,"4",Felipe Rogerio Estevam Da Silva ,"2026-09-24 21:11:18","2026-09-24 21:14:40",3.37,Wallace Christian Gomes Esteves   ,"2026-09-24 22:50:42","2026-09-24 22:50:44",Maxmiler Fernandes Silva,"2026-09-24 22:27:18",2026-09-24 19:18:00.000,2026-09-25 04:13:00.000
MATRIZ,2026-09-24,2026-09-24,MASCATIM COMERCIAL,"7302401","000-7302401",13,9,4,OWV8A20,OWV8A20D3,55,MISTO,"26",D3,"4",Adilson José Gonçalves,"2026-09-24 21:06:08","2026-09-24 21:10:57",4.82,Wallace Christian Gomes Esteves   ,"2026-09-24 22:50:32","2026-09-24 22:50:35",Maxmiler Fernandes Silva,"2026-09-24 22:29:44",2026-09-24 19:18:00.000,2026-09-25 04:13:00.000
MATRIZ,2026-09-24,2026-09-24,MASCATIM COMERCIAL,"7302401","000-7302401",13,9,4,OWV8A20,OWV8A20D1,264,COMPLETO,,D1,"4",,,,,Wallace Christian Gomes Esteves   ,"2026-09-24 22:50:53","2026-09-24 22:50:55",Maxmiler Fernandes Silva,"2026-09-24 22:24:13",2026-09-24 19:18:00.000,2026-09-25 04:13:00.000
MATRIZ,2026-09-24,2026-09-24,MASCATIM COMERCIAL,"7302401","000-7302401",13,9,4,OWV8A20,OWV8A20E2,42,COMPLETO,,E2,"4",,,,,Wallace Christian Gomes Esteves   ,"2026-09-24 22:51:03","2026-09-24 22:51:06",Maxmiler Fernandes Silva,"2026-09-24 22:24:20",2026-09-24 19:18:00.000,2026-09-25 04:13:00.000
MATRIZ,2026-09-24,2026-09-24,MASCATIM COMERCIAL,"7302401","000-7302401",13,9,4,OWV8A20,OWV8A20E1,264,COMPLETO,,E1,"4",,,,,Wallace Christian Gomes Esteves   ,"2026-09-24 22:50:47","2026-09-24 22:50:49",Maxmiler Fernandes Silva,"2026-09-24 22:24:10",2026-09-24 19:18:00.000,2026-09-25 04:13:00.000
MATRIZ,2026-09-24,2026-09-24,MASCATIM COMERCIAL,"7302401","000-7302401",13,9,4,OWV8A20,OWV8A20D2,120,COMPLETO,,D2,"4",,,,,Wallace Christian Gomes Esteves   ,"2026-09-24 22:50:58","2026-09-24 22:51:01",Maxmiler Fernandes Silva,"2026-09-24 22:24:17",2026-09-24 19:18:00.000,2026-09-25 04:13:00.000
MATRIZ,2026-09-24,2026-09-24,MERCEARIA,"7342401","000-7342401",7,7,0,TYE8D59,TYE8D59D1,256,MISTO,"117",D1,"3",Geraldo Teixeira Baia Junior,"2026-09-24 22:08:32","2026-09-24 22:54:10",45.63,Leonardo Miguel,"2026-09-25 00:28:45","2026-09-25 00:28:52",Nordires Vieira Dos Santos,"2026-09-25 00:24:42",2026-09-24 19:18:00.000,2026-09-25 04:13:00.000
MATRIZ,2026-09-24,2026-09-24,MERCEARIA,"7342401","000-7342401",7,7,0,TYE8D59,TYE8D59E2,20,MISTO,"41",E2,"3",Marcos Vinicio Alves Pessoa,"2026-09-24 22:26:49","2026-09-24 22:33:45",6.93,Wallace Christian Gomes Esteves   ,"2026-09-25 00:40:00","2026-09-25 00:40:06",Nordires Vieira Dos Santos,"2026-09-25 00:29:59",2026-09-24 19:18:00.000,2026-09-25 04:13:00.000
MATRIZ,2026-09-24,2026-09-24,MERCEARIA,"7342401","000-7342401",7,7,0,TYE8D59,TYE8D59E1,188,MISTO,"119",E1,"3",Adilson José Gonçalves,"2026-09-24 22:06:14","2026-09-24 22:41:50",35.60,Wallace Christian Gomes Esteves   ,"2026-09-25 00:39:45","2026-09-25 00:39:47",Nordires Vieira Dos Santos,"2026-09-25 00:32:19",2026-09-24 19:18:00.000,2026-09-25 04:13:00.000
MATRIZ,2026-09-24,2026-09-24,MERCEARIA,"7342401","000-7342401",7,7,0,TYE8D59,TYE8D59D3,26,MISTO,"40",D3,"3",Denilton Batista Dos Santos,"2026-09-24 22:33:52","2026-09-24 22:57:49",23.95,Leonardo Miguel,"2026-09-25 00:28:59","2026-09-25 00:29:05",Nordires Vieira Dos Santos,"2026-09-25 00:22:51",2026-09-24 19:18:00.000,2026-09-25 04:13:00.000
MATRIZ,2026-09-24,2026-09-24,MERCEARIA,"7342401","000-7342401",7,7,0,TYE8D59,TYE8D59E3,58,MISTO,"121",E3,"3",Freelancer 02,"2026-09-24 22:18:24","2026-09-24 22:32:17",13.88,Wallace Christian Gomes Esteves   ,"2026-09-25 00:39:50","2026-09-25 00:39:52",Maxmiler Fernandes Silva,"2026-09-25 00:36:47",2026-09-24 19:18:00.000,2026-09-25 04:13:00.000
MATRIZ,2026-09-24,2026-09-24,MERCEARIA,"7342401","000-7342401",7,7,0,TYE8D59,TYE8D59D2,42,MISTO,"123",D2,"3",Felipe Rogerio Estevam Da Silva ,"2026-09-24 22:21:46","2026-09-24 22:31:02",9.27,Wallace Christian Gomes Esteves   ,"2026-09-25 00:39:54","2026-09-25 00:39:57",Maxmiler Fernandes Silva,"2026-09-25 00:36:43",2026-09-24 19:18:00.000,2026-09-25 04:13:00.000
MATRIZ,2026-09-24,2026-09-24,MAISCH LANCHONETE,"7372401","000-7372401",7,7,0,KKJ5170,KKJ5170D2,59,MISTO,"97",D2,"3",Freelancer 02,"2026-09-24 21:31:01","2026-09-24 21:54:20",23.32,Alexsander Campos Silva,"2026-09-24 21:55:18","2026-09-24 21:56:45",Nordires Vieira Dos Santos,"2026-09-24 23:04:56",2026-09-24 19:18:00.000,2026-09-25 04:13:00.000
MATRIZ,2026-09-24,2026-09-24,MAISCH LANCHONETE,"7372401","000-7372401",7,7,0,KKJ5170,KKJ5170D1,39,MISTO,"99",D1,"3",Gianmiller Moraes,"2026-09-24 21:33:00","2026-09-24 21:41:26",8.43,Alexsander Campos Silva,"2026-09-24 21:43:39","2026-09-24 21:44:20",Nordires Vieira Dos Santos,"2026-09-24 23:09:51",2026-09-24 19:18:00.000,2026-09-25 04:13:00.000
MATRIZ,2026-09-24,2026-09-24,MAISCH LANCHONETE,"7372401","000-7372401",7,7,0,KKJ5170,KKJ5170E3,20,MISTO,"101",E3,"3",Geraldo Teixeira Baia Junior,"2026-09-24 21:35:25","2026-09-24 21:48:39",13.23,Wallace Christian Gomes Esteves   ,"2026-09-25 01:21:51","2026-09-25 01:21:55",Nordires Vieira Dos Santos,"2026-09-24 23:06:30",2026-09-24 19:18:00.000,2026-09-25 04:13:00.000
MATRIZ,2026-09-24,2026-09-24,MAISCH LANCHONETE,"7372401","000-7372401",7,7,0,KKJ5170,KKJ5170E2,73,MISTO,"95",E2,"3",Felipe Rogerio Estevam Da Silva ,"2026-09-24 21:27:11","2026-09-24 21:49:30",22.32,Wallace Christian Gomes Esteves   ,"2026-09-25 01:22:05","2026-09-25 01:22:07",Nordires Vieira Dos Santos,"2026-09-24 23:11:10",2026-09-24 19:18:00.000,2026-09-25 04:13:00.000
MATRIZ,2026-09-24,2026-09-24,MAISCH LANCHONETE,"7372401","000-7372401",7,7,0,KKJ5170,KKJ5170E1,236,MISTO,"124",E1,"3",Denilton Batista Dos Santos,"2026-09-24 21:19:01","2026-09-24 22:16:52",57.85,Wallace Christian Gomes Esteves   ,"2026-09-25 01:21:57","2026-09-25 01:21:59",Nordires Vieira Dos Santos,"2026-09-24 23:02:29",2026-09-24 19:18:00.000,2026-09-25 04:13:00.000
MATRIZ,2026-09-24,2026-09-24,MAISCH LANCHONETE,"7372401","000-7372401",7,7,0,KKJ5170,KKJ5170D3,133,MISTO,"93",D3,"3",Natan Silva Medeiros Júnior,"2026-09-24 21:17:42","2026-09-24 21:45:35",27.88,Wallace Christian Gomes Esteves   ,"2026-09-25 01:22:02","2026-09-25 01:22:03",Nordires Vieira Dos Santos,"2026-09-24 23:07:51",2026-09-24 19:18:00.000,2026-09-25 04:13:00.000
MATRIZ,2026-09-24,2026-09-24,TRAILER DA LOURDES,"7162401","000-7162401",7,7,0,MQL5679,MQL5679E2,117,MISTO,"43",E2,"7",Leonardo Caetano Rodrigues,"2026-09-24 22:29:08","2026-09-24 22:54:11",25.05,Wallace Christian Gomes Esteves   ,"2026-09-25 00:40:18","2026-09-25 00:40:20",Nordires Vieira Dos Santos,"2026-09-25 00:35:30",2026-09-24 19:18:00.000,2026-09-25 04:13:00.000
MATRIZ,2026-09-24,2026-09-24,TRAILER DA LOURDES,"7162401","000-7162401",7,7,0,MQL5679,MQL5679E1,58,MISTO,"108",E1,"7",Freelancer 02,"2026-09-24 22:32:50","2026-09-24 22:47:51",15.02,Wallace Christian Gomes Esteves   ,"2026-09-25 00:40:49","2026-09-25 00:40:56",Maxmiler Fernandes Silva,"2026-09-25 00:31:51",2026-09-24 19:18:00.000,2026-09-25 04:13:00.000
MATRIZ,2026-09-24,2026-09-24,TRAILER DA LOURDES,"7162401","000-7162401",7,7,0,MQL5679,MQL5679E3,98,MISTO,"122",E3,"7",Felipe Rogerio Estevam Da Silva ,"2026-09-24 22:31:44","2026-09-24 23:00:44",29.00,Wallace Christian Gomes Esteves   ,"2026-09-25 00:40:40","2026-09-25 00:40:43",Maxmiler Fernandes Silva,"2026-09-25 00:40:31",2026-09-24 19:18:00.000,2026-09-25 04:13:00.000
MATRIZ,2026-09-24,2026-09-24,TRAILER DA LOURDES,"7162401","000-7162401",7,7,0,MQL5679,MQL5679D1,40,MISTO,"125",D1,"7",Gianmiller Moraes,"2026-09-24 22:33:09","2026-09-24 22:37:51",4.70,Wallace Christian Gomes Esteves   ,"2026-09-25 00:40:58","2026-09-25 00:41:00",Nordires Vieira Dos Santos,"2026-09-25 00:35:43",2026-09-24 19:18:00.000,2026-09-25 04:13:00.000
MATRIZ,2026-09-24,2026-09-24,TRAILER DA LOURDES,"7162401","000-7162401",7,7,0,MQL5679,MQL5679D3,36,MISTO,"110",D3,"7",Paulo Rozani Lopes Da Silva,"2026-09-24 22:37:39","2026-09-24 23:16:47",39.13,Wallace Christian Gomes Esteves   ,"2026-09-25 00:41:04","2026-09-25 00:41:06",Maxmiler Fernandes Silva,"2026-09-25 00:32:06",2026-09-24 19:18:00.000,2026-09-25 04:13:00.000
MATRIZ,2026-09-24,2026-09-24,TRAILER DA LOURDES,"7162401","000-7162401",7,7,0,MQL5679,MQL5679D2,31,MISTO,"23",D2,"7",Marcos Vinicio Alves Pessoa,"2026-09-24 22:35:43","2026-09-24 23:02:19",26.60,Wallace Christian Gomes Esteves   ,"2026-09-25 00:41:09","2026-09-25 00:41:11",Nordires Vieira Dos Santos,"2026-09-25 00:27:54",2026-09-24 19:18:00.000,2026-09-25 04:13:00.000
MATRIZ,2026-09-24,2026-09-24,BAR BATE PAPO,"7272401","000-7272401",11,8,3,TCX9E62,TCX9E62D2,75,COMPLETO,,D2,"6",,,,,Wallace Christian Gomes Esteves   ,"2026-09-25 00:45:38","2026-09-25 00:45:40",Maxmiler Fernandes Silva,"2026-09-24 23:00:54",2026-09-24 19:18:00.000,2026-09-25 04:13:00.000
MATRIZ,2026-09-24,2026-09-24,BAR BATE PAPO,"7272401","000-7272401",11,8,3,TCX9E62,TCX9E62D1,75,COMPLETO,,D1,"6",,,,,Wallace Christian Gomes Esteves   ,"2026-09-25 00:45:49","2026-09-25 00:45:53",Maxmiler Fernandes Silva,"2026-09-24 23:01:01",2026-09-24 19:18:00.000,2026-09-25 04:13:00.000
MATRIZ,2026-09-24,2026-09-24,BAR BATE PAPO,"7272401","000-7272401",11,8,3,TCX9E62,TCX9E62D4,206,MISTO,"107",D4,"6",Leonardo Caetano Rodrigues,"2026-09-24 21:51:18","2026-09-24 22:28:41",37.38,Wallace Christian Gomes Esteves   ,"2026-09-25 00:45:00","2026-09-25 00:45:03",Nordires Vieira Dos Santos,"2026-09-24 23:18:10",2026-09-24 19:18:00.000,2026-09-25 04:13:00.000
MATRIZ,2026-09-24,2026-09-24,BAR BATE PAPO,"7272401","000-7272401",11,8,3,TCX9E62,TCX9E62E5,19,MISTO,"115",E5,"6",Freelancer 02,"2026-09-24 21:55:43","2026-09-24 22:15:35",19.87,Wallace Christian Gomes Esteves   ,"2026-09-25 00:45:33","2026-09-25 00:45:35",Nordires Vieira Dos Santos,"2026-09-24 23:16:42",2026-09-24 19:18:00.000,2026-09-25 04:13:00.000
MATRIZ,2026-09-24,2026-09-24,BAR BATE PAPO,"7272401","000-7272401",11,8,3,TCX9E62,TCX9E62E3,222,MISTO,"103",E3,"6",Paulo Rozani Lopes Da Silva,"2026-09-24 21:46:38","2026-09-24 22:34:08",47.50,Wallace Christian Gomes Esteves   ,"2026-09-25 00:44:54","2026-09-25 00:44:57",Maxmiler Fernandes Silva,"2026-09-24 23:33:04",2026-09-24 19:18:00.000,2026-09-25 04:13:00.000
MATRIZ,2026-09-24,2026-09-24,BAR BATE PAPO,"7272401","000-7272401",11,8,3,TCX9E62,TCX9E62D3,153,MISTO,"109",D3,"6",Natan Silva Medeiros Júnior,"2026-09-24 21:49:12","2026-09-24 22:32:47",43.58,Wallace Christian Gomes Esteves   ,"2026-09-25 00:45:05","2026-09-25 00:45:07",Maxmiler Fernandes Silva,"2026-09-24 23:34:46",2026-09-24 19:18:00.000,2026-09-25 04:13:00.000
MATRIZ,2026-09-24,2026-09-24,BAR BATE PAPO,"7272401","000-7272401",11,8,3,TCX9E62,TCX9E62E2,79,MISTO,"105",E2,"6",Gianmiller Moraes,"2026-09-24 21:50:39","2026-09-24 22:26:32",35.88,Wallace Christian Gomes Esteves   ,"2026-09-25 00:45:15","2026-09-25 00:45:17",Maxmiler Fernandes Silva,"2026-09-24 23:03:38",2026-09-24 19:18:00.000,2026-09-25 04:13:00.000
MATRIZ,2026-09-24,2026-09-24,BAR BATE PAPO,"7272401","000-7272401",11,8,3,TCX9E62,TCX9E62E1,75,COMPLETO,,E1,"6",,,,,Wallace Christian Gomes Esteves   ,"2026-09-25 00:45:43","2026-09-25 00:45:46",Maxmiler Fernandes Silva,"2026-09-24 23:00:58",2026-09-24 19:18:00.000,2026-09-25 04:13:00.000
MATRIZ,2026-09-24,2026-09-24,BAR BATE PAPO,"7272401","000-7272401",11,8,3,TCX9E62,TCX9E62D5,87,MISTO,"111",D5,"6",Felipe Rogerio Estevam Da Silva ,"2026-09-24 21:50:07","2026-09-24 22:21:13",31.10,Wallace Christian Gomes Esteves   ,"2026-09-25 00:45:09","2026-09-25 00:45:12",Maxmiler Fernandes Silva,"2026-09-24 23:44:02",2026-09-24 19:18:00.000,2026-09-25 04:13:00.000
MATRIZ,2026-09-24,2026-09-24,BAR BATE PAPO,"7272401","000-7272401",11,8,3,TCX9E62,TCX9E62E4,22,MISTO,"113",E4,"6",Geraldo Teixeira Baia Junior,"2026-09-24 21:50:58","2026-09-24 21:56:30",5.53,Wallace Christian Gomes Esteves   ,"2026-09-25 00:45:29","2026-09-25 00:45:30",Maxmiler Fernandes Silva,"2026-09-24 23:10:59",2026-09-24 19:18:00.000,2026-09-25 04:13:00.000
MATRIZ,2026-09-24,2026-09-24,BAR DO PAULO,"7252401","000-7252401",10,9,1,TCL0I17,TCL0I17D4,84,MISTO,"41",D4,"7",Felipe Rogerio Estevam Da Silva ,"2026-09-24 20:30:04","2026-09-24 20:40:43",10.65,Wallace Christian Gomes Esteves   ,"2026-09-24 21:52:39","2026-09-24 21:52:46",Maxmiler Fernandes Silva,"2026-09-24 21:28:44",2026-09-24 19:18:00.000,2026-09-25 04:13:00.000
MATRIZ,2026-09-24,2026-09-24,BAR DO PAULO,"7252401","000-7252401",10,9,1,TCL0I17,TCL0I17E1,74,MISTO,"23",E1,"7",Denilton Batista Dos Santos,"2026-09-24 20:31:07","2026-09-24 20:43:51",12.73,Wallace Christian Gomes Esteves   ,"2026-09-24 21:52:16","2026-09-24 21:52:18",Maxmiler Fernandes Silva,"2026-09-24 21:33:39",2026-09-24 19:18:00.000,2026-09-25 04:13:00.000
MATRIZ,2026-09-24,2026-09-24,BAR DO PAULO,"7252401","000-7252401",10,9,1,TCL0I17,TCL0I17E4,89,MISTO,"42",E4,"7",Adilson José Gonçalves,"2026-09-24 20:25:27","2026-09-24 20:33:50",8.38,Wallace Christian Gomes Esteves   ,"2026-09-24 21:50:07","2026-09-24 21:50:09",Maxmiler Fernandes Silva,"2026-09-24 21:32:39",2026-09-24 19:18:00.000,2026-09-25 04:13:00.000
MATRIZ,2026-09-24,2026-09-24,BAR DO PAULO,"7252401","000-7252401",10,9,1,TCL0I17,TCL0I17E2,66,MISTO,"40",E2,"7",Gianmiller Moraes,"2026-09-24 20:32:19","2026-09-24 20:55:05",22.77,Wallace Christian Gomes Esteves   ,"2026-09-24 21:49:59","2026-09-24 21:50:02",Maxmiler Fernandes Silva,"2026-09-24 21:26:37",2026-09-24 19:18:00.000,2026-09-25 04:13:00.000
MATRIZ,2026-09-24,2026-09-24,BAR DO PAULO,"7252401","000-7252401",10,9,1,TCL0I17,TCL0I17D5,65,MISTO,"39",D5,"7",Geraldo Teixeira Baia Junior,"2026-09-24 20:33:13","2026-09-24 20:51:10",17.95,Wallace Christian Gomes Esteves   ,"2026-09-24 21:50:35","2026-09-24 21:50:37",Maxmiler Fernandes Silva,"2026-09-24 21:24:09",2026-09-24 19:18:00.000,2026-09-25 04:13:00.000
MATRIZ,2026-09-24,2026-09-24,BAR DO PAULO,"7252401","000-7252401",10,9,1,TCL0I17,TCL0I17E3,41,MISTO,"37",E3,"7",Leonardo Caetano Rodrigues,"2026-09-24 20:34:29","2026-09-24 20:41:05",6.60,Wallace Christian Gomes Esteves   ,"2026-09-24 21:51:54","2026-09-24 21:51:56",Maxmiler Fernandes Silva,"2026-09-24 21:27:29",2026-09-24 19:18:00.000,2026-09-25 04:13:00.000
MATRIZ,2026-09-24,2026-09-24,BAR DO PAULO,"7252401","000-7252401",10,9,1,TCL0I17,TCL0I17D1,75,COMPLETO,,D1,"7",,,,,Wallace Christian Gomes Esteves   ,"2026-09-24 21:50:26","2026-09-24 21:50:30",Maxmiler Fernandes Silva,"2026-09-24 21:21:23",2026-09-24 19:18:00.000,2026-09-25 04:13:00.000
MATRIZ,2026-09-24,2026-09-24,BAR DO PAULO,"7252401","000-7252401",10,9,1,TCL0I17,TCL0I17D2,137,MISTO,"43",D2,"7",Freelancer 02,"2026-09-24 20:15:26","2026-09-24 20:38:47",23.35,Wallace Christian Gomes Esteves   ,"2026-09-24 21:52:25","2026-09-24 21:52:33",Maxmiler Fernandes Silva,"2026-09-24 21:31:41",2026-09-24 19:18:00.000,2026-09-25 04:13:00.000
MATRIZ,2026-09-24,2026-09-24,BAR DO PAULO,"7252401","000-7252401",10,9,1,TCL0I17,TCL0I17D3,20,MISTO,"38",D3,"7",Adilson José Gonçalves,"2026-09-24 20:34:29","2026-09-24 20:40:05",5.60,Wallace Christian Gomes Esteves   ,"2026-09-24 21:52:01","2026-09-24 21:52:04",Maxmiler Fernandes Silva,"2026-09-24 21:30:48",2026-09-24 19:18:00.000,2026-09-25 04:13:00.000
MATRIZ,2026-09-24,2026-09-24,VILMAR LOPES PEREIRA,"7232401","000-7232401",11,10,1,TCB7H85,TCB7H85D5,30,MISTO,"120",D5,"8",Felipe Rogerio Estevam Da Silva ,"2026-09-24 23:01:21","2026-09-24 23:11:37",10.27,Wallace Christian Gomes Esteves   ,"2026-09-25 00:42:00","2026-09-25 00:42:02",Maxmiler Fernandes Silva,"2026-09-25 00:33:15",2026-09-24 19:18:00.000,2026-09-25 04:13:00.000
MATRIZ,2026-09-24,2026-09-24,VILMAR LOPES PEREIRA,"7232401","000-7232401",11,10,1,TCB7H85,TCB7H85E4,79,MISTO,"116",E4,"8",Geraldo Teixeira Baia Junior,"2026-09-24 22:56:57","2026-09-24 23:12:44",15.78,Wallace Christian Gomes Esteves   ,"2026-09-25 00:41:48","2026-09-25 00:41:50",Maxmiler Fernandes Silva,"2026-09-25 00:33:10",2026-09-24 19:18:00.000,2026-09-25 04:13:00.000
MATRIZ,2026-09-24,2026-09-24,VILMAR LOPES PEREIRA,"7232401","000-7232401",11,10,1,TCB7H85,TCB7H85E1,74,MISTO,"118",E1,"8",Adilson José Gonçalves,"2026-09-24 22:59:56","2026-09-24 23:24:59",25.05,Wallace Christian Gomes Esteves   ,"2026-09-25 00:41:54","2026-09-25 00:41:56",Maxmiler Fernandes Silva,"2026-09-25 00:34:58",2026-09-24 19:18:00.000,2026-09-25 04:13:00.000
MATRIZ,2026-09-24,2026-09-24,VILMAR LOPES PEREIRA,"7232401","000-7232401",11,10,1,TCB7H85,TCB7H85E3,22,MISTO,"37",E3,"8",Marcos Vinicio Alves Pessoa,"2026-09-24 23:04:49","2026-09-24 23:20:23",15.57,Wallace Christian Gomes Esteves   ,"2026-09-25 00:42:05","2026-09-25 00:42:07",Nordires Vieira Dos Santos,"2026-09-25 00:26:35",2026-09-24 19:18:00.000,2026-09-25 04:13:00.000
MATRIZ,2026-09-24,2026-09-24,VILMAR LOPES PEREIRA,"7232401","000-7232401",11,10,1,TCB7H85,TCB7H85D4,281,MISTO,"112",D4,"8",Natan Silva Medeiros Júnior,"2026-09-24 22:37:19","2026-09-24 23:41:44",64.42,Wallace Christian Gomes Esteves   ,"2026-09-25 00:41:26","2026-09-25 00:41:28",Nordires Vieira Dos Santos,"2026-09-25 00:38:58",2026-09-24 19:18:00.000,2026-09-25 04:13:00.000
MATRIZ,2026-09-24,2026-09-24,VILMAR LOPES PEREIRA,"7232401","000-7232401",11,10,1,TCB7H85,TCB7H85E2,263,MISTO,"104",E2,"8",Adilson José Gonçalves,"2026-09-24 22:46:21","2026-09-24 22:58:19",11.97,Wallace Christian Gomes Esteves   ,"2026-09-25 00:41:30","2026-09-25 00:41:32",Nordires Vieira Dos Santos,"2026-09-25 00:37:27",2026-09-24 19:18:00.000,2026-09-25 04:13:00.000
MATRIZ,2026-09-24,2026-09-24,VILMAR LOPES PEREIRA,"7232401","000-7232401",11,10,1,TCB7H85,TCB7H85E5,85,MISTO,"38",E5,"8",Leonardo Caetano Rodrigues,"2026-09-24 22:58:57","2026-09-24 23:23:49",24.87,Wallace Christian Gomes Esteves   ,"2026-09-25 00:41:42","2026-09-25 00:41:44",Nordires Vieira Dos Santos,"2026-09-25 00:28:45",2026-09-24 19:18:00.000,2026-09-25 04:13:00.000
MATRIZ,2026-09-24,2026-09-24,VILMAR LOPES PEREIRA,"7232401","000-7232401",11,10,1,TCB7H85,TCB7H85D3,243,MISTO,"106",D3,"8",Gianmiller Moraes,"2026-09-24 22:50:18","2026-09-24 23:46:27",56.15,Wallace Christian Gomes Esteves   ,"2026-09-25 00:41:34","2026-09-25 00:41:35",Maxmiler Fernandes Silva,"2026-09-25 00:36:30",2026-09-24 19:18:00.000,2026-09-25 04:13:00.000
MATRIZ,2026-09-24,2026-09-24,VILMAR LOPES PEREIRA,"7232401","000-7232401",11,10,1,TCB7H85,TCB7H85D2,206,MISTO,"126",D2,"8",Freelancer 02,"2026-09-24 22:48:08","2026-09-24 23:25:25",37.28,Wallace Christian Gomes Esteves   ,"2026-09-25 00:41:38","2026-09-25 00:41:40",Nordires Vieira Dos Santos,"2026-09-25 00:33:22",2026-09-24 19:18:00.000,2026-09-25 04:13:00.000
MATRIZ,2026-09-24,2026-09-24,VILMAR LOPES PEREIRA,"7232401","000-7232401",11,10,1,TCB7H85,TCB7H85D1,75,COMPLETO,,D1,"8",,,,,Wallace Christian Gomes Esteves   ,"2026-09-25 00:42:09","2026-09-25 00:42:12",Nordires Vieira Dos Santos,"2026-09-25 00:34:15",2026-09-24 19:18:00.000,2026-09-25 04:13:00.000
MATRIZ,2026-09-24,2026-09-24,SUP JUJU,"7242401","000-7242401",11,10,1,TCB7I34,TCB7I34E3,209,MISTO,"51",E3,"8",Felipe Rogerio Estevam Da Silva ,"2026-09-24 20:09:33","2026-09-24 20:29:42",20.15,Wallace Christian Gomes Esteves   ,"2026-09-24 22:41:28","2026-09-24 22:41:30",Maxmiler Fernandes Silva,"2026-09-24 21:12:47",2026-09-24 19:18:00.000,2026-09-25 04:13:00.000
MATRIZ,2026-09-24,2026-09-24,SUP JUJU,"7242401","000-7242401",11,10,1,TCB7I34,TCB7I34D5,75,MISTO,"45",D5,"8",Paulo Rozani Lopes Da Silva,"2026-09-24 20:15:37","2026-09-24 20:40:00",24.38,Wallace Christian Gomes Esteves   ,"2026-09-24 22:41:34","2026-09-24 22:41:42",Maxmiler Fernandes Silva,"2026-09-24 21:08:28",2026-09-24 19:18:00.000,2026-09-25 04:13:00.000
MATRIZ,2026-09-24,2026-09-24,SUP JUJU,"7242401","000-7242401",11,10,1,TCB7I34,TCB7I34D3,36,MISTO,"49",D3,"8",Gianmiller Moraes,"2026-09-24 20:14:31","2026-09-24 20:26:36",12.08,Wallace Christian Gomes Esteves   ,"2026-09-24 22:41:55","2026-09-24 22:41:57",Maxmiler Fernandes Silva,"2026-09-24 21:13:49",2026-09-24 19:18:00.000,2026-09-25 04:13:00.000
MATRIZ,2026-09-24,2026-09-24,SUP JUJU,"7242401","000-7242401",11,10,1,TCB7I34,TCB7I34E2,241,MISTO,"50",E2,"8",Marcos Vinicio Alves Pessoa,"2026-09-24 20:09:42","2026-09-24 20:43:35",33.88,Wallace Christian Gomes Esteves   ,"2026-09-24 22:42:06","2026-09-24 22:42:08",Maxmiler Fernandes Silva,"2026-09-24 21:18:50",2026-09-24 19:18:00.000,2026-09-25 04:13:00.000
MATRIZ,2026-09-24,2026-09-24,SUP JUJU,"7242401","000-7242401",11,10,1,TCB7I34,TCB7I34E5,133,MISTO,"48",E5,"8",Leonardo Caetano Rodrigues,"2026-09-24 20:10:15","2026-09-24 20:32:58",22.72,Wallace Christian Gomes Esteves   ,"2026-09-24 22:42:12","2026-09-24 22:42:14",Maxmiler Fernandes Silva,"2026-09-24 21:10:49",2026-09-24 19:18:00.000,2026-09-25 04:13:00.000
MATRIZ,2026-09-24,2026-09-24,SUP JUJU,"7242401","000-7242401",11,10,1,TCB7I34,TCB7I34E1,76,MISTO,"46",E1,"8",Geraldo Teixeira Baia Junior,"2026-09-24 20:13:30","2026-09-24 20:32:38",19.13,Wallace Christian Gomes Esteves   ,"2026-09-24 22:42:25","2026-09-24 22:42:27",Maxmiler Fernandes Silva,"2026-09-24 21:11:55",2026-09-24 19:18:00.000,2026-09-25 04:13:00.000
MATRIZ,2026-09-24,2026-09-24,SUP JUJU,"7242401","000-7242401",11,10,1,TCB7I34,TCB7I34D2,199,MISTO,"52",D2,"8",Natan Silva Medeiros Júnior,"2026-09-24 20:09:46","2026-09-24 21:05:47",56.02,Wallace Christian Gomes Esteves   ,"2026-09-24 22:42:31","2026-09-24 22:42:33",Maxmiler Fernandes Silva,"2026-09-24 21:22:57",2026-09-24 19:18:00.000,2026-09-25 04:13:00.000
MATRIZ,2026-09-24,2026-09-24,SUP JUJU,"7242401","000-7242401",11,10,1,TCB7I34,TCB7I34D1,75,COMPLETO,,D1,"8",,,,,Wallace Christian Gomes Esteves   ,"2026-09-24 22:42:37","2026-09-24 22:42:46",Maxmiler Fernandes Silva,"2026-09-24 21:07:09",2026-09-24 19:18:00.000,2026-09-25 04:13:00.000
MATRIZ,2026-09-24,2026-09-24,SUP JUJU,"7242401","000-7242401",11,10,1,TCB7I34,TCB7I34E4,18,MISTO,"22",E4,"8",Denilton Batista Dos Santos,"2026-09-24 20:15:07","2026-09-24 20:23:55",8.80,Wallace Christian Gomes Esteves   ,"2026-09-24 22:41:01","2026-09-24 22:41:10",Maxmiler Fernandes Silva,"2026-09-24 21:14:55",2026-09-24 19:18:00.000,2026-09-25 04:13:00.000
MATRIZ,2026-09-24,2026-09-24,SUP JUJU,"7242401","000-7242401",11,10,1,TCB7I34,TCB7I34D4,25,MISTO,"44",D4,"8",Adilson José Gonçalves,"2026-09-24 20:14:59","2026-09-24 20:24:38",9.65,Wallace Christian Gomes Esteves   ,"2026-09-24 22:42:19","2026-09-24 22:42:21",Maxmiler Fernandes Silva,"2026-09-24 21:15:58",2026-09-24 19:18:00.000,2026-09-25 04:13:00.000
MATRIZ,2026-09-24,2026-09-24,MEXIDAO DA TIA DELMA,"7132401","000-7132401",7,7,0,JXS4C69,JXS4C69E1,60,MISTO,"127",E1,"1",Geraldo Teixeira Baia Junior,"2026-09-24 23:49:25","2026-09-25 00:04:35",15.17,Leonardo Miguel,"2026-09-25 03:25:41","2026-09-25 03:25:46",Maxmiler Fernandes Silva,"2026-09-25 02:36:36",2026-09-24 19:18:00.000,2026-09-25 04:13:00.000
MATRIZ,2026-09-24,2026-09-24,MEXIDAO DA TIA DELMA,"7132401","000-7132401",7,7,0,JXS4C69,JXS4C69D2,140,MISTO,"42",D2,"1",Marcos Vinicio Alves Pessoa,"2026-09-24 23:30:18","2026-09-25 00:25:06",54.80,Leonardo Miguel,"2026-09-25 03:25:10","2026-09-25 03:25:16",Maxmiler Fernandes Silva,"2026-09-25 03:02:00",2026-09-24 19:18:00.000,2026-09-25 04:13:00.000
MATRIZ,2026-09-24,2026-09-24,MEXIDAO DA TIA DELMA,"7132401","000-7132401",7,7,0,JXS4C69,JXS4C69D1,40,MISTO,"40",D1,"1",Gianmiller Moraes,"2026-09-25 01:28:49","2026-09-25 01:30:34",1.75,Leonardo Miguel,"2026-09-25 03:26:01","2026-09-25 03:26:52",Maxmiler Fernandes Silva,"2026-09-25 03:04:02",2026-09-24 19:18:00.000,2026-09-25 04:13:00.000
MATRIZ,2026-09-24,2026-09-24,MEXIDAO DA TIA DELMA,"7132401","000-7132401",7,7,0,JXS4C69,JXS4C69E2,41,MISTO,"19",E2,"1",Felipe Rogerio Estevam Da Silva ,"2026-09-25 01:07:41","2026-09-25 01:26:41",19.00,Leonardo Miguel,"2026-09-25 03:26:58","2026-09-25 03:27:07",Maxmiler Fernandes Silva,"2026-09-25 03:03:00",2026-09-24 19:18:00.000,2026-09-25 04:13:00.000
MATRIZ,2026-09-24,2026-09-24,MEXIDAO DA TIA DELMA,"7132401","000-7132401",7,7,0,JXS4C69,JXS4C69D3,211,MISTO,"46",D3,"1",Leonardo Caetano Rodrigues,"2026-09-25 02:57:23","2026-09-25 03:30:51",33.47,Wallace Christian Gomes Esteves   ,"2026-09-25 04:08:49","2026-09-25 04:09:01",Maxmiler Fernandes Silva,"2026-09-25 04:07:41",2026-09-24 19:18:00.000,2026-09-25 04:13:00.000
MATRIZ,2026-09-24,2026-09-24,MEXIDAO DA TIA DELMA,"7132401","000-7132401",7,7,0,JXS4C69,JXS4C69E3,105,MISTO,"5",E3,"1",Leonardo Caetano Rodrigues,"2026-09-25 01:14:34","2026-09-25 01:29:31",14.95,Leonardo Miguel,"2026-09-25 03:27:10","2026-09-25 03:27:13",Maxmiler Fernandes Silva,"2026-09-25 02:35:12",2026-09-24 19:18:00.000,2026-09-25 04:13:00.000
MATRIZ,2026-09-24,2026-09-24,BAR DO GALDINO,"7182401","000-7182401",7,6,1,RFP8G80,RFP8G80D2,47,MISTO,"96",D2,"10",Felipe Rogerio Estevam Da Silva ,"2026-09-24 21:15:24","2026-09-24 21:25:52",10.47,Leonardo Miguel,"2026-09-24 23:30:52","2026-09-24 23:31:02",Maxmiler Fernandes Silva,"2026-09-24 23:29:37",2026-09-24 19:18:00.000,2026-09-25 04:13:00.000
MATRIZ,2026-09-24,2026-09-24,BAR DO GALDINO,"7182401","000-7182401",7,6,1,RFP8G80,RFP8G80E1,91,MISTO,"94",E1,"10",Leonardo Caetano Rodrigues,"2026-09-24 21:16:16","2026-09-24 21:48:28",32.20,Leonardo Miguel,"2026-09-24 23:29:00","2026-09-24 23:29:11",Maxmiler Fernandes Silva,"2026-09-24 23:28:32",2026-09-24 19:18:00.000,2026-09-25 04:13:00.000
MATRIZ,2026-09-24,2026-09-24,BAR DO GALDINO,"7182401","000-7182401",7,6,1,RFP8G80,RFP8G80E2,251,MISTO,"98",E2,"10",Adilson José Gonçalves,"2026-09-24 21:12:18","2026-09-24 22:04:51",52.55,Leonardo Miguel,"2026-09-24 23:12:15","2026-09-24 23:12:40",Maxmiler Fernandes Silva,"2026-09-24 23:10:45",2026-09-24 19:18:00.000,2026-09-25 04:13:00.000
MATRIZ,2026-09-24,2026-09-24,BAR DO GALDINO,"7182401","000-7182401",7,6,1,RFP8G80,RFP8G80D1,75,COMPLETO,,D1,"10",,,,,Leonardo Miguel,"2026-09-24 23:07:36","2026-09-24 23:07:57",Maxmiler Fernandes Silva,"2026-09-24 22:52:08",2026-09-24 19:18:00.000,2026-09-25 04:13:00.000
MATRIZ,2026-09-24,2026-09-24,BAR DO GALDINO,"7182401","000-7182401",7,6,1,RFP8G80,RFP8G80E3,226,MISTO,"18",E3,"10",Marcos Vinicio Alves Pessoa,"2026-09-24 21:14:39","2026-09-24 22:22:45",68.10,Leonardo Miguel,"2026-09-24 23:31:15","2026-09-24 23:31:20",Nordires Vieira Dos Santos,"2026-09-24 23:30:49",2026-09-24 19:18:00.000,2026-09-25 04:13:00.000
MATRIZ,2026-09-24,2026-09-24,BAR DO GALDINO,"7182401","000-7182401",7,6,1,RFP8G80,RFP8G80D3,44,MISTO,"92",D3,"10",Geraldo Teixeira Baia Junior,"2026-09-24 21:15:57","2026-09-24 21:35:07",19.17,Leonardo Miguel,"2026-09-24 23:29:56","2026-09-24 23:30:04",Nordires Vieira Dos Santos,"2026-09-24 23:28:52",2026-09-24 19:18:00.000,2026-09-25 04:13:00.000
MATRIZ,2026-09-24,2026-09-24,ACAI E CIA,"7142401","000-7142401",7,7,0,HAI2518,HAI2518D1,40,MISTO,"23",D1,"8",Natan Silva Medeiros Júnior,"2026-09-25 01:26:32","2026-09-25 01:36:52",10.33,Leonardo Miguel,"2026-09-25 03:23:47","2026-09-25 03:23:50",Maxmiler Fernandes Silva,"2026-09-25 02:40:58",2026-09-24 19:18:00.000,2026-09-25 04:13:00.000
MATRIZ,2026-09-24,2026-09-24,ACAI E CIA,"7142401","000-7142401",7,7,0,HAI2518,HAI2518E1,69,MISTO,"41",E1,"8",Paulo Rozani Lopes Da Silva,"2026-09-25 01:12:42","2026-09-25 01:42:18",29.60,Leonardo Miguel,"2026-09-25 03:24:23","2026-09-25 03:24:28",Maxmiler Fernandes Silva,"2026-09-25 02:39:41",2026-09-24 19:18:00.000,2026-09-25 04:13:00.000
MATRIZ,2026-09-24,2026-09-24,ACAI E CIA,"7142401","000-7142401",7,7,0,HAI2518,HAI2518E3,76,MISTO,"43",E3,"8",Geraldo Teixeira Baia Junior,"2026-09-25 01:10:06","2026-09-25 01:33:44",23.63,Leonardo Miguel,"2026-09-25 03:23:55","2026-09-25 03:23:59",Maxmiler Fernandes Silva,"2026-09-25 02:43:17",2026-09-24 19:18:00.000,2026-09-25 04:13:00.000
MATRIZ,2026-09-24,2026-09-24,ACAI E CIA,"7142401","000-7142401",7,7,0,HAI2518,HAI2518D2,156,MISTO,"7",D2,"8",Marcos Vinicio Alves Pessoa,"2026-09-25 01:05:50","2026-09-25 02:04:25",58.58,Leonardo Miguel,"2026-09-25 03:24:12","2026-09-25 03:24:17",Maxmiler Fernandes Silva,"2026-09-25 02:38:09",2026-09-24 19:18:00.000,2026-09-25 04:13:00.000
MATRIZ,2026-09-24,2026-09-24,ACAI E CIA,"7142401","000-7142401",7,7,0,HAI2518,HAI2518D3,233,MISTO,"1",D3,"8",Geraldo Teixeira Baia Junior,"2026-09-25 00:35:46","2026-09-25 01:08:27",32.68,Leonardo Miguel,"2026-09-25 03:24:31","2026-09-25 03:24:34",Maxmiler Fernandes Silva,"2026-09-25 02:44:13",2026-09-24 19:18:00.000,2026-09-25 04:13:00.000
MATRIZ,2026-09-24,2026-09-24,ACAI E CIA,"7142401","000-7142401",7,7,0,HAI2518,HAI2518E2,67,MISTO,"32",E2,"8",Denilton Batista Dos Santos,"2026-09-25 02:53:52","2026-09-25 03:29:17",35.42,Wallace Christian Gomes Esteves   ,"2026-09-25 04:09:13","2026-09-25 04:09:16",Maxmiler Fernandes Silva,"2026-09-25 04:06:24",2026-09-24 19:18:00.000,2026-09-25 04:13:00.000
MATRIZ,2026-09-24,2026-09-24,BAR DO LICO,"7382401","000-7382401",7,7,0,KKJ5250,KKJ5250D2,57,MISTO,"52",D2,"5",Gianmiller Moraes,"2026-09-25 03:10:25","2026-09-25 03:36:48",26.38,Wallace Christian Gomes Esteves   ,"2026-09-25 04:03:38","2026-09-25 04:03:40",Maxmiler Fernandes Silva,"2026-09-25 04:01:15",2026-09-24 19:18:00.000,2026-09-25 04:13:00.000
MATRIZ,2026-09-24,2026-09-24,BAR DO LICO,"7382401","000-7382401",7,7,0,KKJ5250,KKJ5250E2,52,MISTO,"15",E2,"5",Leonardo Caetano Rodrigues,"2026-09-25 02:32:04","2026-09-25 02:52:56",20.87,Wallace Christian Gomes Esteves   ,"2026-09-25 04:03:17","2026-09-25 04:03:24",Maxmiler Fernandes Silva,"2026-09-25 03:51:54",2026-09-24 19:18:00.000,2026-09-25 04:13:00.000
MATRIZ,2026-09-24,2026-09-24,BAR DO LICO,"7382401","000-7382401",7,7,0,KKJ5250,KKJ5250E1,206,MISTO,"50",E1,"5",Natan Silva Medeiros Júnior,"2026-09-25 02:25:38","2026-09-25 03:07:09",41.52,Wallace Christian Gomes Esteves   ,"2026-09-25 04:03:47","2026-09-25 04:03:49",Maxmiler Fernandes Silva,"2026-09-25 03:58:05",2026-09-24 19:18:00.000,2026-09-25 04:13:00.000
MATRIZ,2026-09-24,2026-09-24,BAR DO LICO,"7382401","000-7382401",7,7,0,KKJ5250,KKJ5250D1,40,MISTO,"25",D1,"5",Pedro Lucas Procópio dos Santos,"2026-09-25 03:08:20","2026-09-25 03:20:00",11.67,Wallace Christian Gomes Esteves   ,"2026-09-25 04:03:30","2026-09-25 04:03:32",Maxmiler Fernandes Silva,"2026-09-25 03:37:10",2026-09-24 19:18:00.000,2026-09-25 04:13:00.000
MATRIZ,2026-09-24,2026-09-24,BAR DO LICO,"7382401","000-7382401",7,7,0,KKJ5250,KKJ5250D3,42,MISTO,"48",D3,"5",Gianmiller Moraes,"2026-09-25 02:43:54","2026-09-25 03:04:05",20.18,Wallace Christian Gomes Esteves   ,"2026-09-25 04:06:49","2026-09-25 04:06:51",Maxmiler Fernandes Silva,"2026-09-25 03:50:04",2026-09-24 19:18:00.000,2026-09-25 04:13:00.000
MATRIZ,2026-09-24,2026-09-24,BAR DO LICO,"7382401","000-7382401",7,7,0,KKJ5250,KKJ5250E3,265,MISTO,"49",E3,"5",Marcos Vinicio Alves Pessoa,"2026-09-25 02:19:23","2026-09-25 03:12:27",53.07,Wallace Christian Gomes Esteves   ,"2026-09-25 04:04:05","2026-09-25 04:04:07",Maxmiler Fernandes Silva,"2026-09-25 03:57:49",2026-09-24 19:18:00.000,2026-09-25 04:13:00.000
MATRIZ,2026-09-24,2026-09-24,FRANGOLITO GV,"7122401","000-7122401",7,7,0,DJB5C58,DJB5C58E1,197,MISTO,"128",E1,"2",Felipe Rogerio Estevam Da Silva ,"2026-09-24 23:11:52","2026-09-25 00:04:37",52.75,Leonardo Miguel,"2026-09-25 03:29:26","2026-09-25 03:29:29",Maxmiler Fernandes Silva,"2026-09-25 02:03:37",2026-09-24 19:18:00.000,2026-09-25 04:13:00.000
MATRIZ,2026-09-24,2026-09-24,FRANGOLITO GV,"7122401","000-7122401",7,7,0,DJB5C58,DJB5C58D3,38,MISTO,"4",D3,"2",Leonardo Caetano Rodrigues,"2026-09-24 23:25:23","2026-09-24 23:46:29",21.10,Leonardo Miguel,"2026-09-25 03:29:58","2026-09-25 03:30:05",Maxmiler Fernandes Silva,"2026-09-25 01:51:54",2026-09-24 19:18:00.000,2026-09-25 04:13:00.000
MATRIZ,2026-09-24,2026-09-24,FRANGOLITO GV,"7122401","000-7122401",7,7,0,DJB5C58,DJB5C58D2,70,MISTO,"114",D2,"2",Paulo Rozani Lopes Da Silva,"2026-09-24 23:21:27","2026-09-24 23:58:42",37.25,Leonardo Miguel,"2026-09-25 03:29:33","2026-09-25 03:29:36",Maxmiler Fernandes Silva,"2026-09-25 01:56:41",2026-09-24 19:18:00.000,2026-09-25 04:13:00.000
MATRIZ,2026-09-24,2026-09-24,FRANGOLITO GV,"7122401","000-7122401",7,7,0,DJB5C58,DJB5C58E3,110,MISTO,"102",E3,"2",Geraldo Teixeira Baia Junior,"2026-09-24 23:20:23","2026-09-24 23:48:37",28.23,Leonardo Miguel,"2026-09-25 03:29:39","2026-09-25 03:29:45",Maxmiler Fernandes Silva,"2026-09-25 01:53:49",2026-09-24 19:18:00.000,2026-09-25 04:13:00.000
MATRIZ,2026-09-24,2026-09-24,FRANGOLITO GV,"7122401","000-7122401",7,7,0,DJB5C58,DJB5C58E2,304,MISTO,"33",E2,"2",Denilton Batista Dos Santos,"2026-09-24 23:11:44","2026-09-25 02:29:43",197.98,Leonardo Miguel,"2026-09-25 03:30:11","2026-09-25 03:30:16",Maxmiler Fernandes Silva,"2026-09-25 02:59:03",2026-09-24 19:18:00.000,2026-09-25 04:13:00.000
MATRIZ,2026-09-24,2026-09-24,FRANGOLITO GV,"7122401","000-7122401",7,7,0,DJB5C58,DJB5C58D1,40,MISTO,"39",D1,"2",Marcos Vinicio Alves Pessoa,"2026-09-24 23:22:11","2026-09-24 23:28:17",6.10,Leonardo Miguel,"2026-09-25 03:30:19","2026-09-25 03:30:23",Maxmiler Fernandes Silva,"2026-09-25 01:55:12",2026-09-24 19:18:00.000,2026-09-25 04:13:00.000
MATRIZ,2026-09-24,2026-09-24,AUTO POSTO BELO VALE LTDA,"7152401","000-7152401",7,7,0,MQU8E71,MQU8E71E1,66,MISTO,"9",E1,"7",Geraldo Teixeira Baia Junior,"2026-09-25 01:34:16","2026-09-25 01:54:20",20.07,Wallace Christian Gomes Esteves   ,"2026-09-25 04:10:52","2026-09-25 04:11:01",Maxmiler Fernandes Silva,"2026-09-25 02:47:22",2026-09-24 19:18:00.000,2026-09-25 04:13:00.000
MATRIZ,2026-09-24,2026-09-24,AUTO POSTO BELO VALE LTDA,"7152401","000-7152401",7,7,0,MQU8E71,MQU8E71D2,234,MISTO,"37",D2,"7",Felipe Rogerio Estevam Da Silva ,"2026-09-25 01:27:28","2026-09-25 02:01:53",34.42,Leonardo Miguel,"2026-09-25 03:33:38","2026-09-25 03:33:46",Maxmiler Fernandes Silva,"2026-09-25 02:48:57",2026-09-24 19:18:00.000,2026-09-25 04:13:00.000
MATRIZ,2026-09-24,2026-09-24,AUTO POSTO BELO VALE LTDA,"7152401","000-7152401",7,7,0,MQU8E71,MQU8E71E3,152,MISTO,"38",E3,"7",Leonardo Caetano Rodrigues,"2026-09-25 01:29:44","2026-09-25 01:48:07",18.38,Leonardo Miguel,"2026-09-25 03:32:45","2026-09-25 03:32:59",Maxmiler Fernandes Silva,"2026-09-25 02:45:48",2026-09-24 19:18:00.000,2026-09-25 04:13:00.000
MATRIZ,2026-09-24,2026-09-24,AUTO POSTO BELO VALE LTDA,"7152401","000-7152401",7,7,0,MQU8E71,MQU8E71D1,55,MISTO,"10",D1,"7",Gianmiller Moraes,"2026-09-25 01:35:08","2026-09-25 01:46:21",11.22,Leonardo Miguel,"2026-09-25 03:33:21","2026-09-25 03:33:26",Maxmiler Fernandes Silva,"2026-09-25 02:49:40",2026-09-24 19:18:00.000,2026-09-25 04:13:00.000
MATRIZ,2026-09-24,2026-09-24,AUTO POSTO BELO VALE LTDA,"7152401","000-7152401",7,7,0,MQU8E71,MQU8E71E2,207,MISTO,"8",E2,"7",Pedro Lucas Procópio dos Santos,"2026-09-25 01:28:20","2026-09-25 02:36:59",68.65,Wallace Christian Gomes Esteves   ,"2026-09-25 04:10:10","2026-09-25 04:10:44",Maxmiler Fernandes Silva,"2026-09-25 03:40:50",2026-09-24 19:18:00.000,2026-09-25 04:13:00.000
MATRIZ,2026-09-24,2026-09-24,AUTO POSTO BELO VALE LTDA,"7152401","000-7152401",7,7,0,MQU8E71,MQU8E71D3,41,MISTO,"44",D3,"7",Pedro Lucas Procópio dos Santos,"2026-09-25 02:43:23","2026-09-25 03:03:03",19.67,Wallace Christian Gomes Esteves   ,"2026-09-25 04:09:55","2026-09-25 04:10:01",Maxmiler Fernandes Silva,"2026-09-25 03:41:30",2026-09-24 19:18:00.000,2026-09-25 04:13:00.000
MATRIZ,2026-09-02,2026-09-02,SACOLAO PRISCILA,"7380201","000-7380201",7,7,0,KKJ5250,KKJ5250E1,40,MISTO,"26",E1,NAO MONTAR,Geraldo Teixeira Baia Junior,"2026-09-03 01:33:41","2026-09-03 01:40:15",6.57,João Victor Silva Leal,"2026-09-03 05:44:39","2026-09-03 05:44:51",Maxmiler Fernandes Silva,"2026-09-03 04:59:21",2026-09-02 20:45:00.000,2026-09-03 06:03:00.000
MATRIZ,2026-09-02,2026-09-02,SACOLAO PRISCILA,"7380201","000-7380201",7,7,0,KKJ5250,KKJ5250D2,244,MISTO,"22",D2,NAO MONTAR,Leonardo Caetano Rodrigues,"2026-09-02 23:53:31","2026-09-03 01:49:47",116.27,Alexsander Campos Silva,"2026-09-03 05:46:14","2026-09-03 05:46:17",Maxmiler Fernandes Silva,"2026-09-03 05:41:28",2026-09-02 20:45:00.000,2026-09-03 06:03:00.000
MATRIZ,2026-09-02,2026-09-02,SACOLAO PRISCILA,"7380201","000-7380201",7,7,0,KKJ5250,KKJ5250D3,45,MISTO,"24",D3,NAO MONTAR,Cleiton Aparecido Da Costa,"2026-09-03 01:07:21","2026-09-03 01:44:45",37.40,Alexsander Campos Silva,"2026-09-03 05:45:54","2026-09-03 05:46:03",Maxmiler Fernandes Silva,"2026-09-03 05:37:41",2026-09-02 20:45:00.000,2026-09-03 06:03:00.000
MATRIZ,2026-09-02,2026-09-02,SACOLAO PRISCILA,"7380201","000-7380201",7,7,0,KKJ5250,KKJ5250E2,168,MISTO,"25",E2,NAO MONTAR,Geraldo Teixeira Baia Junior,"2026-09-03 00:59:07","2026-09-03 01:31:44",32.62,João Victor Silva Leal,"2026-09-03 05:45:56","2026-09-03 05:46:13",Maxmiler Fernandes Silva,"2026-09-03 05:38:45",2026-09-02 20:45:00.000,2026-09-03 06:03:00.000
MATRIZ,2026-09-02,2026-09-02,SACOLAO PRISCILA,"7380201","000-7380201",7,7,0,KKJ5250,KKJ5250D1,254,MISTO,"21",D1,NAO MONTAR,Marcos Vinicio Alves Pessoa,"2026-09-02 23:54:11","2026-09-03 01:39:31",105.33,Alexsander Campos Silva,"2026-09-03 05:46:23","2026-09-03 05:46:25",Maxmiler Fernandes Silva,"2026-09-03 05:41:38",2026-09-02 20:45:00.000,2026-09-03 06:03:00.000
MATRIZ,2026-09-02,2026-09-02,SACOLAO PRISCILA,"7380201","000-7380201",7,7,0,KKJ5250,KKJ5250E3,196,MISTO,"23",E3,NAO MONTAR,Geraldo Teixeira Baia Junior,"2026-09-02 23:58:55","2026-09-03 00:57:34",58.65,João Victor Silva Leal,"2026-09-03 05:46:18","2026-09-03 05:46:39",Maxmiler Fernandes Silva,"2026-09-03 05:41:00",2026-09-02 20:45:00.000,2026-09-03 06:03:00.000
MATRIZ,2026-09-02,2026-09-02,SACOLAO PRISCILA,"7380201","000-7380201",7,7,0,KKJ5250,KKJ5250DESTILADO E ALIMENTOS,22,CAIXA - UNITARIOS,"27",D1,NAO MONTAR,Marcos Vinicio Alves Pessoa,"2026-09-03 01:44:59","2026-09-03 01:47:27",2.47,José Conferente,"2026-09-03 21:18:28","2026-09-03 21:18:34",,,2026-09-02 20:45:00.000,2026-09-03 06:03:00.000
MATRIZ,2026-09-02,2026-09-02,MERCEARIA SOARES,"7410201","000-7410201",7,7,0,OWQ4406,OWQ4406D3,115,MISTO,"3",D3,,Cleiton Aparecido Da Costa,"2026-09-02 21:24:54","2026-09-02 22:24:12",59.30,Alexsander Campos Silva,"2026-09-03 02:58:22","2026-09-03 02:58:36",Maxmiler Fernandes Silva,"2026-09-03 00:02:31",2026-09-02 20:45:00.000,2026-09-03 06:03:00.000
MATRIZ,2026-09-02,2026-09-02,MERCEARIA SOARES,"7410201","000-7410201",7,7,0,OWQ4406,OWQ4406D1,68,MISTO,"5",D1,,Leonardo Caetano Rodrigues,"2026-09-02 22:02:58","2026-09-02 22:24:47",21.82,Alexsander Campos Silva,"2026-09-03 02:57:21","2026-09-03 02:57:54",Maxmiler Fernandes Silva,"2026-09-03 00:30:45",2026-09-02 20:45:00.000,2026-09-03 06:03:00.000
MATRIZ,2026-09-02,2026-09-02,MERCEARIA SOARES,"7410201","000-7410201",7,7,0,OWQ4406,OWQ4406E2,48,MISTO,"6",E2,,Geraldo Teixeira Baia Junior,"2026-09-02 22:05:24","2026-09-02 22:26:24",21.00,Alexsander Campos Silva,"2026-09-03 02:59:23","2026-09-03 02:59:31",Maxmiler Fernandes Silva,"2026-09-03 02:55:30",2026-09-02 20:45:00.000,2026-09-03 06:03:00.000
MATRIZ,2026-09-02,2026-09-02,MERCEARIA SOARES,"7410201","000-7410201",7,7,0,OWQ4406,OWQ4406DESTILADO E ALIMENTOS,17,CAIXA - UNITARIOS,"7",D1,,Marcos Vinicio Alves Pessoa,"2026-09-02 22:18:51","2026-09-02 22:21:22",2.52,Alexsander Campos Silva,"2026-09-03 03:07:56","2026-09-03 03:08:01",,,2026-09-02 20:45:00.000,2026-09-03 06:03:00.000
MATRIZ,2026-09-02,2026-09-02,MERCEARIA SOARES,"7410201","000-7410201",7,7,0,OWQ4406,OWQ4406E3,149,MISTO,"2",E3,,Marcos Vinicio Alves Pessoa,"2026-09-02 21:24:50","2026-09-02 22:13:08",48.30,Alexsander Campos Silva,"2026-09-03 02:58:46","2026-09-03 02:59:00",Maxmiler Fernandes Silva,"2026-09-03 00:35:13",2026-09-02 20:45:00.000,2026-09-03 06:03:00.000
MATRIZ,2026-09-02,2026-09-02,MERCEARIA SOARES,"7410201","000-7410201",7,7,0,OWQ4406,OWQ4406D2,185,MISTO,"4",D2,,Leonardo Caetano Rodrigues,"2026-09-02 21:24:55","2026-09-02 21:58:22",33.45,Alexsander Campos Silva,"2026-09-03 02:57:59","2026-09-03 02:58:10",Maxmiler Fernandes Silva,"2026-09-03 00:24:19",2026-09-02 20:45:00.000,2026-09-03 06:03:00.000
MATRIZ,2026-09-02,2026-09-02,MERCEARIA SOARES,"7410201","000-7410201",7,7,0,OWQ4406,OWQ4406E1,214,MISTO,"1",E1,,Geraldo Teixeira Baia Junior,"2026-09-02 21:24:49","2026-09-02 22:01:42",36.88,Alexsander Campos Silva,"2026-09-03 02:59:03","2026-09-03 02:59:10",Maxmiler Fernandes Silva,"2026-09-03 00:14:44",2026-09-02 20:45:00.000,2026-09-03 06:03:00.000
MATRIZ,2026-09-03,2026-09-03,MEXIDAO DA TIA DELMA,"7180301","000-7180301",7,5,2,RFP8G80,RFP8G80E3,238,MISTO,"19",E3,"4",Pedro Lucas Procópio dos Santos,"2026-09-04 02:38:05","2026-09-04 03:27:41",49.60,Alexsander Campos Silva,"2026-09-04 05:32:09","2026-09-04 05:32:13",Maxmiler Fernandes Silva,"2026-09-04 05:10:42",2026-09-03 19:37:00.000,2026-09-04 05:36:00.000
MATRIZ,2026-09-03,2026-09-03,MEXIDAO DA TIA DELMA,"7180301","000-7180301",7,5,2,RFP8G80,RFP8G80D3,117,MISTO,"18",D3,"4",Marcos Vinicio Alves Pessoa,"2026-09-04 02:45:39","2026-09-04 03:15:15",29.60,Alexsander Campos Silva,"2026-09-04 05:29:27","2026-09-04 05:31:23",Maxmiler Fernandes Silva,"2026-09-04 05:14:59",2026-09-03 19:37:00.000,2026-09-04 05:36:00.000
MATRIZ,2026-09-03,2026-09-03,MEXIDAO DA TIA DELMA,"7180301","000-7180301",7,5,2,RFP8G80,RFP8G80D2,48,MISTO,"16",D2,"4",Geraldo Teixeira Baia Junior,"2026-09-04 02:52:28","2026-09-04 04:30:10",97.70,Alexsander Campos Silva,"2026-09-04 05:32:36","2026-09-04 05:32:39",Maxmiler Fernandes Silva,"2026-09-04 05:20:57",2026-09-03 19:37:00.000,2026-09-04 05:36:00.000
MATRIZ,2026-09-03,2026-09-03,MEXIDAO DA TIA DELMA,"7180301","000-7180301",7,5,2,RFP8G80,RFP8G80E1,50,COMPLETO,,E1,"4",,,,,Alexsander Campos Silva,"2026-09-04 05:31:35","2026-09-04 05:31:39",Maxmiler Fernandes Silva,"2026-09-04 03:34:34",2026-09-03 19:37:00.000,2026-09-04 05:36:00.000
MATRIZ,2026-09-03,2026-09-03,MEXIDAO DA TIA DELMA,"7180301","000-7180301",7,5,2,RFP8G80,RFP8G80D1,50,COMPLETO,,D1,"4",,,,,Alexsander Campos Silva,"2026-09-04 05:31:50","2026-09-04 05:31:55",Maxmiler Fernandes Silva,"2026-09-04 03:34:38",2026-09-03 19:37:00.000,2026-09-04 05:36:00.000
MATRIZ,2026-09-03,2026-09-03,MEXIDAO DA TIA DELMA,"7180301","000-7180301",7,5,2,RFP8G80,RFP8G80E2,64,MISTO,"17",E2,"4",Natan Silva Medeiros Júnior,"2026-09-04 02:46:27","2026-09-04 03:17:15",30.80,Alexsander Campos Silva,"2026-09-04 05:31:59","2026-09-04 05:32:02",Maxmiler Fernandes Silva,"2026-09-04 05:12:01",2026-09-03 19:37:00.000,2026-09-04 05:36:00.000
MATRIZ,2026-09-03,2026-09-03,EURIDES BAR,"7380301","000-7380301",7,7,0,KKJ5250,KKJ5250D1,40,MISTO,"27",D1,"1",Marcos Vinicio Alves Pessoa,"2026-09-04 01:32:18","2026-09-04 01:36:31",4.22,Alexsander Campos Silva,"2026-09-04 04:11:35","2026-09-04 04:11:41",Maxmiler Fernandes Silva,"2026-09-04 04:06:30",2026-09-03 19:37:00.000,2026-09-04 05:36:00.000
MATRIZ,2026-09-03,2026-09-03,EURIDES BAR,"7380301","000-7380301",7,7,0,KKJ5250,KKJ5250E3,73,MISTO,"30",E3,"1",Marcos Vinicio Alves Pessoa,"2026-09-04 00:32:26","2026-09-04 01:27:52",55.43,Alexsander Campos Silva,"2026-09-04 04:10:23","2026-09-04 04:11:31",Maxmiler Fernandes Silva,"2026-09-04 04:10:11",2026-09-03 19:37:00.000,2026-09-04 05:36:00.000
MATRIZ,2026-09-03,2026-09-03,EURIDES BAR,"7380301","000-7380301",7,7,0,KKJ5250,KKJ5250E1,54,MISTO,"29",E1,"1",Pedro Lucas Procópio dos Santos,"2026-09-04 01:06:00","2026-09-04 01:39:45",33.75,Alexsander Campos Silva,"2026-09-04 05:16:07","2026-09-04 05:16:22",Maxmiler Fernandes Silva,"2026-09-04 04:39:46",2026-09-03 19:37:00.000,2026-09-04 05:36:00.000
MATRIZ,2026-09-03,2026-09-03,EURIDES BAR,"7380301","000-7380301",7,7,0,KKJ5250,KKJ5250D2,169,MISTO,"31",D2,"1",Geraldo Teixeira Baia Junior,"2026-09-03 23:47:39","2026-09-04 01:01:46",74.12,Alexsander Campos Silva,"2026-09-04 05:17:08","2026-09-04 05:17:15",Maxmiler Fernandes Silva,"2026-09-04 05:16:40",2026-09-03 19:37:00.000,2026-09-04 05:36:00.000
MATRIZ,2026-09-03,2026-09-03,EURIDES BAR,"7380301","000-7380301",7,7,0,KKJ5250,KKJ5250E2,127,MISTO,"28",E2,"1",Natan Silva Medeiros Júnior,"2026-09-04 01:07:08","2026-09-04 01:41:04",33.93,Alexsander Campos Silva,"2026-09-04 05:15:52","2026-09-04 05:15:57",Maxmiler Fernandes Silva,"2026-09-04 04:41:50",2026-09-03 19:37:00.000,2026-09-04 05:36:00.000
MATRIZ,2026-09-03,2026-09-03,EURIDES BAR,"7380301","000-7380301",7,7,0,KKJ5250,KKJ5250D3,40,MISTO,"26",D3,"1",Geraldo Teixeira Baia Junior,"2026-09-04 01:10:06","2026-09-04 01:32:27",22.35,Alexsander Campos Silva,"2026-09-04 05:16:58","2026-09-04 05:17:05",Maxmiler Fernandes Silva,"2026-09-04 04:35:59",2026-09-03 19:37:00.000,2026-09-04 05:36:00.000
MATRIZ,2026-09-03,2026-09-03,FRANGOLITO GV,"7120301","000-7120301",7,7,0,DJB5C58,DJB5C58E3,262,MISTO,"25",E3,"2",Geraldo Teixeira Baia Junior,"2026-09-04 01:36:34","2026-09-04 02:48:34",72.00,Alexsander Campos Silva,"2026-09-04 05:18:21","2026-09-04 05:18:24",Maxmiler Fernandes Silva,"2026-09-04 05:00:45",2026-09-03 19:37:00.000,2026-09-04 05:36:00.000
MATRIZ,2026-09-03,2026-09-03,FRANGOLITO GV,"7120301","000-7120301",7,7,0,DJB5C58,DJB5C58D3,235,MISTO,"24",D3,"2",Marcos Vinicio Alves Pessoa,"2026-09-04 01:38:01","2026-09-04 02:38:43",60.70,Alexsander Campos Silva,"2026-09-04 05:19:29","2026-09-04 05:19:32",Maxmiler Fernandes Silva,"2026-09-04 04:56:56",2026-09-03 19:37:00.000,2026-09-04 05:36:00.000
MATRIZ,2026-09-03,2026-09-03,FRANGOLITO GV,"7120301","000-7120301",7,7,0,DJB5C58,DJB5C58D1,28,MISTO,"20",D1,"2",Natan Silva Medeiros Júnior,"2026-09-04 02:31:46","2026-09-04 02:42:46",11.00,Alexsander Campos Silva,"2026-09-04 05:19:01","2026-09-04 05:19:04",Maxmiler Fernandes Silva,"2026-09-04 04:47:53",2026-09-03 19:37:00.000,2026-09-04 05:36:00.000
MATRIZ,2026-09-03,2026-09-03,FRANGOLITO GV,"7120301","000-7120301",7,7,0,DJB5C58,DJB5C58D2,39,MISTO,"22",D2,"2",Natan Silva Medeiros Júnior,"2026-09-04 02:25:21","2026-09-04 02:25:59",0.63,Alexsander Campos Silva,"2026-09-04 05:19:12","2026-09-04 05:19:15",Maxmiler Fernandes Silva,"2026-09-04 05:06:09",2026-09-03 19:37:00.000,2026-09-04 05:36:00.000
MATRIZ,2026-09-03,2026-09-03,FRANGOLITO GV,"7120301","000-7120301",7,7,0,DJB5C58,DJB5C58E2,74,MISTO,"21",E2,"2",Pedro Lucas Procópio dos Santos,"2026-09-04 01:53:31","2026-09-04 02:27:44",34.22,Alexsander Campos Silva,"2026-09-04 05:18:31","2026-09-04 05:18:37",Maxmiler Fernandes Silva,"2026-09-04 04:46:16",2026-09-03 19:37:00.000,2026-09-04 05:36:00.000
MATRIZ,2026-09-03,2026-09-03,FRANGOLITO GV,"7120301","000-7120301",7,7,0,DJB5C58,DJB5C58E1,178,MISTO,"23",E1,"2",Natan Silva Medeiros Júnior,"2026-09-04 01:46:19","2026-09-04 02:20:00",33.68,Alexsander Campos Silva,"2026-09-04 05:18:40","2026-09-04 05:18:43",Maxmiler Fernandes Silva,"2026-09-04 05:04:14",2026-09-03 19:37:00.000,2026-09-04 05:36:00.000
MATRIZ,2026-09-03,2026-09-03,SUP COIMBRA,"7250301","000-7250301",11,10,1,TCL0I17,TCL0I17E1,74,MISTO,"15",E1,"6",Geraldo Teixeira Baia Junior,"2026-09-03 21:56:51","2026-09-03 22:16:11",19.33,Alexsander Campos Silva,"2026-09-04 02:28:54","2026-09-04 02:29:29",Maxmiler Fernandes Silva,"2026-09-04 02:55:49",2026-09-03 19:37:00.000,2026-09-04 05:36:00.000
MATRIZ,2026-09-03,2026-09-03,SUP COIMBRA,"7250301","000-7250301",11,10,1,TCL0I17,TCL0I17E4,66,MISTO,"11",E4,"6",Marcos Vinicio Alves Pessoa,"2026-09-03 21:58:02","2026-09-03 22:22:28",24.43,,"2026-09-04 02:06:44","2026-09-04 02:10:40",Maxmiler Fernandes Silva,"2026-09-04 02:57:02",2026-09-03 19:37:00.000,2026-09-04 05:36:00.000
MATRIZ,2026-09-03,2026-09-03,SUP COIMBRA,"7250301","000-7250301",11,10,1,TCL0I17,TCL0I17E2,85,MISTO,"51",E2,"6",Natan Silva Medeiros Júnior,"2026-09-03 21:27:00","2026-09-03 21:57:50",30.83,Alexsander Campos Silva,"2026-09-04 02:23:38","2026-09-04 02:27:21",Maxmiler Fernandes Silva,"2026-09-04 02:50:17",2026-09-03 19:37:00.000,2026-09-04 05:36:00.000
MATRIZ,2026-09-03,2026-09-03,SUP COIMBRA,"7250301","000-7250301",11,10,1,TCL0I17,TCL0I17D2,153,MISTO,"52",D2,"6",Marcos Vinicio Alves Pessoa,"2026-09-03 21:19:01","2026-09-03 21:55:08",36.12,Alexsander Campos Silva,"2026-09-04 02:16:08","2026-09-04 02:23:09",Maxmiler Fernandes Silva,"2026-09-04 02:51:25",2026-09-03 19:37:00.000,2026-09-04 05:36:00.000
MATRIZ,2026-09-03,2026-09-03,SUP COIMBRA,"7250301","000-7250301",11,10,1,TCL0I17,TCL0I17D1,50,COMPLETO,,D1,"6",,,,,Alexsander Campos Silva,"2026-09-04 04:14:00","2026-09-04 04:14:47",Maxmiler Fernandes Silva,"2026-09-04 02:44:17",2026-09-03 19:37:00.000,2026-09-04 05:36:00.000
MATRIZ,2026-09-03,2026-09-03,SUP COIMBRA,"7250301","000-7250301",11,10,1,TCL0I17,TCL0I17D5,20,MISTO,"48",D5,"6",Natan Silva Medeiros Júnior,"2026-09-03 22:22:47","2026-09-03 22:31:00",8.22,Alexsander Campos Silva,"2026-09-04 02:27:38","2026-09-04 02:28:37",Maxmiler Fernandes Silva,"2026-09-04 02:54:37",2026-09-03 19:37:00.000,2026-09-04 05:36:00.000
MATRIZ,2026-09-03,2026-09-03,SUP COIMBRA,"7250301","000-7250301",11,10,1,TCL0I17,TCL0I17D4,31,MISTO,"49",D4,"6",Pedro Lucas Procópio dos Santos,"2026-09-03 22:10:36","2026-09-03 22:26:37",16.02,Alexsander Campos Silva,"2026-09-04 02:34:49","2026-09-04 02:37:23",Maxmiler Fernandes Silva,"2026-09-04 02:58:53",2026-09-03 19:37:00.000,2026-09-04 05:36:00.000
MATRIZ,2026-09-03,2026-09-03,SUP COIMBRA,"7250301","000-7250301",11,10,1,TCL0I17,TCL0I17E5,16,MISTO,"46",E5,"6",Marcos Vinicio Alves Pessoa,"2026-09-03 22:26:10","2026-09-03 22:36:01",9.85,,"2026-09-04 02:02:39","2026-09-04 02:04:20",Maxmiler Fernandes Silva,"2026-09-04 02:46:06",2026-09-03 19:37:00.000,2026-09-04 05:36:00.000
MATRIZ,2026-09-03,2026-09-03,SUP COIMBRA,"7250301","000-7250301",11,10,1,TCL0I17,TCL0I17D3,18,MISTO,"47",D3,"6",Geraldo Teixeira Baia Junior,"2026-09-03 22:24:49","2026-09-03 22:32:02",7.22,Alexsander Campos Silva,"2026-09-04 02:04:37","2026-09-04 02:05:31",Maxmiler Fernandes Silva,"2026-09-04 02:47:51",2026-09-03 19:37:00.000,2026-09-04 05:36:00.000
MATRIZ,2026-09-03,2026-09-03,SUP COIMBRA,"7250301","000-7250301",11,10,1,TCL0I17,TCL0I17E3,64,MISTO,"50",E3,"6",Natan Silva Medeiros Júnior,"2026-09-03 22:06:00","2026-09-03 22:19:52",13.87,Alexsander Campos Silva,"2026-09-04 02:29:38","2026-09-04 02:31:13",Maxmiler Fernandes Silva,"2026-09-04 02:52:42",2026-09-03 19:37:00.000,2026-09-04 05:36:00.000
MATRIZ,2026-09-03,2026-09-03,PADARIA BETEL,"7240301","000-7240301",11,10,1,TCB7I34,TCB7I34D4,131,MISTO,"44",D4,"7",Natan Silva Medeiros Júnior,"2026-09-03 22:34:22","2026-09-03 22:58:44",24.37,Alexsander Campos Silva,"2026-09-04 05:06:28","2026-09-04 05:06:32",Maxmiler Fernandes Silva,"2026-09-04 03:03:37",2026-09-03 19:37:00.000,2026-09-04 05:36:00.000
MATRIZ,2026-09-03,2026-09-03,PADARIA BETEL,"7240301","000-7240301",11,10,1,TCB7I34,TCB7I34D2,173,MISTO,"45",D2,"7",Pedro Lucas Procópio dos Santos,"2026-09-03 22:31:02","2026-09-03 22:59:13",28.18,Alexsander Campos Silva,"2026-09-04 05:05:58","2026-09-04 05:06:05",Maxmiler Fernandes Silva,"2026-09-04 03:27:03",2026-09-03 19:37:00.000,2026-09-04 05:36:00.000
MATRIZ,2026-09-03,2026-09-03,PADARIA BETEL,"7240301","000-7240301",11,10,1,TCB7I34,TCB7I34D1,75,COMPLETO,,D1,"7",,,,,Alexsander Campos Silva,"2026-09-04 05:05:06","2026-09-04 05:05:40",Maxmiler Fernandes Silva,"2026-09-04 03:01:43",2026-09-03 19:37:00.000,2026-09-04 05:36:00.000
MATRIZ,2026-09-03,2026-09-03,PADARIA BETEL,"7240301","000-7240301",11,10,1,TCB7I34,TCB7I34E1,67,MISTO,"41",E1,"7",Pedro Lucas Procópio dos Santos,"2026-09-03 23:01:45","2026-09-03 23:25:41",23.93,Alexsander Campos Silva,"2026-09-04 05:07:52","2026-09-04 05:07:57",Maxmiler Fernandes Silva,"2026-09-04 03:24:50",2026-09-03 19:37:00.000,2026-09-04 05:36:00.000
MATRIZ,2026-09-03,2026-09-03,PADARIA BETEL,"7240301","000-7240301",11,10,1,TCB7I34,TCB7I34E4,58,MISTO,"40",E4,"7",Marcos Vinicio Alves Pessoa,"2026-09-03 23:04:29","2026-09-03 23:28:05",23.60,Alexsander Campos Silva,"2026-09-04 05:06:58","2026-09-04 05:07:05",Maxmiler Fernandes Silva,"2026-09-04 03:23:40",2026-09-03 19:37:00.000,2026-09-04 05:36:00.000
MATRIZ,2026-09-03,2026-09-03,PADARIA BETEL,"7240301","000-7240301",11,10,1,TCB7I34,TCB7I34D3,22,MISTO,"38",D3,"7",Geraldo Teixeira Baia Junior,"2026-09-03 23:18:54","2026-09-03 23:25:49",6.92,Alexsander Campos Silva,"2026-09-04 05:06:12","2026-09-04 05:06:18",Maxmiler Fernandes Silva,"2026-09-04 03:06:12",2026-09-03 19:37:00.000,2026-09-04 05:36:00.000
MATRIZ,2026-09-03,2026-09-03,PADARIA BETEL,"7240301","000-7240301",11,10,1,TCB7I34,TCB7I34D5,105,MISTO,"43",D5,"7",Geraldo Teixeira Baia Junior,"2026-09-03 22:40:26","2026-09-03 23:12:11",31.75,Alexsander Campos Silva,"2026-09-04 05:06:34","2026-09-04 05:06:38",Maxmiler Fernandes Silva,"2026-09-04 03:07:35",2026-09-03 19:37:00.000,2026-09-04 05:36:00.000
MATRIZ,2026-09-03,2026-09-03,PADARIA BETEL,"7240301","000-7240301",11,10,1,TCB7I34,TCB7I34E5,73,MISTO,"42",E5,"7",Marcos Vinicio Alves Pessoa,"2026-09-03 22:41:22","2026-09-03 23:02:00",20.63,Alexsander Campos Silva,"2026-09-04 05:06:49","2026-09-04 05:06:53",Maxmiler Fernandes Silva,"2026-09-04 03:08:27",2026-09-03 19:37:00.000,2026-09-04 05:36:00.000
MATRIZ,2026-09-03,2026-09-03,PADARIA BETEL,"7240301","000-7240301",11,10,1,TCB7I34,TCB7I34E3,22,MISTO,"37",E3,"7",Natan Silva Medeiros Júnior,"2026-09-03 23:21:56","2026-09-03 23:31:51",9.92,Alexsander Campos Silva,"2026-09-04 05:07:10","2026-09-04 05:07:30",Maxmiler Fernandes Silva,"2026-09-04 03:09:21",2026-09-03 19:37:00.000,2026-09-04 05:36:00.000
MATRIZ,2026-09-03,2026-09-03,PADARIA BETEL,"7240301","000-7240301",11,10,1,TCB7I34,TCB7I34E2,33,MISTO,"39",E2,"7",Natan Silva Medeiros Júnior,"2026-09-03 23:06:04","2026-09-03 23:13:38",7.57,Alexsander Campos Silva,"2026-09-04 05:08:03","2026-09-04 05:09:13",Maxmiler Fernandes Silva,"2026-09-04 03:04:54",2026-09-03 19:37:00.000,2026-09-04 05:36:00.000
MATRIZ,2026-09-25,2026-09-25,MERCADINHO DO CANECO,"7142501","000-7142501",6,6,0,HAI2518,HAI2518D1,40,MISTO,"33",D1,"3",Geraldo Teixeira Baia Junior,"2026-09-25 21:10:38","2026-09-25 21:15:39",5.02,Wallace Christian Gomes Esteves   ,"2026-09-25 22:37:42","2026-09-25 22:37:45",Maxmiler Fernandes Silva,"2026-09-25 22:29:15",2026-09-25 18:29:00.000,2026-09-26 02:54:00.000
MATRIZ,2026-09-25,2026-09-25,MERCADINHO DO CANECO,"7142501","000-7142501",6,6,0,HAI2518,HAI2518D3,35,MISTO,"32",D3,"3",Denilton Batista Dos Santos,"2026-09-25 21:10:25","2026-09-25 21:23:15",12.83,Wallace Christian Gomes Esteves   ,"2026-09-25 22:37:34","2026-09-25 22:37:36",Maxmiler Fernandes Silva,"2026-09-25 22:33:42",2026-09-25 18:29:00.000,2026-09-26 02:54:00.000
MATRIZ,2026-09-25,2026-09-25,MERCADINHO DO CANECO,"7142501","000-7142501",6,6,0,HAI2518,HAI2518E3,41,MISTO,"31",E3,"3",Adilson José Gonçalves,"2026-09-25 21:00:51","2026-09-25 21:14:56",14.08,Wallace Christian Gomes Esteves   ,"2026-09-25 22:39:57","2026-09-25 22:39:59",Maxmiler Fernandes Silva,"2026-09-25 22:38:56",2026-09-25 18:29:00.000,2026-09-26 02:54:00.000
MATRIZ,2026-09-25,2026-09-25,MERCADINHO DO CANECO,"7142501","000-7142501",6,6,0,HAI2518,HAI2518E2,178,MISTO,"22",E2,"3",Leonardo Caetano Rodrigues,"2026-09-25 20:54:08","2026-09-25 21:28:05",33.95,Wallace Christian Gomes Esteves   ,"2026-09-25 22:37:52","2026-09-25 22:37:55",Maxmiler Fernandes Silva,"2026-09-25 22:35:22",2026-09-25 18:29:00.000,2026-09-26 02:54:00.000
MATRIZ,2026-09-25,2026-09-25,MERCADINHO DO CANECO,"7142501","000-7142501",6,6,0,HAI2518,HAI2518E1,49,MISTO,"27",E1,"3",Freelancer 01,"2026-09-25 20:54:18","2026-09-25 21:12:51",18.55,Wallace Christian Gomes Esteves   ,"2026-09-25 22:39:49","2026-09-25 22:39:51",Maxmiler Fernandes Silva,"2026-09-25 22:30:27",2026-09-25 18:29:00.000,2026-09-26 02:54:00.000
MATRIZ,2026-09-25,2026-09-25,MERCADINHO DO CANECO,"7142501","000-7142501",6,6,0,HAI2518,HAI2518D2,94,MISTO,"30",D2,"3",Gianmiller Moraes,"2026-09-25 20:54:19","2026-09-25 21:22:04",27.75,Wallace Christian Gomes Esteves   ,"2026-09-25 22:38:07","2026-09-25 22:38:12",Maxmiler Fernandes Silva,"2026-09-25 22:34:47",2026-09-25 18:29:00.000,2026-09-26 02:54:00.000
MATRIZ,2026-09-25,2026-09-25,MINI MERC FRATERNIDADE,"7152501","000-7152501",7,7,0,MQU8E71,MQU8E71E3,136,MISTO,"8",E3,"4",Paulo Rozani Lopes Da Silva,"2026-09-25 21:14:10","2026-09-25 22:16:12",62.03,João Victor Silva Leal,"2026-09-25 23:20:39","2026-09-25 23:21:27",Maxmiler Fernandes Silva,"2026-09-25 22:47:07",2026-09-25 18:29:00.000,2026-09-26 02:54:00.000
MATRIZ,2026-09-25,2026-09-25,MINI MERC FRATERNIDADE,"7152501","000-7152501",7,7,0,MQU8E71,MQU8E71E1,57,MISTO,"9",E1,"4",Marcos Vinicio Alves Pessoa,"2026-09-25 21:15:03","2026-09-25 21:33:23",18.33,João Victor Silva Leal,"2026-09-25 23:21:34","2026-09-25 23:21:52",Maxmiler Fernandes Silva,"2026-09-25 22:44:46",2026-09-25 18:29:00.000,2026-09-26 02:54:00.000
MATRIZ,2026-09-25,2026-09-25,MINI MERC FRATERNIDADE,"7152501","000-7152501",7,7,0,MQU8E71,MQU8E71E2,54,MISTO,"34",E2,"4",Adilson José Gonçalves,"2026-09-25 21:15:44","2026-09-25 21:24:59",9.25,João Victor Silva Leal,"2026-09-25 23:21:57","2026-09-25 23:22:32",Maxmiler Fernandes Silva,"2026-09-25 22:45:55",2026-09-25 18:29:00.000,2026-09-26 02:54:00.000
MATRIZ,2026-09-25,2026-09-25,MINI MERC FRATERNIDADE,"7152501","000-7152501",7,7,0,MQU8E71,MQU8E71D2,132,MISTO,"28",D2,"4",Freelancer 01,"2026-09-25 21:13:08","2026-09-25 21:54:29",41.35,João Victor Silva Leal,"2026-09-25 23:22:51","2026-09-25 23:25:51",Maxmiler Fernandes Silva,"2026-09-25 22:42:33",2026-09-25 18:29:00.000,2026-09-26 02:54:00.000
MATRIZ,2026-09-25,2026-09-25,MINI MERC FRATERNIDADE,"7152501","000-7152501",7,7,0,MQU8E71,MQU8E71D3,37,MISTO,"39",D3,"4",Freelancer 02,"2026-09-25 21:21:27","2026-09-25 21:44:41",23.23,João Victor Silva Leal,"2026-09-25 23:26:06","2026-09-25 23:26:40",Maxmiler Fernandes Silva,"2026-09-25 22:44:42",2026-09-25 18:29:00.000,2026-09-26 02:54:00.000
MATRIZ,2026-09-25,2026-09-25,MINI MERC FRATERNIDADE,"7152501","000-7152501",7,7,0,MQU8E71,MQU8E71D1,40,MISTO,"10",D1,"4",Natan Silva Medeiros Júnior,"2026-09-25 21:19:43","2026-09-25 21:22:17",2.57,João Victor Silva Leal,"2026-09-25 23:26:49","2026-09-25 23:26:57",Maxmiler Fernandes Silva,"2026-09-25 22:48:07",2026-09-25 18:29:00.000,2026-09-26 02:54:00.000
MATRIZ,2026-09-25,2026-09-25,LORRAYNE ROSA PEREIR,"7182501","000-7182501",7,6,1,RFP8G80,RFP8G80E1,39,MISTO,"72",E1,"5",Leonardo Caetano Rodrigues,"2026-09-25 21:29:23","2026-09-25 21:41:32",12.15,Wallace Christian Gomes Esteves   ,"2026-09-25 23:00:54","2026-09-25 23:00:57",Maxmiler Fernandes Silva,"2026-09-25 22:56:13",2026-09-25 18:29:00.000,2026-09-26 02:54:00.000
MATRIZ,2026-09-25,2026-09-25,LORRAYNE ROSA PEREIR,"7182501","000-7182501",7,6,1,RFP8G80,RFP8G80E2,114,MISTO,"40",E2,"5",Gianmiller Moraes,"2026-09-25 21:26:21","2026-09-25 22:07:41",41.33,Wallace Christian Gomes Esteves   ,"2026-09-25 23:00:47","2026-09-25 23:00:50",Maxmiler Fernandes Silva,"2026-09-25 22:53:59",2026-09-25 18:29:00.000,2026-09-26 02:54:00.000
MATRIZ,2026-09-25,2026-09-25,LORRAYNE ROSA PEREIR,"7182501","000-7182501",7,6,1,RFP8G80,RFP8G80D3,47,MISTO,"49",D3,"5",Adilson José Gonçalves,"2026-09-25 21:25:27","2026-09-25 21:35:16",9.82,Wallace Christian Gomes Esteves   ,"2026-09-25 23:01:00","2026-09-25 23:01:02",Maxmiler Fernandes Silva,"2026-09-25 22:55:07",2026-09-25 18:29:00.000,2026-09-26 02:54:00.000
MATRIZ,2026-09-25,2026-09-25,LORRAYNE ROSA PEREIR,"7182501","000-7182501",7,6,1,RFP8G80,RFP8G80E3,123,MISTO,"38",E3,"5",Freelancer 03,"2026-09-25 21:22:16","2026-09-25 21:53:20",31.07,Wallace Christian Gomes Esteves   ,"2026-09-25 23:01:53","2026-09-25 23:02:06",Maxmiler Fernandes Silva,"2026-09-25 22:54:04",2026-09-25 18:29:00.000,2026-09-26 02:54:00.000
MATRIZ,2026-09-25,2026-09-25,LORRAYNE ROSA PEREIR,"7182501","000-7182501",7,6,1,RFP8G80,RFP8G80D2,46,MISTO,"70",D2,"5",Natan Silva Medeiros Júnior,"2026-09-25 21:28:20","2026-09-25 21:33:13",4.88,Wallace Christian Gomes Esteves   ,"2026-09-25 23:02:09","2026-09-25 23:02:11",Maxmiler Fernandes Silva,"2026-09-25 22:57:23",2026-09-25 18:29:00.000,2026-09-26 02:54:00.000
MATRIZ,2026-09-25,2026-09-25,LORRAYNE ROSA PEREIR,"7182501","000-7182501",7,6,1,RFP8G80,RFP8G80D1,50,COMPLETO,,D1,"5",,,,,Wallace Christian Gomes Esteves   ,"2026-09-25 23:02:13","2026-09-25 23:02:15",Maxmiler Fernandes Silva,"2026-09-25 22:52:42",2026-09-25 18:29:00.000,2026-09-26 02:54:00.000
MATRIZ,2026-09-25,2026-09-25,HORTIFRUT CALCADAO,"7122501","000-7122501",7,7,0,DJB5C58,DJB5C58D3,157,MISTO,"41",D3,"1",Freelancer 02,"2026-09-25 20:34:33","2026-09-25 21:21:08",46.58,João Victor Silva Leal,"2026-09-25 22:09:19","2026-09-25 22:10:43",Maxmiler Fernandes Silva,"2026-09-25 21:54:05",2026-09-25 18:29:00.000,2026-09-26 02:54:00.000
MATRIZ,2026-09-25,2026-09-25,HORTIFRUT CALCADAO,"7122501","000-7122501",7,7,0,DJB5C58,DJB5C58E1,72,MISTO,"44",E1,"1",Freelancer 01,"2026-09-25 20:36:42","2026-09-25 20:53:47",17.08,João Victor Silva Leal,"2026-09-25 22:07:31","2026-09-25 22:08:54",Maxmiler Fernandes Silva,"2026-09-25 21:12:45",2026-09-25 18:29:00.000,2026-09-26 02:54:00.000
MATRIZ,2026-09-25,2026-09-25,HORTIFRUT CALCADAO,"7122501","000-7122501",7,7,0,DJB5C58,DJB5C58D2,44,MISTO,"46",D2,"1",Leonardo Caetano Rodrigues,"2026-09-25 20:37:11","2026-09-25 20:47:49",10.63,João Victor Silva Leal,"2026-09-25 22:06:51","2026-09-25 22:07:18",Maxmiler Fernandes Silva,"2026-09-25 21:15:54",2026-09-25 18:29:00.000,2026-09-26 02:54:00.000
MATRIZ,2026-09-25,2026-09-25,HORTIFRUT CALCADAO,"7122501","000-7122501",7,7,0,DJB5C58,DJB5C58E3,31,MISTO,"42",E3,"1",Gianmiller Moraes,"2026-09-25 20:38:09","2026-09-25 20:49:55",11.77,João Victor Silva Leal,"2026-09-25 22:04:49","2026-09-25 22:05:43",Maxmiler Fernandes Silva,"2026-09-25 21:14:43",2026-09-25 18:29:00.000,2026-09-26 02:54:00.000
MATRIZ,2026-09-25,2026-09-25,HORTIFRUT CALCADAO,"7122501","000-7122501",7,7,0,DJB5C58,DJB5C58D1,40,MISTO,"45",D1,"1",Geraldo Teixeira Baia Junior,"2026-09-25 20:36:58","2026-09-25 20:40:35",3.62,João Victor Silva Leal,"2026-09-25 22:06:00","2026-09-25 22:06:06",Maxmiler Fernandes Silva,"2026-09-25 21:11:03",2026-09-25 18:29:00.000,2026-09-26 02:54:00.000
MATRIZ,2026-09-25,2026-09-25,HORTIFRUT CALCADAO,"7122501","000-7122501",7,7,0,DJB5C58,DJB5C58E2,78,MISTO,"43",E2,"1",Adilson José Gonçalves,"2026-09-25 20:35:41","2026-09-25 20:49:52",14.18,João Victor Silva Leal,"2026-09-25 22:06:16","2026-09-25 22:06:38",Maxmiler Fernandes Silva,"2026-09-25 21:13:50",2026-09-25 18:29:00.000,2026-09-26 02:54:00.000
MATRIZ,2026-09-25,2026-09-25,BAR DO ARMANDO,"7252501","000-7252501",11,10,1,TCL0I17,TCL0I17E2,174,MISTO,"28",E2,"7",Freelancer 01,"2026-09-25 20:12:30","2026-09-25 20:32:13",19.72,Wallace Christian Gomes Esteves   ,"2026-09-25 20:51:42","2026-09-25 20:51:44",Maxmiler Fernandes Silva,"2026-09-25 20:40:40",2026-09-25 18:29:00.000,2026-09-26 02:54:00.000
MATRIZ,2026-09-25,2026-09-25,BAR DO ARMANDO,"7252501","000-7252501",11,10,1,TCL0I17,TCL0I17D2,38,MISTO,"32",D2,"7",Natan Silva Medeiros Júnior,"2026-09-25 20:22:07","2026-09-25 20:24:40",2.55,Wallace Christian Gomes Esteves   ,"2026-09-25 20:51:28","2026-09-25 20:51:30",Maxmiler Fernandes Silva,"2026-09-25 20:44:29",2026-09-25 18:29:00.000,2026-09-26 02:54:00.000
MATRIZ,2026-09-25,2026-09-25,BAR DO ARMANDO,"7252501","000-7252501",11,10,1,TCL0I17,TCL0I17E5,57,MISTO,"29",E5,"7",Adilson José Gonçalves,"2026-09-25 20:17:44","2026-09-25 20:26:34",8.83,Wallace Christian Gomes Esteves   ,"2026-09-25 20:50:23","2026-09-25 20:50:25",Maxmiler Fernandes Silva,"2026-09-25 20:39:48",2026-09-25 18:29:00.000,2026-09-26 02:54:00.000
MATRIZ,2026-09-25,2026-09-25,BAR DO ARMANDO,"7252501","000-7252501",11,10,1,TCL0I17,TCL0I17E4,77,MISTO,"22",E4,"7",Freelancer 03,"2026-09-25 20:13:58","2026-09-25 20:28:47",14.82,Wallace Christian Gomes Esteves   ,"2026-09-25 20:50:13","2026-09-25 20:50:19",Maxmiler Fernandes Silva,"2026-09-25 20:48:42",2026-09-25 18:29:00.000,2026-09-26 02:54:00.000
MATRIZ,2026-09-25,2026-09-25,BAR DO ARMANDO,"7252501","000-7252501",11,10,1,TCL0I17,TCL0I17E3,74,MISTO,"31",E3,"7",Geraldo Teixeira Baia Junior,"2026-09-25 20:19:48","2026-09-25 20:36:39",16.85,Wallace Christian Gomes Esteves   ,"2026-09-25 20:51:10","2026-09-25 20:51:13",Maxmiler Fernandes Silva,"2026-09-25 20:46:43",2026-09-25 18:29:00.000,2026-09-26 02:54:00.000
MATRIZ,2026-09-25,2026-09-25,BAR DO ARMANDO,"7252501","000-7252501",11,10,1,TCL0I17,TCL0I17D3,26,MISTO,"33",D3,"7",Leonardo Caetano Rodrigues,"2026-09-25 20:25:57","2026-09-25 20:36:42",10.75,Wallace Christian Gomes Esteves   ,"2026-09-25 20:51:18","2026-09-25 20:51:20",Maxmiler Fernandes Silva,"2026-09-25 20:45:23",2026-09-25 18:29:00.000,2026-09-26 02:54:00.000
MATRIZ,2026-09-25,2026-09-25,BAR DO ARMANDO,"7252501","000-7252501",11,10,1,TCL0I17,TCL0I17D5,17,MISTO,"34",D5,"7",Adilson José Gonçalves,"2026-09-25 20:27:24","2026-09-25 20:35:18",7.90,Wallace Christian Gomes Esteves   ,"2026-09-25 20:51:59","2026-09-25 20:52:01",Maxmiler Fernandes Silva,"2026-09-25 20:39:43",2026-09-25 18:29:00.000,2026-09-26 02:54:00.000
MATRIZ,2026-09-25,2026-09-25,BAR DO ARMANDO,"7252501","000-7252501",11,10,1,TCL0I17,TCL0I17D4,27,MISTO,"27",D4,"7",Gianmiller Moraes,"2026-09-25 20:25:27","2026-09-25 20:34:09",8.70,Wallace Christian Gomes Esteves   ,"2026-09-25 20:51:04","2026-09-25 20:51:06",Maxmiler Fernandes Silva,"2026-09-25 20:45:59",2026-09-25 18:29:00.000,2026-09-26 02:54:00.000
MATRIZ,2026-09-25,2026-09-25,BAR DO ARMANDO,"7252501","000-7252501",11,10,1,TCL0I17,TCL0I17E1,56,MISTO,"30",E1,"7",Leonardo Caetano Rodrigues,"2026-09-25 20:18:40","2026-09-25 20:25:03",6.38,Wallace Christian Gomes Esteves   ,"2026-09-25 20:50:56","2026-09-25 20:51:00",Maxmiler Fernandes Silva,"2026-09-25 20:44:16",2026-09-25 18:29:00.000,2026-09-26 02:54:00.000
MATRIZ,2026-09-25,2026-09-25,BAR DO ARMANDO,"7252501","000-7252501",11,10,1,TCL0I17,TCL0I17D1,75,COMPLETO,,D1,"7",,,,,Wallace Christian Gomes Esteves   ,"2026-09-25 20:51:35","2026-09-25 20:51:38",Maxmiler Fernandes Silva,"2026-09-25 20:28:10",2026-09-25 18:29:00.000,2026-09-26 02:54:00.000
MATRIZ,2026-09-25,2026-09-25,JWAM COMERCIAL LTDA,"7192501","000-7192501",9,8,1,KZX0905,KZX0905D2,73,MISTO,"80",D2,"8",Natan Silva Medeiros Júnior,"2026-09-25 21:37:03","2026-09-25 21:56:22",19.32,Wallace Christian Gomes Esteves   ,"2026-09-25 22:08:58","2026-09-25 22:11:54",Maxmiler Fernandes Silva,"2026-09-25 23:25:00",2026-09-25 18:29:00.000,2026-09-26 02:54:00.000
MATRIZ,2026-09-25,2026-09-25,JWAM COMERCIAL LTDA,"7192501","000-7192501",9,8,1,KZX0905,KZX0905D1,50,COMPLETO,,D1,"8",,,,,Wallace Christian Gomes Esteves   ,"2026-09-25 23:51:50","2026-09-25 23:51:52",Maxmiler Fernandes Silva,"2026-09-25 23:17:40",2026-09-25 18:29:00.000,2026-09-26 02:54:00.000
MATRIZ,2026-09-25,2026-09-25,JWAM COMERCIAL LTDA,"7192501","000-7192501",9,8,1,KZX0905,KZX0905E4,92,MISTO,"76",E4,"8",Geraldo Teixeira Baia Junior,"2026-09-25 21:32:22","2026-09-25 22:00:55",28.55,Wallace Christian Gomes Esteves   ,"2026-09-25 22:24:28","2026-09-25 22:26:27",Maxmiler Fernandes Silva,"2026-09-25 23:17:49",2026-09-25 18:29:00.000,2026-09-26 02:54:00.000
MATRIZ,2026-09-25,2026-09-25,JWAM COMERCIAL LTDA,"7192501","000-7192501",9,8,1,KZX0905,KZX0905D3,86,MISTO,"78",D3,"8",Adilson José Gonçalves,"2026-09-25 21:36:28","2026-09-25 21:55:14",18.77,,"2026-09-25 22:13:02","2026-09-25 22:15:42",Maxmiler Fernandes Silva,"2026-09-25 23:19:25",2026-09-25 18:29:00.000,2026-09-26 02:54:00.000
MATRIZ,2026-09-25,2026-09-25,JWAM COMERCIAL LTDA,"7192501","000-7192501",9,8,1,KZX0905,KZX0905E2,117,MISTO,"74",E2,"8",Denilton Batista Dos Santos,"2026-09-25 21:30:12","2026-09-25 22:23:54",53.70,Wallace Christian Gomes Esteves   ,"2026-09-25 23:51:55","2026-09-25 23:51:56",Maxmiler Fernandes Silva,"2026-09-25 23:18:40",2026-09-25 18:29:00.000,2026-09-26 02:54:00.000
MATRIZ,2026-09-25,2026-09-25,JWAM COMERCIAL LTDA,"7192501","000-7192501",9,8,1,KZX0905,KZX0905E1,50,MISTO,"84",E1,"8",Leonardo Caetano Rodrigues,"2026-09-25 21:43:26","2026-09-25 21:53:03",9.62,Wallace Christian Gomes Esteves   ,"2026-09-25 22:12:05","2026-09-25 22:12:55",Maxmiler Fernandes Silva,"2026-09-25 23:23:57",2026-09-25 18:29:00.000,2026-09-26 02:54:00.000
MATRIZ,2026-09-25,2026-09-25,JWAM COMERCIAL LTDA,"7192501","000-7192501",9,8,1,KZX0905,KZX0905E3,34,MISTO,"98",E3,"8",Freelancer 02,"2026-09-25 21:45:19","2026-09-25 21:56:09",10.83,Wallace Christian Gomes Esteves   ,"2026-09-25 22:08:11","2026-09-25 22:08:50",Maxmiler Fernandes Silva,"2026-09-25 23:33:38",2026-09-25 18:29:00.000,2026-09-26 02:54:00.000
MATRIZ,2026-09-25,2026-09-25,JWAM COMERCIAL LTDA,"7192501","000-7192501",9,8,1,KZX0905,KZX0905D4,50,MISTO,"82",D4,"8",Marcos Vinicio Alves Pessoa,"2026-09-25 21:37:42","2026-09-25 21:53:28",15.77,Wallace Christian Gomes Esteves   ,"2026-09-25 22:06:28","2026-09-25 22:07:58",Maxmiler Fernandes Silva,"2026-09-25 23:33:42",2026-09-25 18:29:00.000,2026-09-26 02:54:00.000
MATRIZ,2026-09-25,2026-09-25,CENTRAL SUPERMERCADOS,"7282501","000-7282501",15,4,11,OWV5H15,OWV5H15A9,75,COMPLETO,,A9,"7",,,,,Wallace Christian Gomes Esteves   ,"2026-09-26 02:33:39","2026-09-26 02:33:41",Maxmiler Fernandes Silva,"2026-09-26 00:50:45",2026-09-25 18:29:00.000,2026-09-26 02:54:00.000
MATRIZ,2026-09-25,2026-09-25,CENTRAL SUPERMERCADOS,"7282501","000-7282501",15,4,11,OWV5H15,OWV5H15A4,75,COMPLETO,,A4,"7",,,,,Wallace Christian Gomes Esteves   ,"2026-09-26 02:34:03","2026-09-26 02:34:06",Maxmiler Fernandes Silva,"2026-09-26 00:50:55",2026-09-25 18:29:00.000,2026-09-26 02:54:00.000
MATRIZ,2026-09-25,2026-09-25,CENTRAL SUPERMERCADOS,"7282501","000-7282501",15,4,11,OWV5H15,OWV5H15A5,75,COMPLETO,,A5,"7",,,,,Wallace Christian Gomes Esteves   ,"2026-09-26 02:33:55","2026-09-26 02:33:58",Maxmiler Fernandes Silva,"2026-09-26 00:50:52",2026-09-25 18:29:00.000,2026-09-26 02:54:00.000
MATRIZ,2026-09-25,2026-09-25,CENTRAL SUPERMERCADOS,"7282501","000-7282501",15,4,11,OWV5H15,OWV5H15B5,60,MISTO,"14",B5,"7",Leonardo Caetano Rodrigues,"2026-09-26 01:53:56","2026-09-26 02:14:59",21.05,Wallace Christian Gomes Esteves   ,"2026-09-26 02:33:05","2026-09-26 02:33:07",Nordires Vieira Dos Santos,"2026-09-26 02:27:40",2026-09-25 18:29:00.000,2026-09-26 02:54:00.000
MATRIZ,2026-09-25,2026-09-25,CENTRAL SUPERMERCADOS,"7282501","000-7282501",15,4,11,OWV5H15,OWV5H15A3,75,COMPLETO,,A3,"7",,,,,Wallace Christian Gomes Esteves   ,"2026-09-26 02:34:10","2026-09-26 02:34:12",Maxmiler Fernandes Silva,"2026-09-26 00:50:58",2026-09-25 18:29:00.000,2026-09-26 02:54:00.000
MATRIZ,2026-09-25,2026-09-25,CENTRAL SUPERMERCADOS,"7282501","000-7282501",15,4,11,OWV5H15,OWV5H15A1,75,COMPLETO,,A1,"7",,,,,Wallace Christian Gomes Esteves   ,"2026-09-26 02:34:30","2026-09-26 02:34:33",Maxmiler Fernandes Silva,"2026-09-26 00:51:04",2026-09-25 18:29:00.000,2026-09-26 02:54:00.000
MATRIZ,2026-09-25,2026-09-25,CENTRAL SUPERMERCADOS,"7282501","000-7282501",15,4,11,OWV5H15,OWV5H15B4,360,MISTO,"12",B4,"7",Natan Silva Medeiros Júnior,"2026-09-26 01:05:16","2026-09-26 01:55:00",49.73,Wallace Christian Gomes Esteves   ,"2026-09-26 02:32:56","2026-09-26 02:32:58",Maxmiler Fernandes Silva,"2026-09-26 02:27:21",2026-09-25 18:29:00.000,2026-09-26 02:54:00.000
MATRIZ,2026-09-25,2026-09-25,CENTRAL SUPERMERCADOS,"7282501","000-7282501",15,4,11,OWV5H15,OWV5H15B2,120,COMPLETO,,B2,"7",,,,,Wallace Christian Gomes Esteves   ,"2026-09-26 02:32:11","2026-09-26 02:32:13",Maxmiler Fernandes Silva,"2026-09-26 00:50:33",2026-09-25 18:29:00.000,2026-09-26 02:54:00.000
MATRIZ,2026-09-25,2026-09-25,CENTRAL SUPERMERCADOS,"7282501","000-7282501",15,4,11,OWV5H15,OWV5H15B6,13,MISTO,"4",B6,"7",Leonardo Caetano Rodrigues,"2026-09-25 23:32:32","2026-09-25 23:40:17",7.75,Wallace Christian Gomes Esteves   ,"2026-09-26 02:33:09","2026-09-26 02:33:12",Nordires Vieira Dos Santos,"2026-09-26 02:28:38",2026-09-25 18:29:00.000,2026-09-26 02:54:00.000
MATRIZ,2026-09-25,2026-09-25,CENTRAL SUPERMERCADOS,"7282501","000-7282501",15,4,11,OWV5H15,OWV5H15B3,155,MISTO,"13",B3,"7",Leonardo Caetano Rodrigues,"2026-09-26 01:27:02","2026-09-26 01:50:41",23.65,Wallace Christian Gomes Esteves   ,"2026-09-26 02:33:00","2026-09-26 02:33:02",Nordires Vieira Dos Santos,"2026-09-26 02:28:32",2026-09-25 18:29:00.000,2026-09-26 02:54:00.000
MATRIZ,2026-09-25,2026-09-25,CENTRAL SUPERMERCADOS,"7282501","000-7282501",15,4,11,OWV5H15,OWV5H15B1,75,COMPLETO,,B1,"7",,,,,Wallace Christian Gomes Esteves   ,"2026-09-26 02:33:28","2026-09-26 02:33:32",Maxmiler Fernandes Silva,"2026-09-26 00:50:42",2026-09-25 18:29:00.000,2026-09-26 02:54:00.000
MATRIZ,2026-09-25,2026-09-25,CENTRAL SUPERMERCADOS,"7282501","000-7282501",15,4,11,OWV5H15,OWV5H15A6,120,COMPLETO,,A6,"7",,,,,Wallace Christian Gomes Esteves   ,"2026-09-26 02:33:22","2026-09-26 02:33:25",Maxmiler Fernandes Silva,"2026-09-26 00:50:39",2026-09-25 18:29:00.000,2026-09-26 02:54:00.000
MATRIZ,2026-09-25,2026-09-25,CENTRAL SUPERMERCADOS,"7282501","000-7282501",15,4,11,OWV5H15,OWV5H15A7,120,COMPLETO,,A7,"7",,,,,Wallace Christian Gomes Esteves   ,"2026-09-26 02:33:15","2026-09-26 02:33:19",Maxmiler Fernandes Silva,"2026-09-26 00:50:36",2026-09-25 18:29:00.000,2026-09-26 02:54:00.000
MATRIZ,2026-09-25,2026-09-25,CENTRAL SUPERMERCADOS,"7282501","000-7282501",15,4,11,OWV5H15,OWV5H15A8,75,COMPLETO,,A8,"7",,,,,Wallace Christian Gomes Esteves   ,"2026-09-26 02:33:45","2026-09-26 02:33:47",Maxmiler Fernandes Silva,"2026-09-26 00:50:48",2026-09-25 18:29:00.000,2026-09-26 02:54:00.000
MATRIZ,2026-09-25,2026-09-25,CENTRAL SUPERMERCADOS,"7282501","000-7282501",15,4,11,OWV5H15,OWV5H15A2,75,COMPLETO,,A2,"7",,,,,Wallace Christian Gomes Esteves   ,"2026-09-26 02:34:25","2026-09-26 02:34:27",Maxmiler Fernandes Silva,"2026-09-26 00:51:01",2026-09-25 18:29:00.000,2026-09-26 02:54:00.000
MATRIZ,2026-09-25,2026-09-25,DROGARIA BELOFARMA,"7242501","000-7242501",11,10,1,TCB7I34,TCB7I34D3,36,MISTO,"26",D3,"8",Denilton Batista Dos Santos,"2026-09-25 20:10:38","2026-09-25 20:28:09",17.52,Wallace Christian Gomes Esteves   ,"2026-09-25 20:30:33","2026-09-25 20:32:18",Maxmiler Fernandes Silva,"2026-09-25 22:10:23",2026-09-25 18:29:00.000,2026-09-26 02:54:00.000
MATRIZ,2026-09-25,2026-09-25,DROGARIA BELOFARMA,"7242501","000-7242501",11,10,1,TCB7I34,TCB7I34D4,127,MISTO,"1",D4,"8",Freelancer 02,"2026-09-25 20:08:09","2026-09-25 20:29:43",21.57,João Victor Silva Leal,"2026-09-25 22:15:52","2026-09-25 22:16:41",Maxmiler Fernandes Silva,"2026-09-25 22:10:45",2026-09-25 18:29:00.000,2026-09-26 02:54:00.000
MATRIZ,2026-09-25,2026-09-25,DROGARIA BELOFARMA,"7242501","000-7242501",11,10,1,TCB7I34,TCB7I34E5,75,MISTO,"6",E5,"8",Leonardo Caetano Rodrigues,"2026-09-25 20:08:41","2026-09-25 20:17:14",8.55,João Victor Silva Leal,"2026-09-25 22:16:52","2026-09-25 22:17:38",Maxmiler Fernandes Silva,"2026-09-25 22:10:35",2026-09-25 18:29:00.000,2026-09-26 02:54:00.000
MATRIZ,2026-09-25,2026-09-25,DROGARIA BELOFARMA,"7242501","000-7242501",11,10,1,TCB7I34,TCB7I34D2,21,MISTO,"19",D2,"8",Geraldo Teixeira Baia Junior,"2026-09-25 20:09:17","2026-09-25 20:16:08",6.85,João Victor Silva Leal,"2026-09-25 22:17:45","2026-09-25 22:18:17",Maxmiler Fernandes Silva,"2026-09-25 22:10:27",2026-09-25 18:29:00.000,2026-09-26 02:54:00.000
MATRIZ,2026-09-25,2026-09-25,DROGARIA BELOFARMA,"7242501","000-7242501",11,10,1,TCB7I34,TCB7I34D1,75,COMPLETO,,D1,"8",,,,,João Victor Silva Leal,"2026-09-25 22:18:25","2026-09-25 22:18:42",Maxmiler Fernandes Silva,"2026-09-25 21:57:49",2026-09-25 18:29:00.000,2026-09-26 02:54:00.000
MATRIZ,2026-09-25,2026-09-25,DROGARIA BELOFARMA,"7242501","000-7242501",11,10,1,TCB7I34,TCB7I34E3,39,MISTO,"7",E3,"8",Natan Silva Medeiros Júnior,"2026-09-25 20:08:40","2026-09-25 20:20:17",11.62,João Victor Silva Leal,"2026-09-25 22:18:48","2026-09-25 22:19:24",Maxmiler Fernandes Silva,"2026-09-25 22:10:31",2026-09-25 18:29:00.000,2026-09-26 02:54:00.000
MATRIZ,2026-09-25,2026-09-25,DROGARIA BELOFARMA,"7242501","000-7242501",11,10,1,TCB7I34,TCB7I34D5,78,MISTO,"5",D5,"8",Paulo Rozani Lopes Da Silva,"2026-09-25 20:09:02","2026-09-25 20:40:04",31.03,João Victor Silva Leal,"2026-09-25 22:19:29","2026-09-25 22:20:16",Maxmiler Fernandes Silva,"2026-09-25 22:10:38",2026-09-25 18:29:00.000,2026-09-26 02:54:00.000
MATRIZ,2026-09-25,2026-09-25,DROGARIA BELOFARMA,"7242501","000-7242501",11,10,1,TCB7I34,TCB7I34E4,19,MISTO,"18",E4,"8",Gianmiller Moraes,"2026-09-25 20:10:53","2026-09-25 20:22:01",11.13,João Victor Silva Leal,"2026-09-25 22:13:44","2026-09-25 22:13:53",Maxmiler Fernandes Silva,"2026-09-25 22:10:20",2026-09-25 18:29:00.000,2026-09-26 02:54:00.000
MATRIZ,2026-09-25,2026-09-25,DROGARIA BELOFARMA,"7242501","000-7242501",11,10,1,TCB7I34,TCB7I34E1,41,MISTO,"4",E1,"8",Adilson José Gonçalves,"2026-09-25 20:08:25","2026-09-25 20:16:17",7.87,João Victor Silva Leal,"2026-09-25 22:14:39","2026-09-25 22:15:13",Maxmiler Fernandes Silva,"2026-09-25 21:57:55",2026-09-25 18:29:00.000,2026-09-26 02:54:00.000
MATRIZ,2026-09-25,2026-09-25,DROGARIA BELOFARMA,"7242501","000-7242501",11,10,1,TCB7I34,TCB7I34E2,112,MISTO,"2",E2,"8",Marcos Vinicio Alves Pessoa,"2026-09-25 20:08:26","2026-09-25 20:27:19",18.88,João Victor Silva Leal,"2026-09-25 22:15:18","2026-09-25 22:15:47",Maxmiler Fernandes Silva,"2026-09-25 22:10:41",2026-09-25 18:29:00.000,2026-09-26 02:54:00.000
MATRIZ,2026-09-25,2026-09-25,MERCEARIA DA ILZA,"7382501","000-7382501",7,7,0,KKJ5250,KKJ5250E2,123,MISTO,"88",E2,"7",Leonardo Caetano Rodrigues,"2026-09-25 21:57:23","2026-09-25 22:24:46",27.38,Wallace Christian Gomes Esteves   ,"2026-09-25 23:50:56","2026-09-25 23:50:57",Maxmiler Fernandes Silva,"2026-09-25 23:03:25",2026-09-25 18:29:00.000,2026-09-26 02:54:00.000
MATRIZ,2026-09-25,2026-09-25,MERCEARIA DA ILZA,"7382501","000-7382501",7,7,0,KKJ5250,KKJ5250D1,40,MISTO,"92",D1,"7",Adilson José Gonçalves,"2026-09-25 21:55:59","2026-09-25 22:02:01",6.03,Wallace Christian Gomes Esteves   ,"2026-09-25 23:51:04","2026-09-25 23:51:06",Maxmiler Fernandes Silva,"2026-09-25 23:07:40",2026-09-25 18:29:00.000,2026-09-26 02:54:00.000
MATRIZ,2026-09-25,2026-09-25,MERCEARIA DA ILZA,"7382501","000-7382501",7,7,0,KKJ5250,KKJ5250E1,23,MISTO,"100",E1,"7",Natan Silva Medeiros Júnior,"2026-09-25 22:00:31","2026-09-25 22:07:52",7.35,Wallace Christian Gomes Esteves   ,"2026-09-25 22:49:09","2026-09-25 22:50:00",Maxmiler Fernandes Silva,"2026-09-25 23:09:38",2026-09-25 18:29:00.000,2026-09-26 02:54:00.000
MATRIZ,2026-09-25,2026-09-25,MERCEARIA DA ILZA,"7382501","000-7382501",7,7,0,KKJ5250,KKJ5250D3,41,MISTO,"90",D3,"7",Freelancer 01,"2026-09-25 21:54:55","2026-09-25 22:03:03",8.13,Wallace Christian Gomes Esteves   ,"2026-09-25 23:51:00","2026-09-25 23:51:01",Maxmiler Fernandes Silva,"2026-09-25 23:07:05",2026-09-25 18:29:00.000,2026-09-26 02:54:00.000
MATRIZ,2026-09-25,2026-09-25,MERCEARIA DA ILZA,"7382501","000-7382501",7,7,0,KKJ5250,KKJ5250E3,23,MISTO,"96",E3,"7",Freelancer 02,"2026-09-25 21:59:31","2026-09-25 22:07:21",7.83,Wallace Christian Gomes Esteves   ,"2026-09-25 22:50:06","2026-09-25 22:50:31",Maxmiler Fernandes Silva,"2026-09-25 23:03:31",2026-09-25 18:29:00.000,2026-09-26 02:54:00.000
MATRIZ,2026-09-25,2026-09-25,MERCEARIA DA ILZA,"7382501","000-7382501",7,7,0,KKJ5250,KKJ5250D2,26,MISTO,"94",D2,"7",Marcos Vinicio Alves Pessoa,"2026-09-25 21:57:30","2026-09-25 22:08:08",10.63,Wallace Christian Gomes Esteves   ,"2026-09-25 22:50:40","2026-09-25 22:51:25",Maxmiler Fernandes Silva,"2026-09-25 23:04:38",2026-09-25 18:29:00.000,2026-09-26 02:54:00.000
MATRIZ,2026-09-25,2026-09-25,AÇOUGUE 2 IRMÃOS,"7132501","000-7132501",7,7,0,JXS4C69,JXS4C69E1,57,MISTO,"50",E1,"2",Denilton Batista Dos Santos,"2026-09-25 20:43:52","2026-09-25 21:08:34",24.70,Wallace Christian Gomes Esteves   ,"2026-09-25 22:23:52","2026-09-25 22:23:55",Maxmiler Fernandes Silva,"2026-09-25 22:21:27",2026-09-25 18:29:00.000,2026-09-26 02:54:00.000
MATRIZ,2026-09-25,2026-09-25,AÇOUGUE 2 IRMÃOS,"7132501","000-7132501",7,7,0,JXS4C69,JXS4C69E2,90,MISTO,"51",E2,"2",Geraldo Teixeira Baia Junior,"2026-09-25 20:45:13","2026-09-25 21:06:37",21.40,Wallace Christian Gomes Esteves   ,"2026-09-25 22:23:14","2026-09-25 22:23:16",Maxmiler Fernandes Silva,"2026-09-25 22:21:31",2026-09-25 18:29:00.000,2026-09-26 02:54:00.000
MATRIZ,2026-09-25,2026-09-25,AÇOUGUE 2 IRMÃOS,"7132501","000-7132501",7,7,0,JXS4C69,JXS4C69D1,40,MISTO,"52",D1,"2",Leonardo Caetano Rodrigues,"2026-09-25 20:49:50","2026-09-25 20:52:08",2.30,Wallace Christian Gomes Esteves   ,"2026-09-25 22:23:23","2026-09-25 22:23:26",Maxmiler Fernandes Silva,"2026-09-25 22:21:59",2026-09-25 18:29:00.000,2026-09-26 02:54:00.000
MATRIZ,2026-09-25,2026-09-25,AÇOUGUE 2 IRMÃOS,"7132501","000-7132501",7,7,0,JXS4C69,JXS4C69E3,148,MISTO,"47",E3,"2",Freelancer 03,"2026-09-25 20:41:00","2026-09-25 21:13:46",32.77,Wallace Christian Gomes Esteves   ,"2026-09-25 22:24:02","2026-09-25 22:24:07",Maxmiler Fernandes Silva,"2026-09-25 22:17:27",2026-09-25 18:29:00.000,2026-09-26 02:54:00.000
MATRIZ,2026-09-25,2026-09-25,AÇOUGUE 2 IRMÃOS,"7132501","000-7132501",7,7,0,JXS4C69,JXS4C69D3,35,MISTO,"29",D3,"2",Adilson José Gonçalves,"2026-09-25 20:53:30","2026-09-25 21:00:14",6.73,Wallace Christian Gomes Esteves   ,"2026-09-25 22:23:32","2026-09-25 22:23:34",Maxmiler Fernandes Silva,"2026-09-25 22:20:50",2026-09-25 18:29:00.000,2026-09-26 02:54:00.000
MATRIZ,2026-09-25,2026-09-25,AÇOUGUE 2 IRMÃOS,"7132501","000-7132501",7,7,0,JXS4C69,JXS4C69D2,157,MISTO,"48",D2,"2",Paulo Rozani Lopes Da Silva,"2026-09-25 20:41:41","2026-09-25 21:12:13",30.53,Wallace Christian Gomes Esteves   ,"2026-09-25 22:23:43","2026-09-25 22:23:49",Maxmiler Fernandes Silva,"2026-09-25 22:18:36",2026-09-25 18:29:00.000,2026-09-26 02:54:00.000
MATRIZ,2026-09-25,2026-09-25,LANCHONETE RANCHO GLORIA LTDA,"7412502","000-7412502",7,7,0,OWQ4406,OWQ4406E2,23,MISTO,"50",E2,"8",Leonardo Caetano Rodrigues,"2026-09-26 02:16:53","2026-09-26 02:17:28",0.58,Wallace Christian Gomes Esteves   ,"2026-09-26 02:38:07","2026-09-26 02:38:09",Maxmiler Fernandes Silva,"2026-09-26 02:37:02",2026-09-25 18:29:00.000,2026-09-26 02:54:00.000
MATRIZ,2026-09-25,2026-09-25,LANCHONETE RANCHO GLORIA LTDA,"7412502","000-7412502",7,7,0,OWQ4406,OWQ4406D1,59,MISTO,"1",D1,"8",Leonardo Caetano Rodrigues,"2026-09-26 02:15:14","2026-09-26 02:16:37",1.38,Wallace Christian Gomes Esteves   ,"2026-09-26 02:38:15","2026-09-26 02:38:17",Maxmiler Fernandes Silva,"2026-09-26 02:37:11",2026-09-25 18:29:00.000,2026-09-26 02:54:00.000
MATRIZ,2026-09-25,2026-09-25,LANCHONETE RANCHO GLORIA LTDA,"7412502","000-7412502",7,7,0,OWQ4406,OWQ4406D2,231,MISTO,"15",D2,"8",Paulo Rozani Lopes Da Silva,"2026-09-26 02:00:45","2026-09-26 02:45:57",45.20,Wallace Christian Gomes Esteves   ,"2026-09-26 02:53:42","2026-09-26 02:53:45",Maxmiler Fernandes Silva,"2026-09-26 02:53:38",2026-09-25 18:29:00.000,2026-09-26 02:54:00.000
MATRIZ,2026-09-25,2026-09-25,LANCHONETE RANCHO GLORIA LTDA,"7412502","000-7412502",7,7,0,OWQ4406,OWQ4406E3,18,MISTO,"18",E3,"8",Leonardo Caetano Rodrigues,"2026-09-26 02:17:46","2026-09-26 02:18:00",0.23,Wallace Christian Gomes Esteves   ,"2026-09-26 02:39:10","2026-09-26 02:39:12",Maxmiler Fernandes Silva,"2026-09-26 02:38:51",2026-09-25 18:29:00.000,2026-09-26 02:54:00.000
MATRIZ,2026-09-25,2026-09-25,LANCHONETE RANCHO GLORIA LTDA,"7412502","000-7412502",7,7,0,OWQ4406,OWQ4406D3,12,MISTO,"29",D3,"8",Leonardo Caetano Rodrigues,"2026-09-26 02:18:37","2026-09-26 02:18:58",0.35,Wallace Christian Gomes Esteves   ,"2026-09-26 02:39:29","2026-09-26 02:39:31",Maxmiler Fernandes Silva,"2026-09-26 02:37:06",2026-09-25 18:29:00.000,2026-09-26 02:54:00.000
MATRIZ,2026-09-25,2026-09-25,LANCHONETE RANCHO GLORIA LTDA,"7412502","000-7412502",7,7,0,OWQ4406,OWQ4406E1,164,MISTO,"16",E1,"8",Natan Silva Medeiros Júnior,"2026-09-26 01:58:52","2026-09-26 02:29:55",31.05,Leonardo Miguel,"2026-09-26 02:46:52","2026-09-26 02:47:04",Maxmiler Fernandes Silva,"2026-09-26 02:46:30",2026-09-25 18:29:00.000,2026-09-26 02:54:00.000
MATRIZ,2026-09-25,2026-09-25,SUPERMERCADO BOA PRA,"7412501","000-7412501",7,7,0,OWQ4406,OWQ4406E1,17,MISTO,"39",E1,"6",Freelancer 01,"2026-09-25 20:33:11","2026-09-25 20:36:17",3.10,Wallace Christian Gomes Esteves   ,"2026-09-25 21:16:37","2026-09-25 21:16:41",Maxmiler Fernandes Silva,"2026-09-25 20:52:41",2026-09-25 18:29:00.000,2026-09-26 02:54:00.000
MATRIZ,2026-09-25,2026-09-25,SUPERMERCADO BOA PRA,"7412501","000-7412501",7,7,0,OWQ4406,OWQ4406D3,187,MISTO,"35",D3,"6",Natan Silva Medeiros Júnior,"2026-09-25 20:27:39","2026-09-25 21:05:10",37.52,Wallace Christian Gomes Esteves   ,"2026-09-25 22:05:16","2026-09-25 22:05:18",Maxmiler Fernandes Silva,"2026-09-25 21:52:58",2026-09-25 18:29:00.000,2026-09-26 02:54:00.000
MATRIZ,2026-09-25,2026-09-25,SUPERMERCADO BOA PRA,"7412501","000-7412501",7,7,0,OWQ4406,OWQ4406D2,173,MISTO,"37",D2,"6",Marcos Vinicio Alves Pessoa,"2026-09-25 20:29:07","2026-09-25 21:11:01",41.90,Wallace Christian Gomes Esteves   ,"2026-09-25 22:05:24","2026-09-25 22:05:26",Maxmiler Fernandes Silva,"2026-09-25 21:52:16",2026-09-25 18:29:00.000,2026-09-26 02:54:00.000
MATRIZ,2026-09-25,2026-09-25,SUPERMERCADO BOA PRA,"7412501","000-7412501",7,7,0,OWQ4406,OWQ4406D1,59,MISTO,"38",D1,"6",Freelancer 02,"2026-09-25 20:29:59","2026-09-25 20:33:19",3.33,Wallace Christian Gomes Esteves   ,"2026-09-25 21:16:45","2026-09-25 21:16:55",Maxmiler Fernandes Silva,"2026-09-25 20:50:23",2026-09-25 18:29:00.000,2026-09-26 02:54:00.000
MATRIZ,2026-09-25,2026-09-25,SUPERMERCADO BOA PRA,"7412501","000-7412501",7,7,0,OWQ4406,OWQ4406E2,27,MISTO,"49",E2,"6",Freelancer 03,"2026-09-25 20:32:15","2026-09-25 20:36:37",4.37,Wallace Christian Gomes Esteves   ,"2026-09-25 21:17:06","2026-09-25 21:17:09",Maxmiler Fernandes Silva,"2026-09-25 20:52:38",2026-09-25 18:29:00.000,2026-09-26 02:54:00.000
MATRIZ,2026-09-25,2026-09-25,SUPERMERCADO BOA PRA,"7412501","000-7412501",7,7,0,OWQ4406,OWQ4406E3,21,MISTO,"40",E3,"6",Denilton Batista Dos Santos,"2026-09-25 20:33:13","2026-09-25 20:40:49",7.60,Wallace Christian Gomes Esteves   ,"2026-09-25 21:17:14","2026-09-25 21:17:16",Maxmiler Fernandes Silva,"2026-09-25 20:57:16",2026-09-25 18:29:00.000,2026-09-26 02:54:00.000
MATRIZ,2026-09-25,2026-09-25,RECANTO DOS MANSOS,"7212501","000-7212501",11,9,2,JJB9B08,JJB9B08E2,347,MISTO,"21",E2,"6",Leonardo Caetano Rodrigues,"2026-09-26 00:46:10","2026-09-26 01:25:19",39.15,Wallace Christian Gomes Esteves   ,"2026-09-26 02:06:17","2026-09-26 02:06:30",Maxmiler Fernandes Silva,"2026-09-26 02:01:50",2026-09-25 18:29:00.000,2026-09-26 02:54:00.000
MATRIZ,2026-09-25,2026-09-25,RECANTO DOS MANSOS,"7212501","000-7212501",11,9,2,JJB9B08,JJB9B08D3,243,MISTO,"11",D3,"6",Paulo Rozani Lopes Da Silva,"2026-09-26 00:51:53","2026-09-26 01:56:00",64.12,Wallace Christian Gomes Esteves   ,"2026-09-26 02:19:07","2026-09-26 02:19:09",Maxmiler Fernandes Silva,"2026-09-26 02:16:17",2026-09-25 18:29:00.000,2026-09-26 02:54:00.000
MATRIZ,2026-09-25,2026-09-25,RECANTO DOS MANSOS,"7212501","000-7212501",11,9,2,JJB9B08,JJB9B08E3,139,MISTO,"2",E3,"6",Paulo Rozani Lopes Da Silva,"2026-09-25 23:27:40","2026-09-26 00:16:45",49.08,Wallace Christian Gomes Esteves   ,"2026-09-26 01:31:53","2026-09-26 01:31:55",Maxmiler Fernandes Silva,"2026-09-26 01:20:18",2026-09-25 18:29:00.000,2026-09-26 02:54:00.000
MATRIZ,2026-09-25,2026-09-25,RECANTO DOS MANSOS,"7212501","000-7212501",11,9,2,JJB9B08,JJB9B08D2,107,MISTO,"50",D2,"6",Natan Silva Medeiros Júnior,"2026-09-25 23:39:45","2026-09-25 23:54:12",14.45,Wallace Christian Gomes Esteves   ,"2026-09-26 01:32:32","2026-09-26 01:32:34",Maxmiler Fernandes Silva,"2026-09-26 01:08:50",2026-09-25 18:29:00.000,2026-09-26 02:54:00.000
MATRIZ,2026-09-25,2026-09-25,RECANTO DOS MANSOS,"7212501","000-7212501",11,9,2,JJB9B08,JJB9B08D4,211,MISTO,"1",D4,"6",Freelancer 01,"2026-09-25 23:20:35","2026-09-25 23:50:24",29.82,Wallace Christian Gomes Esteves   ,"2026-09-26 01:32:37","2026-09-26 01:32:39",Maxmiler Fernandes Silva,"2026-09-26 01:11:38",2026-09-25 18:29:00.000,2026-09-26 02:54:00.000
MATRIZ,2026-09-25,2026-09-25,RECANTO DOS MANSOS,"7212501","000-7212501",11,9,2,JJB9B08,JJB9B08E1,75,COMPLETO,,E1,"6",,,,,Wallace Christian Gomes Esteves   ,"2026-09-26 01:32:49","2026-09-26 01:32:51",Nordires Vieira Dos Santos,"2026-09-26 00:48:14",2026-09-25 18:29:00.000,2026-09-26 02:54:00.000
MATRIZ,2026-09-25,2026-09-25,RECANTO DOS MANSOS,"7212501","000-7212501",11,9,2,JJB9B08,JJB9B08E5,39,MISTO,"7",E5,"6",Leonardo Caetano Rodrigues,"2026-09-26 00:26:43","2026-09-26 00:44:28",17.75,Wallace Christian Gomes Esteves   ,"2026-09-26 01:31:46","2026-09-26 01:31:48",Maxmiler Fernandes Silva,"2026-09-26 01:10:22",2026-09-25 18:29:00.000,2026-09-26 02:54:00.000
MATRIZ,2026-09-25,2026-09-25,RECANTO DOS MANSOS,"7212501","000-7212501",11,9,2,JJB9B08,JJB9B08E4,68,MISTO,"5",E4,"6",Leonardo Caetano Rodrigues,"2026-09-25 23:43:59","2026-09-25 23:53:31",9.53,Wallace Christian Gomes Esteves   ,"2026-09-26 01:31:30","2026-09-26 01:31:32",Maxmiler Fernandes Silva,"2026-09-26 01:08:44",2026-09-25 18:29:00.000,2026-09-26 02:54:00.000
MATRIZ,2026-09-25,2026-09-25,RECANTO DOS MANSOS,"7212501","000-7212501",11,9,2,JJB9B08,JJB9B08D5,61,MISTO,"6",D5,"6",Freelancer 01,"2026-09-25 23:51:04","2026-09-26 00:00:49",9.75,Wallace Christian Gomes Esteves   ,"2026-09-26 01:32:13","2026-09-26 01:32:15",Maxmiler Fernandes Silva,"2026-09-26 01:17:00",2026-09-25 18:29:00.000,2026-09-26 02:54:00.000
MATRIZ,2026-09-25,2026-09-25,RECANTO DOS MANSOS,"7212501","000-7212501",11,9,2,JJB9B08,JJB9B08D1,75,COMPLETO,,D1,"6",,,,,Wallace Christian Gomes Esteves   ,"2026-09-26 01:32:53","2026-09-26 01:32:55",Nordires Vieira Dos Santos,"2026-09-26 00:48:20",2026-09-25 18:29:00.000,2026-09-26 02:54:00.000
MATRIZ,2026-09-04,2026-09-04,PADARIA E PIZZARIA PRA VER E C,"7370401","000-7370401",7,7,0,KKJ5170,KKJ5170D2,105,MISTO,"44",D2,"02",Natan Silva Medeiros Júnior,"2026-09-05 01:36:27","2026-09-05 02:13:40",37.22,Wallace Christian Gomes Esteves   ,"2026-09-05 03:35:23","2026-09-05 03:35:26",Maxmiler Fernandes Silva,"2026-09-05 03:31:17",2026-09-04 20:41:00.000,2026-09-05 03:40:00.000
MATRIZ,2026-09-04,2026-09-04,PADARIA E PIZZARIA PRA VER E C,"7370401","000-7370401",7,7,0,KKJ5170,KKJ5170E2,64,MISTO,"45",E2,"02",Pedro Lucas Procópio dos Santos,"2026-09-05 01:46:38","2026-09-05 02:23:30",36.87,Wallace Christian Gomes Esteves   ,"2026-09-05 03:35:28","2026-09-05 03:35:31",Maxmiler Fernandes Silva,"2026-09-05 03:24:58",2026-09-04 20:41:00.000,2026-09-05 03:40:00.000
MATRIZ,2026-09-04,2026-09-04,PADARIA E PIZZARIA PRA VER E C,"7370401","000-7370401",7,7,0,KKJ5170,KKJ5170E3,36,MISTO,"48",E3,"02",Gianmiller Moraes,"2026-09-05 02:09:07","2026-09-05 02:38:52",29.75,Wallace Christian Gomes Esteves   ,"2026-09-05 03:34:12","2026-09-05 03:35:02",Maxmiler Fernandes Silva,"2026-09-05 03:31:05",2026-09-04 20:41:00.000,2026-09-05 03:40:00.000
MATRIZ,2026-09-04,2026-09-04,PADARIA E PIZZARIA PRA VER E C,"7370401","000-7370401",7,7,0,KKJ5170,KKJ5170D1,40,MISTO,"47",D1,"02",Gianmiller Moraes,"2026-09-05 01:54:13","2026-09-05 02:05:36",11.38,Wallace Christian Gomes Esteves   ,"2026-09-05 03:35:34","2026-09-05 03:35:37",Maxmiler Fernandes Silva,"2026-09-05 03:28:26",2026-09-04 20:41:00.000,2026-09-05 03:40:00.000
MATRIZ,2026-09-04,2026-09-04,PADARIA E PIZZARIA PRA VER E C,"7370401","000-7370401",7,7,0,KKJ5170,KKJ5170E1,60,MISTO,"46",E1,"02",Marcos Vinicio Alves Pessoa,"2026-09-05 01:50:23","2026-09-05 02:09:51",19.47,Wallace Christian Gomes Esteves   ,"2026-09-05 03:35:10","2026-09-05 03:35:15",Maxmiler Fernandes Silva,"2026-09-05 03:30:58",2026-09-04 20:41:00.000,2026-09-05 03:40:00.000
MATRIZ,2026-09-04,2026-09-04,PADARIA E PIZZARIA PRA VER E C,"7370401","000-7370401",7,7,0,KKJ5170,KKJ5170D3,216,MISTO,"43",D3,"02",Geraldo Teixeira Baia Junior,"2026-09-05 01:32:58","2026-09-05 02:27:35",54.62,Wallace Christian Gomes Esteves   ,"2026-09-05 03:35:18","2026-09-05 03:35:21",Maxmiler Fernandes Silva,"2026-09-05 03:26:44",2026-09-04 20:41:00.000,2026-09-05 03:40:00.000
MATRIZ,2026-09-04,2026-09-04,GAUCHAO DO RENI,"7130401","000-7130401",7,7,0,JXS4C69,JXS4C69D3,119,MISTO,"31",D3,"04",Pedro Lucas Procópio dos Santos,"2026-09-04 23:37:42","2026-09-05 01:40:50",123.13,Wallace Christian Gomes Esteves   ,"2026-09-05 03:03:59","2026-09-05 03:04:04",Maxmiler Fernandes Silva,"2026-09-05 02:41:03",2026-09-04 20:41:00.000,2026-09-05 03:40:00.000
MATRIZ,2026-09-04,2026-09-04,GAUCHAO DO RENI,"7130401","000-7130401",7,7,0,JXS4C69,JXS4C69E1,197,MISTO,"30",E1,"04",Marcos Vinicio Alves Pessoa,"2026-09-04 23:36:20","2026-09-05 00:19:54",43.57,Wallace Christian Gomes Esteves   ,"2026-09-05 03:03:28","2026-09-05 03:03:32",Maxmiler Fernandes Silva,"2026-09-05 02:32:22",2026-09-04 20:41:00.000,2026-09-05 03:40:00.000
MATRIZ,2026-09-04,2026-09-04,GAUCHAO DO RENI,"7130401","000-7130401",7,7,0,JXS4C69,JXS4C69E3,125,MISTO,"32",E3,"04",Geraldo Teixeira Baia Junior,"2026-09-04 23:46:01","2026-09-05 00:08:37",22.60,Wallace Christian Gomes Esteves   ,"2026-09-05 03:03:47","2026-09-05 03:03:53",Maxmiler Fernandes Silva,"2026-09-05 02:36:59",2026-09-04 20:41:00.000,2026-09-05 03:40:00.000
MATRIZ,2026-09-04,2026-09-04,GAUCHAO DO RENI,"7130401","000-7130401",7,7,0,JXS4C69,JXS4C69E2,40,MISTO,"34",E2,"04",Gianmiller Moraes,"2026-09-04 23:54:05","2026-09-05 00:18:12",24.12,Wallace Christian Gomes Esteves   ,"2026-09-05 03:03:37","2026-09-05 03:03:41",Maxmiler Fernandes Silva,"2026-09-05 02:34:37",2026-09-04 20:41:00.000,2026-09-05 03:40:00.000
MATRIZ,2026-09-04,2026-09-04,GAUCHAO DO RENI,"7130401","000-7130401",7,7,0,JXS4C69,JXS4C69D2,47,MISTO,"33",D2,"04",Natan Silva Medeiros Júnior,"2026-09-04 23:49:25","2026-09-05 00:04:50",15.42,Wallace Christian Gomes Esteves   ,"2026-09-05 03:04:09","2026-09-05 03:04:14",Maxmiler Fernandes Silva,"2026-09-05 02:43:47",2026-09-04 20:41:00.000,2026-09-05 03:40:00.000
MATRIZ,2026-09-04,2026-09-04,GAUCHAO DO RENI,"7130401","000-7130401",7,7,0,JXS4C69,JXS4C69D1,40,MISTO,"35",D1,"04",Geraldo Teixeira Baia Junior,"2026-09-05 00:23:27","2026-09-05 00:30:40",7.22,Wallace Christian Gomes Esteves   ,"2026-09-05 03:04:23","2026-09-05 03:04:29",Maxmiler Fernandes Silva,"2026-09-05 02:31:04",2026-09-04 20:41:00.000,2026-09-05 03:40:00.000
MATRIZ,2026-09-04,2026-09-04,MERCEARIA DA ILZA,"7380401","000-7380401",7,7,0,KKJ5250,KKJ5250E3,80,MISTO,"49",E3,"3",Marcos Vinicio Alves Pessoa,"2026-09-05 02:11:04","2026-09-05 02:34:49",23.75,Wallace Christian Gomes Esteves   ,"2026-09-05 03:36:57","2026-09-05 03:37:02",Maxmiler Fernandes Silva,"2026-09-05 03:22:03",2026-09-04 20:41:00.000,2026-09-05 03:40:00.000
MATRIZ,2026-09-04,2026-09-04,MERCEARIA DA ILZA,"7380401","000-7380401",7,7,0,KKJ5250,KKJ5250D1,40,MISTO,"52",D1,"3",Marcos Vinicio Alves Pessoa,"2026-09-05 02:36:41","2026-09-05 02:46:53",10.20,Wallace Christian Gomes Esteves   ,"2026-09-05 03:37:30","2026-09-05 03:37:41",Maxmiler Fernandes Silva,"2026-09-05 03:33:18",2026-09-04 20:41:00.000,2026-09-05 03:40:00.000
MATRIZ,2026-09-04,2026-09-04,MERCEARIA DA ILZA,"7380401","000-7380401",7,7,0,KKJ5250,KKJ5250D2,40,MISTO,"38",D2,"3",Pedro Lucas Procópio dos Santos,"2026-09-05 02:34:17","2026-09-05 02:49:19",15.03,Wallace Christian Gomes Esteves   ,"2026-09-05 03:37:11","2026-09-05 03:37:25",Maxmiler Fernandes Silva,"2026-09-05 03:34:56",2026-09-04 20:41:00.000,2026-09-05 03:40:00.000
MATRIZ,2026-09-04,2026-09-04,MERCEARIA DA ILZA,"7380401","000-7380401",7,7,0,KKJ5250,KKJ5250E1,39,MISTO,"11",E1,"3",Gianmiller Moraes,"2026-09-05 02:42:54","2026-09-05 02:51:59",9.08,Wallace Christian Gomes Esteves   ,"2026-09-05 03:37:44","2026-09-05 03:37:46",Maxmiler Fernandes Silva,"2026-09-05 03:35:01",2026-09-04 20:41:00.000,2026-09-05 03:40:00.000
MATRIZ,2026-09-04,2026-09-04,MERCEARIA DA ILZA,"7380401","000-7380401",7,7,0,KKJ5250,KKJ5250E2,62,MISTO,"50",E2,"3",Natan Silva Medeiros Júnior,"2026-09-05 02:17:28","2026-09-05 02:38:54",21.43,Wallace Christian Gomes Esteves   ,"2026-09-05 03:39:19","2026-09-05 03:39:22",Maxmiler Fernandes Silva,"2026-09-05 03:38:29",2026-09-04 20:41:00.000,2026-09-05 03:40:00.000
MATRIZ,2026-09-04,2026-09-04,MERCEARIA DA ILZA,"7380401","000-7380401",7,7,0,KKJ5250,KKJ5250D3,40,MISTO,"51",D3,"3",Geraldo Teixeira Baia Junior,"2026-09-05 02:27:58","2026-09-05 02:45:34",17.60,Wallace Christian Gomes Esteves   ,"2026-09-05 03:39:24","2026-09-05 03:39:27",Maxmiler Fernandes Silva,"2026-09-05 03:38:25",2026-09-04 20:41:00.000,2026-09-05 03:40:00.000
MATRIZ,2026-09-04,2026-09-04,BAR DO ARMANDO,"7250401","000-7250401",11,10,1,TCL0I17,TCL0I17E5,69,MISTO,"26",E5,"01",Pedro Lucas Procópio dos Santos,"2026-09-04 23:15:49","2026-09-04 23:32:42",16.88,Wallace Christian Gomes Esteves   ,"2026-09-05 02:59:11","2026-09-05 02:59:19",Maxmiler Fernandes Silva,"2026-09-05 01:46:51",2026-09-04 20:41:00.000,2026-09-05 03:40:00.000
MATRIZ,2026-09-04,2026-09-04,BAR DO ARMANDO,"7250401","000-7250401",11,10,1,TCL0I17,TCL0I17D1,75,COMPLETO,,D1,"01",,,,,Wallace Christian Gomes Esteves   ,"2026-09-05 03:00:04","2026-09-05 03:00:12",Maxmiler Fernandes Silva,"2026-09-05 02:02:43",2026-09-04 20:41:00.000,2026-09-05 03:40:00.000
MATRIZ,2026-09-04,2026-09-04,BAR DO ARMANDO,"7250401","000-7250401",11,10,1,TCL0I17,TCL0I17D2,36,MISTO,"28",D2,"01",Marcos Vinicio Alves Pessoa,"2026-09-04 23:24:15","2026-09-04 23:35:55",11.67,Wallace Christian Gomes Esteves   ,"2026-09-05 02:59:47","2026-09-05 02:59:50",Maxmiler Fernandes Silva,"2026-09-05 01:47:58",2026-09-04 20:41:00.000,2026-09-05 03:40:00.000
MATRIZ,2026-09-04,2026-09-04,BAR DO ARMANDO,"7250401","000-7250401",11,10,1,TCL0I17,TCL0I17D5,15,MISTO,"29",D5,"01",Gianmiller Moraes,"2026-09-04 23:34:33","2026-09-04 23:51:17",16.73,Wallace Christian Gomes Esteves   ,"2026-09-05 02:59:40","2026-09-05 02:59:43",Maxmiler Fernandes Silva,"2026-09-05 01:44:42",2026-09-04 20:41:00.000,2026-09-05 03:40:00.000
MATRIZ,2026-09-04,2026-09-04,BAR DO ARMANDO,"7250401","000-7250401",11,10,1,TCL0I17,TCL0I17E2,78,MISTO,"25",E2,"01",Natan Silva Medeiros Júnior,"2026-09-04 23:04:36","2026-09-04 23:20:15",15.65,Wallace Christian Gomes Esteves   ,"2026-09-05 02:58:35","2026-09-05 02:58:39",Maxmiler Fernandes Silva,"2026-09-05 01:51:13",2026-09-04 20:41:00.000,2026-09-05 03:40:00.000
MATRIZ,2026-09-04,2026-09-04,BAR DO ARMANDO,"7250401","000-7250401",11,10,1,TCL0I17,TCL0I17E1,90,MISTO,"21",E1,"01",Pedro Lucas Procópio dos Santos,"2026-09-04 22:42:56","2026-09-04 23:07:15",24.32,Wallace Christian Gomes Esteves   ,"2026-09-05 02:58:27","2026-09-05 02:58:31",Maxmiler Fernandes Silva,"2026-09-05 01:52:55",2026-09-04 20:41:00.000,2026-09-05 03:40:00.000
MATRIZ,2026-09-04,2026-09-04,BAR DO ARMANDO,"7250401","000-7250401",11,10,1,TCL0I17,TCL0I17E4,79,MISTO,"23",E4,"01",Marcos Vinicio Alves Pessoa,"2026-09-04 22:49:57","2026-09-04 23:20:57",31.00,Wallace Christian Gomes Esteves   ,"2026-09-05 02:58:57","2026-09-05 02:59:02",Maxmiler Fernandes Silva,"2026-09-05 01:50:06",2026-09-04 20:41:00.000,2026-09-05 03:40:00.000
MATRIZ,2026-09-04,2026-09-04,BAR DO ARMANDO,"7250401","000-7250401",11,10,1,TCL0I17,TCL0I17E3,78,MISTO,"24",E3,"01",Gianmiller Moraes,"2026-09-04 22:55:17","2026-09-04 23:26:30",31.22,Wallace Christian Gomes Esteves   ,"2026-09-05 02:58:43","2026-09-05 02:58:48",Maxmiler Fernandes Silva,"2026-09-05 01:48:55",2026-09-04 20:41:00.000,2026-09-05 03:40:00.000
MATRIZ,2026-09-04,2026-09-04,BAR DO ARMANDO,"7250401","000-7250401",11,10,1,TCL0I17,TCL0I17D4,51,MISTO,"27",D4,"01",Natan Silva Medeiros Júnior,"2026-09-04 23:23:27","2026-09-04 23:45:37",22.17,Wallace Christian Gomes Esteves   ,"2026-09-05 02:59:29","2026-09-05 02:59:31",Maxmiler Fernandes Silva,"2026-09-05 01:45:45",2026-09-04 20:41:00.000,2026-09-05 03:40:00.000
MATRIZ,2026-09-04,2026-09-04,BAR DO ARMANDO,"7250401","000-7250401",11,10,1,TCL0I17,TCL0I17D3,86,MISTO,"22",D3,"01",Natan Silva Medeiros Júnior,"2026-09-04 22:43:34","2026-09-04 23:02:04",18.50,Wallace Christian Gomes Esteves   ,"2026-09-05 02:59:22","2026-09-05 02:59:25",Maxmiler Fernandes Silva,"2026-09-05 01:54:20",2026-09-04 20:41:00.000,2026-09-05 03:40:00.000
MATRIZ,2026-09-04,2026-09-04,EVERALDO DE MAGALHAES MOREIRA,"7240401","000-7240401",11,11,0,TCB7I34,TCB7I34E2,115,MISTO,"12",E2,"06",Gianmiller Moraes,"2026-09-04 21:49:14","2026-09-04 22:13:47",24.55,Wallace Christian Gomes Esteves   ,"2026-09-05 01:29:45","2026-09-05 01:29:50",Maxmiler Fernandes Silva,"2026-09-05 01:22:28",2026-09-04 20:41:00.000,2026-09-05 03:40:00.000
MATRIZ,2026-09-04,2026-09-04,EVERALDO DE MAGALHAES MOREIRA,"7240401","000-7240401",11,11,0,TCB7I34,TCB7I34E3,16,MISTO,"19",E3,"06",Pedro Lucas Procópio dos Santos,"2026-09-04 22:33:29","2026-09-04 22:39:44",6.25,Wallace Christian Gomes Esteves   ,"2026-09-05 01:30:18","2026-09-05 01:30:22",Maxmiler Fernandes Silva,"2026-09-05 01:19:11",2026-09-04 20:41:00.000,2026-09-05 03:40:00.000
MATRIZ,2026-09-04,2026-09-04,EVERALDO DE MAGALHAES MOREIRA,"7240401","000-7240401",11,11,0,TCB7I34,TCB7I34D1,64,MISTO,"13",D1,"06",Pedro Lucas Procópio dos Santos,"2026-09-04 21:54:20","2026-09-04 22:15:34",21.23,Wallace Christian Gomes Esteves   ,"2026-09-05 01:30:40","2026-09-05 01:30:49",Maxmiler Fernandes Silva,"2026-09-05 01:21:25",2026-09-04 20:41:00.000,2026-09-05 03:40:00.000
MATRIZ,2026-09-04,2026-09-04,EVERALDO DE MAGALHAES MOREIRA,"7240401","000-7240401",11,11,0,TCB7I34,TCB7I34D5,43,MISTO,"17",D5,"06",Natan Silva Medeiros Júnior,"2026-09-04 22:24:36","2026-09-04 22:40:19",15.72,Wallace Christian Gomes Esteves   ,"2026-09-05 01:31:07","2026-09-05 01:31:12",Maxmiler Fernandes Silva,"2026-09-05 01:18:23",2026-09-04 20:41:00.000,2026-09-05 03:40:00.000
MATRIZ,2026-09-04,2026-09-04,EVERALDO DE MAGALHAES MOREIRA,"7240401","000-7240401",11,11,0,TCB7I34,TCB7I34D4,46,MISTO,"16",D4,"06",Pedro Lucas Procópio dos Santos,"2026-09-04 22:22:48","2026-09-04 22:29:48",7.00,Wallace Christian Gomes Esteves   ,"2026-09-05 01:31:19","2026-09-05 01:31:22",Maxmiler Fernandes Silva,"2026-09-05 01:24:45",2026-09-04 20:41:00.000,2026-09-05 03:40:00.000
MATRIZ,2026-09-04,2026-09-04,EVERALDO DE MAGALHAES MOREIRA,"7240401","000-7240401",11,11,0,TCB7I34,TCB7I34D3,15,MISTO,"20",D3,"06",Marcos Vinicio Alves Pessoa,"2026-09-04 22:41:48","2026-09-04 22:47:55",6.12,Wallace Christian Gomes Esteves   ,"2026-09-05 01:31:32","2026-09-05 01:31:38",Maxmiler Fernandes Silva,"2026-09-05 01:25:56",2026-09-04 20:41:00.000,2026-09-05 03:40:00.000
MATRIZ,2026-09-04,2026-09-04,EVERALDO DE MAGALHAES MOREIRA,"7240401","000-7240401",11,11,0,TCB7I34,TCB7I34D2,25,MISTO,"18",D2,"06",Marcos Vinicio Alves Pessoa,"2026-09-04 22:30:11","2026-09-04 22:38:56",8.75,Wallace Christian Gomes Esteves   ,"2026-09-05 01:31:44","2026-09-05 01:31:49",Maxmiler Fernandes Silva,"2026-09-05 01:30:17",2026-09-04 20:41:00.000,2026-09-05 03:40:00.000
MATRIZ,2026-09-04,2026-09-04,EVERALDO DE MAGALHAES MOREIRA,"7240401","000-7240401",11,11,0,TCB7I34,TCB7I34E1,186,MISTO,"11",E1,"06",Natan Silva Medeiros Júnior,"2026-09-04 21:40:31","2026-09-04 22:19:03",38.53,Wallace Christian Gomes Esteves   ,"2026-09-05 01:29:31","2026-09-05 01:29:41",Maxmiler Fernandes Silva,"2026-09-05 01:20:13",2026-09-04 20:41:00.000,2026-09-05 03:40:00.000
MATRIZ,2026-09-04,2026-09-04,EVERALDO DE MAGALHAES MOREIRA,"7240401","000-7240401",11,11,0,TCB7I34,TCB7I34E5,53,MISTO,"15",E5,"06",Gianmiller Moraes,"2026-09-04 22:19:48","2026-09-04 22:46:35",26.78,Wallace Christian Gomes Esteves   ,"2026-09-05 01:30:54","2026-09-05 01:30:58",Maxmiler Fernandes Silva,"2026-09-05 01:23:35",2026-09-04 20:41:00.000,2026-09-05 03:40:00.000
MATRIZ,2026-09-04,2026-09-04,EVERALDO DE MAGALHAES MOREIRA,"7240401","000-7240401",11,11,0,TCB7I34,TCB7I34E4,58,MISTO,"14",E4,"06",Marcos Vinicio Alves Pessoa,"2026-09-04 22:09:54","2026-09-04 22:28:59",19.08,Wallace Christian Gomes Esteves   ,"2026-09-05 01:31:53","2026-09-05 01:31:57",Maxmiler Fernandes Silva,"2026-09-05 01:30:26",2026-09-04 20:41:00.000,2026-09-05 03:40:00.000
MATRIZ,2026-09-04,2026-09-04,ALTAIR TAVARES GARCIA,"7190401","000-7190401",9,8,1,KZX0905,KZX0905E4,64,MISTO,"37",E4,"01",Geraldo Teixeira Baia Junior,"2026-09-05 01:00:01","2026-09-05 01:12:11",12.17,Wallace Christian Gomes Esteves   ,"2026-09-05 02:55:51","2026-09-05 02:55:55",Maxmiler Fernandes Silva,"2026-09-05 02:19:58",2026-09-04 20:41:00.000,2026-09-05 03:40:00.000
MATRIZ,2026-09-04,2026-09-04,ALTAIR TAVARES GARCIA,"7190401","000-7190401",9,8,1,KZX0905,KZX0905E3,53,MISTO,"39",E3,"01",Geraldo Teixeira Baia Junior,"2026-09-05 01:13:16","2026-09-05 01:25:42",12.43,Wallace Christian Gomes Esteves   ,"2026-09-05 02:56:01","2026-09-05 02:56:04",Maxmiler Fernandes Silva,"2026-09-05 02:19:05",2026-09-04 20:41:00.000,2026-09-05 03:40:00.000
MATRIZ,2026-09-04,2026-09-04,ALTAIR TAVARES GARCIA,"7190401","000-7190401",9,8,1,KZX0905,KZX0905D2,47,MISTO,"38",D2,"01",Natan Silva Medeiros Júnior,"2026-09-05 01:13:29","2026-09-05 01:33:31",20.03,Wallace Christian Gomes Esteves   ,"2026-09-05 02:22:33","2026-09-05 02:22:38",Maxmiler Fernandes Silva,"2026-09-05 02:21:54",2026-09-04 20:41:00.000,2026-09-05 03:40:00.000
MATRIZ,2026-09-04,2026-09-04,ALTAIR TAVARES GARCIA,"7190401","000-7190401",9,8,1,KZX0905,KZX0905E2,133,MISTO,"36",E2,"01",Geraldo Teixeira Baia Junior,"2026-09-05 00:35:11","2026-09-05 00:59:31",24.33,Wallace Christian Gomes Esteves   ,"2026-09-05 02:56:15","2026-09-05 02:56:18",Maxmiler Fernandes Silva,"2026-09-05 02:21:02",2026-09-04 20:41:00.000,2026-09-05 03:40:00.000
MATRIZ,2026-09-04,2026-09-04,ALTAIR TAVARES GARCIA,"7190401","000-7190401",9,8,1,KZX0905,KZX0905D1,50,COMPLETO,,D1,"01",,,,,Wallace Christian Gomes Esteves   ,"2026-09-05 02:57:09","2026-09-05 02:57:18",Maxmiler Fernandes Silva,"2026-09-05 02:48:48",2026-09-04 20:41:00.000,2026-09-05 03:40:00.000
MATRIZ,2026-09-04,2026-09-04,ALTAIR TAVARES GARCIA,"7190401","000-7190401",9,8,1,KZX0905,KZX0905E1,47,MISTO,"40",E1,"01",Gianmiller Moraes,"2026-09-05 01:19:41","2026-09-05 01:27:13",7.53,Wallace Christian Gomes Esteves   ,"2026-09-05 02:56:27","2026-09-05 02:56:31",Maxmiler Fernandes Silva,"2026-09-05 02:24:27",2026-09-04 20:41:00.000,2026-09-05 03:40:00.000
MATRIZ,2026-09-04,2026-09-04,ALTAIR TAVARES GARCIA,"7190401","000-7190401",9,8,1,KZX0905,KZX0905D3,38,MISTO,"42",D3,"01",Gianmiller Moraes,"2026-09-05 01:30:51","2026-09-05 01:48:43",17.87,Wallace Christian Gomes Esteves   ,"2026-09-05 02:55:35","2026-09-05 02:55:41",Maxmiler Fernandes Silva,"2026-09-05 02:29:45",2026-09-04 20:41:00.000,2026-09-05 03:40:00.000
MATRIZ,2026-09-04,2026-09-04,ALTAIR TAVARES GARCIA,"7190401","000-7190401",9,8,1,KZX0905,KZX0905D4,45,MISTO,"41",D4,"01",Marcos Vinicio Alves Pessoa,"2026-09-05 01:25:55","2026-09-05 01:49:36",23.68,Wallace Christian Gomes Esteves   ,"2026-09-05 02:56:55","2026-09-05 02:57:03",Maxmiler Fernandes Silva,"2026-09-05 02:22:52",2026-09-04 20:41:00.000,2026-09-05 03:40:00.000
MATRIZ,2026-09-07,2026-09-05,GULA GULA,"7180501","000-7180501",7,7,0,RFP8G80,RFP8G80D3,217,MISTO,"19",D3,"01",Marcos Vinicio Alves Pessoa,"2026-09-08 01:32:21","2026-09-08 02:19:39",47.30,Wallace Christian Gomes Esteves   ,"2026-09-08 02:56:47","2026-09-08 02:56:51",Maxmiler Fernandes Silva,"2026-09-08 02:43:10",2026-09-07 19:48:00.000,2026-09-08 03:05:00.000
MATRIZ,2026-09-07,2026-09-05,GULA GULA,"7180501","000-7180501",7,7,0,RFP8G80,RFP8G80E2,165,MISTO,"28",E2,"01",Gianmiller Moraes,"2026-09-08 01:44:20","2026-09-08 02:37:01",52.68,Wallace Christian Gomes Esteves   ,"2026-09-08 02:55:48","2026-09-08 02:55:57",Maxmiler Fernandes Silva,"2026-09-08 02:54:13",2026-09-07 19:48:00.000,2026-09-08 03:05:00.000
MATRIZ,2026-09-07,2026-09-05,GULA GULA,"7180501","000-7180501",7,7,0,RFP8G80,RFP8G80E3,17,MISTO,"27",E3,"01",Pedro Lucas Procópio dos Santos,"2026-09-08 02:14:56","2026-09-08 02:17:42",2.77,Wallace Christian Gomes Esteves   ,"2026-09-08 02:56:03","2026-09-08 02:56:08",Maxmiler Fernandes Silva,"2026-09-08 02:47:17",2026-09-07 19:48:00.000,2026-09-08 03:05:00.000
MATRIZ,2026-09-07,2026-09-05,GULA GULA,"7180501","000-7180501",7,7,0,RFP8G80,RFP8G80E1,41,MISTO,"25",E1,"01",Pedro Lucas Procópio dos Santos,"2026-09-08 02:09:50","2026-09-08 02:14:21",4.52,Wallace Christian Gomes Esteves   ,"2026-09-08 02:56:15","2026-09-08 02:56:23",Maxmiler Fernandes Silva,"2026-09-08 02:46:01",2026-09-07 19:48:00.000,2026-09-08 03:05:00.000
MATRIZ,2026-09-07,2026-09-05,GULA GULA,"7180501","000-7180501",7,7,0,RFP8G80,RFP8G80D1,48,MISTO,"26",D1,"01",Pedro Lucas Procópio dos Santos,"2026-09-08 02:04:15","2026-09-08 02:06:31",2.27,Wallace Christian Gomes Esteves   ,"2026-09-08 02:56:30","2026-09-08 02:56:38",Maxmiler Fernandes Silva,"2026-09-08 02:50:42",2026-09-07 19:48:00.000,2026-09-08 03:05:00.000
MATRIZ,2026-09-07,2026-09-05,GULA GULA,"7180501","000-7180501",7,7,0,RFP8G80,RFP8G80D2,49,MISTO,"22",D2,"01",Natan Silva Medeiros Júnior,"2026-09-08 01:53:47","2026-09-08 02:11:32",17.75,Wallace Christian Gomes Esteves   ,"2026-09-08 02:56:40","2026-09-08 02:56:44",Maxmiler Fernandes Silva,"2026-09-08 02:44:42",2026-09-07 19:48:00.000,2026-09-08 03:05:00.000
MATRIZ,2026-09-07,2026-09-05,MERCEARIA ARAUJO,"7410501","000-7410501",7,7,0,OWQ4406,OWQ4406D2,99,MISTO,"31",D2,"02",Natan Silva Medeiros Júnior,"2026-09-07 22:39:19","2026-09-07 22:59:13",19.90,Wallace Christian Gomes Esteves   ,"2026-09-08 00:32:08","2026-09-08 00:32:16",Maxmiler Fernandes Silva,"2026-09-08 00:22:47",2026-09-07 19:48:00.000,2026-09-08 03:05:00.000
MATRIZ,2026-09-07,2026-09-05,MERCEARIA ARAUJO,"7410501","000-7410501",7,7,0,OWQ4406,OWQ4406D3,37,MISTO,"2",D3,"02",Natan Silva Medeiros Júnior,"2026-09-07 23:03:47","2026-09-07 23:20:19",16.53,Wallace Christian Gomes Esteves   ,"2026-09-08 00:32:19","2026-09-08 00:32:26",Maxmiler Fernandes Silva,"2026-09-08 00:28:23",2026-09-07 19:48:00.000,2026-09-08 03:05:00.000
MATRIZ,2026-09-07,2026-09-05,MERCEARIA ARAUJO,"7410501","000-7410501",7,7,0,OWQ4406,OWQ4406E2,120,MISTO,"29",E2,"02",Pedro Lucas Procópio dos Santos,"2026-09-07 22:32:54","2026-09-07 23:05:03",32.15,Wallace Christian Gomes Esteves   ,"2026-09-08 00:33:01","2026-09-08 00:33:06",Maxmiler Fernandes Silva,"2026-09-08 00:21:05",2026-09-07 19:48:00.000,2026-09-08 03:05:00.000
MATRIZ,2026-09-07,2026-09-05,MERCEARIA ARAUJO,"7410501","000-7410501",7,7,0,OWQ4406,OWQ4406D1,56,MISTO,"32",D1,"02",Gianmiller Moraes,"2026-09-07 22:48:14","2026-09-07 23:09:14",21.00,Wallace Christian Gomes Esteves   ,"2026-09-08 00:32:31","2026-09-08 00:32:35",Maxmiler Fernandes Silva,"2026-09-08 00:15:54",2026-09-07 19:48:00.000,2026-09-08 03:05:00.000
MATRIZ,2026-09-07,2026-09-05,MERCEARIA ARAUJO,"7410501","000-7410501",7,7,0,OWQ4406,OWQ4406E1,36,MISTO,"8",E1,"02",Pedro Lucas Procópio dos Santos,"2026-09-07 23:11:35","2026-09-07 23:26:55",15.33,Wallace Christian Gomes Esteves   ,"2026-09-08 00:32:45","2026-09-08 00:32:52",Maxmiler Fernandes Silva,"2026-09-08 00:25:27",2026-09-07 19:48:00.000,2026-09-08 03:05:00.000
MATRIZ,2026-09-07,2026-09-05,MERCEARIA ARAUJO,"7410501","000-7410501",7,7,0,OWQ4406,OWQ4406E3,115,MISTO,"30",E3,"02",Marcos Vinicio Alves Pessoa,"2026-09-07 22:38:49","2026-09-07 23:12:18",33.48,Wallace Christian Gomes Esteves   ,"2026-09-08 00:33:09","2026-09-08 00:33:15",Maxmiler Fernandes Silva,"2026-09-08 00:18:43",2026-09-07 19:48:00.000,2026-09-08 03:05:00.000
MATRIZ,2026-09-07,2026-09-05,BAR DA FABIANA,"7240501","000-7240501",11,11,0,TCB7I34,TCB7I34D4,73,MISTO,"23",D4,"01",Natan Silva Medeiros Júnior,"2026-09-07 21:57:22","2026-09-07 22:19:52",22.50,Wallace Christian Gomes Esteves   ,"2026-09-07 23:57:28","2026-09-07 23:57:46",Maxmiler Fernandes Silva,"2026-09-07 22:40:07",2026-09-07 19:48:00.000,2026-09-08 03:05:00.000
MATRIZ,2026-09-07,2026-09-05,BAR DA FABIANA,"7240501","000-7240501",11,11,0,TCB7I34,TCB7I34D1,66,MISTO,"24",D1,"01",Pedro Lucas Procópio dos Santos,"2026-09-07 22:01:29","2026-09-07 22:06:53",5.40,Wallace Christian Gomes Esteves   ,"2026-09-07 23:57:58","2026-09-07 23:58:03",Maxmiler Fernandes Silva,"2026-09-07 22:59:40",2026-09-07 19:48:00.000,2026-09-08 03:05:00.000
MATRIZ,2026-09-07,2026-09-05,BAR DA FABIANA,"7240501","000-7240501",11,11,0,TCB7I34,TCB7I34E3,27,MISTO,"28",E3,"01",Gianmiller Moraes,"2026-09-07 22:30:56","2026-09-07 22:46:32",15.60,Wallace Christian Gomes Esteves   ,"2026-09-07 23:56:23","2026-09-07 23:56:26",Maxmiler Fernandes Silva,"2026-09-07 23:03:07",2026-09-07 19:48:00.000,2026-09-08 03:05:00.000
MATRIZ,2026-09-07,2026-09-05,BAR DA FABIANA,"7240501","000-7240501",11,11,0,TCB7I34,TCB7I34E5,38,MISTO,"26",E5,"01",Marcos Vinicio Alves Pessoa,"2026-09-07 22:16:54","2026-09-07 22:35:23",18.48,Wallace Christian Gomes Esteves   ,"2026-09-07 23:56:34","2026-09-07 23:56:39",Maxmiler Fernandes Silva,"2026-09-07 22:46:32",2026-09-07 19:48:00.000,2026-09-08 03:05:00.000
MATRIZ,2026-09-07,2026-09-05,BAR DA FABIANA,"7240501","000-7240501",11,11,0,TCB7I34,TCB7I34D3,29,MISTO,"27",D3,"01",Natan Silva Medeiros Júnior,"2026-09-07 22:23:43","2026-09-07 22:37:08",13.42,Wallace Christian Gomes Esteves   ,"2026-09-07 23:56:43","2026-09-07 23:56:49",Maxmiler Fernandes Silva,"2026-09-07 22:45:05",2026-09-07 19:48:00.000,2026-09-08 03:05:00.000
MATRIZ,2026-09-07,2026-09-05,BAR DA FABIANA,"7240501","000-7240501",11,11,0,TCB7I34,TCB7I34D5,39,MISTO,"25",D5,"01",Pedro Lucas Procópio dos Santos,"2026-09-07 22:15:21","2026-09-07 22:29:53",14.53,Wallace Christian Gomes Esteves   ,"2026-09-07 23:57:09","2026-09-07 23:57:19",Maxmiler Fernandes Silva,"2026-09-07 23:08:05",2026-09-07 19:48:00.000,2026-09-08 03:05:00.000
MATRIZ,2026-09-07,2026-09-05,BAR DA FABIANA,"7240501","000-7240501",11,11,0,TCB7I34,TCB7I34E1,167,MISTO,"20",E1,"01",Marcos Vinicio Alves Pessoa,"2026-09-07 21:34:40","2026-09-07 22:15:53",41.22,Wallace Christian Gomes Esteves   ,"2026-09-07 23:55:45","2026-09-07 23:55:49",Maxmiler Fernandes Silva,"2026-09-07 22:41:43",2026-09-07 19:48:00.000,2026-09-08 03:05:00.000
MATRIZ,2026-09-07,2026-09-05,BAR DA FABIANA,"7240501","000-7240501",11,11,0,TCB7I34,TCB7I34D2,164,MISTO,"21",D2,"01",Natan Silva Medeiros Júnior,"2026-09-07 21:37:26","2026-09-07 21:54:29",17.05,Wallace Christian Gomes Esteves   ,"2026-09-07 23:56:04","2026-09-07 23:56:08",Maxmiler Fernandes Silva,"2026-09-07 23:15:04",2026-09-07 19:48:00.000,2026-09-08 03:05:00.000
MATRIZ,2026-09-07,2026-09-05,BAR DA FABIANA,"7240501","000-7240501",11,11,0,TCB7I34,TCB7I34E2,226,MISTO,"19",E2,"01",Gianmiller Moraes,"2026-09-07 21:35:01","2026-09-07 22:25:38",50.62,Wallace Christian Gomes Esteves   ,"2026-09-07 23:55:30","2026-09-07 23:55:41",Maxmiler Fernandes Silva,"2026-09-07 23:01:12",2026-09-07 19:48:00.000,2026-09-08 03:05:00.000
MATRIZ,2026-09-07,2026-09-05,BAR DA FABIANA,"7240501","000-7240501",11,11,0,TCB7I34,TCB7I34E4,81,MISTO,"22",E4,"01",Pedro Lucas Procópio dos Santos,"2026-09-07 21:43:02","2026-09-07 21:55:44",12.70,Wallace Christian Gomes Esteves   ,"2026-09-07 23:56:14","2026-09-07 23:56:17",Maxmiler Fernandes Silva,"2026-09-07 23:09:41",2026-09-07 19:48:00.000,2026-09-08 03:05:00.000
MATRIZ,2026-09-07,2026-09-05,CAFE DA HORA,"7190501","000-7190501",9,8,1,KZX0905,KZX0905E1,46,MISTO,"17",E1,"02",Marcos Vinicio Alves Pessoa,"2026-09-07 23:59:06","2026-09-08 00:01:15",2.15,Wallace Christian Gomes Esteves   ,"2026-09-08 02:13:54","2026-09-08 02:14:11",Maxmiler Fernandes Silva,"2026-09-08 01:54:38",2026-09-07 19:48:00.000,2026-09-08 03:05:00.000
MATRIZ,2026-09-07,2026-09-05,CAFE DA HORA,"7190501","000-7190501",9,8,1,KZX0905,KZX0905D1,75,COMPLETO,,D1,"02",,,,,Wallace Christian Gomes Esteves   ,"2026-09-08 02:14:25","2026-09-08 02:14:36",Maxmiler Fernandes Silva,"2026-09-08 01:52:23",2026-09-07 19:48:00.000,2026-09-08 03:05:00.000
MATRIZ,2026-09-07,2026-09-05,CAFE DA HORA,"7190501","000-7190501",9,8,1,KZX0905,KZX0905D2,161,MISTO,"10",D2,"02",Gianmiller Moraes,"2026-09-07 23:19:07","2026-09-08 00:26:35",67.47,Wallace Christian Gomes Esteves   ,"2026-09-08 02:14:45","2026-09-08 02:14:51",Maxmiler Fernandes Silva,"2026-09-08 01:53:35",2026-09-07 19:48:00.000,2026-09-08 03:05:00.000
MATRIZ,2026-09-07,2026-09-05,CAFE DA HORA,"7190501","000-7190501",9,8,1,KZX0905,KZX0905D3,58,MISTO,"9",D3,"02",Marcos Vinicio Alves Pessoa,"2026-09-07 23:40:14","2026-09-07 23:57:56",17.70,Wallace Christian Gomes Esteves   ,"2026-09-08 02:14:58","2026-09-08 02:16:08",Maxmiler Fernandes Silva,"2026-09-08 01:57:44",2026-09-07 19:48:00.000,2026-09-08 03:05:00.000
MATRIZ,2026-09-07,2026-09-05,CAFE DA HORA,"7190501","000-7190501",9,8,1,KZX0905,KZX0905E4,153,MISTO,"15",E4,"02",Natan Silva Medeiros Júnior,"2026-09-07 23:23:48","2026-09-08 00:00:14",36.43,Wallace Christian Gomes Esteves   ,"2026-09-08 02:13:16","2026-09-08 02:13:23",Maxmiler Fernandes Silva,"2026-09-08 01:55:37",2026-09-07 19:48:00.000,2026-09-08 03:05:00.000
MATRIZ,2026-09-07,2026-09-05,CAFE DA HORA,"7190501","000-7190501",9,8,1,KZX0905,KZX0905D4,102,MISTO,"14",D4,"02",Pedro Lucas Procópio dos Santos,"2026-09-07 23:38:12","2026-09-07 23:56:31",18.32,Wallace Christian Gomes Esteves   ,"2026-09-08 02:16:14","2026-09-08 02:16:24",Maxmiler Fernandes Silva,"2026-09-08 01:59:40",2026-09-07 19:48:00.000,2026-09-08 03:05:00.000
MATRIZ,2026-09-07,2026-09-05,CAFE DA HORA,"7190501","000-7190501",9,8,1,KZX0905,KZX0905E3,39,MISTO,"16",E3,"02",Marcos Vinicio Alves Pessoa,"2026-09-08 00:02:02","2026-09-08 00:12:55",10.88,Wallace Christian Gomes Esteves   ,"2026-09-08 02:13:29","2026-09-08 02:13:33",Maxmiler Fernandes Silva,"2026-09-08 01:56:56",2026-09-07 19:48:00.000,2026-09-08 03:05:00.000
MATRIZ,2026-09-07,2026-09-05,CAFE DA HORA,"7190501","000-7190501",9,8,1,KZX0905,KZX0905E2,33,MISTO,"52",E2,"02",Marcos Vinicio Alves Pessoa,"2026-09-08 00:31:38","2026-09-08 00:49:41",18.05,Wallace Christian Gomes Esteves   ,"2026-09-08 02:13:43","2026-09-08 02:13:48",Maxmiler Fernandes Silva,"2026-09-08 02:01:17",2026-09-07 19:48:00.000,2026-09-08 03:05:00.000
MATRIZ,2026-09-07,2026-09-05,SUPERMERCADO FRIZERA,"7290501","000-7290501",13,12,1,OWV5H27,OWV5H27D2,75,MISTO,"13",D2,"05",Gianmiller Moraes,"2026-09-07 20:56:18","2026-09-07 21:26:37",30.32,Wallace Christian Gomes Esteves   ,"2026-09-07 21:30:15","2026-09-07 21:31:52",Maxmiler Fernandes Silva,"2026-09-07 21:57:15",2026-09-07 19:48:00.000,2026-09-08 03:05:00.000
MATRIZ,2026-09-07,2026-09-05,SUPERMERCADO FRIZERA,"7290501","000-7290501",13,12,1,OWV5H27,OWV5H27E4,169,MISTO,"10",E4,"05",Gianmiller Moraes,"2026-09-07 20:18:34","2026-09-07 20:53:49",35.25,Wallace Christian Gomes Esteves   ,"2026-09-07 22:28:41","2026-09-07 22:28:46",Maxmiler Fernandes Silva,"2026-09-07 22:01:53",2026-09-07 19:48:00.000,2026-09-08 03:05:00.000
MATRIZ,2026-09-07,2026-09-05,SUPERMERCADO FRIZERA,"7290501","000-7290501",13,12,1,OWV5H27,OWV5H27D6,130,MISTO,"12",D6,"05",Marcos Vinicio Alves Pessoa,"2026-09-07 20:52:01","2026-09-07 21:22:00",29.98,Wallace Christian Gomes Esteves   ,"2026-09-07 22:29:14","2026-09-07 22:29:21",Maxmiler Fernandes Silva,"2026-09-07 21:59:37",2026-09-07 19:48:00.000,2026-09-08 03:05:00.000
MATRIZ,2026-09-07,2026-09-05,SUPERMERCADO FRIZERA,"7290501","000-7290501",13,12,1,OWV5H27,OWV5H27D5,32,MISTO,"16",D5,"05",Marcos Vinicio Alves Pessoa,"2026-09-07 21:22:35","2026-09-07 21:33:11",10.60,Wallace Christian Gomes Esteves   ,"2026-09-07 22:29:26","2026-09-07 22:31:11",Maxmiler Fernandes Silva,"2026-09-07 21:55:03",2026-09-07 19:48:00.000,2026-09-08 03:05:00.000
MATRIZ,2026-09-07,2026-09-05,SUPERMERCADO FRIZERA,"7290501","000-7290501",13,12,1,OWV5H27,OWV5H27E2,352,MISTO,"8",E2,"05",Marcos Vinicio Alves Pessoa,"2026-09-07 20:17:28","2026-09-07 20:50:52",33.40,Wallace Christian Gomes Esteves   ,"2026-09-07 22:27:53","2026-09-07 22:27:59",Maxmiler Fernandes Silva,"2026-09-07 22:05:58",2026-09-07 19:48:00.000,2026-09-08 03:05:00.000
MATRIZ,2026-09-07,2026-09-05,SUPERMERCADO FRIZERA,"7290501","000-7290501",13,12,1,OWV5H27,OWV5H27E1,194,MISTO,"6",E1,"05",Pedro Lucas Procópio dos Santos,"2026-09-07 20:17:24","2026-09-07 20:55:11",37.78,Wallace Christian Gomes Esteves   ,"2026-09-07 22:28:04","2026-09-07 22:28:12",Maxmiler Fernandes Silva,"2026-09-07 22:05:52",2026-09-07 19:48:00.000,2026-09-08 03:05:00.000
MATRIZ,2026-09-07,2026-09-05,SUPERMERCADO FRIZERA,"7290501","000-7290501",13,12,1,OWV5H27,OWV5H27E5,58,MISTO,"14",E5,"05",Pedro Lucas Procópio dos Santos,"2026-09-07 20:59:34","2026-09-07 21:26:32",26.97,Wallace Christian Gomes Esteves   ,"2026-09-07 22:28:50","2026-09-07 22:28:53",Maxmiler Fernandes Silva,"2026-09-07 21:58:10",2026-09-07 19:48:00.000,2026-09-08 03:05:00.000
MATRIZ,2026-09-07,2026-09-05,SUPERMERCADO FRIZERA,"7290501","000-7290501",13,12,1,OWV5H27,OWV5H27E3,40,MISTO,"15",E3,"05",Natan Silva Medeiros Júnior,"2026-09-07 21:00:27","2026-09-07 21:20:28",20.02,Wallace Christian Gomes Esteves   ,"2026-09-07 22:28:18","2026-09-07 22:28:29",Maxmiler Fernandes Silva,"2026-09-07 22:00:51",2026-09-07 19:48:00.000,2026-09-08 03:05:00.000
MATRIZ,2026-09-07,2026-09-05,SUPERMERCADO FRIZERA,"7290501","000-7290501",13,12,1,OWV5H27,OWV5H27D1,60,COMPLETO,,D1,"05",,,,,Wallace Christian Gomes Esteves   ,"2026-09-07 22:31:36","2026-09-07 22:31:43",Maxmiler Fernandes Silva,"2026-09-07 21:52:53",2026-09-07 19:48:00.000,2026-09-08 03:05:00.000
MATRIZ,2026-09-07,2026-09-05,SUPERMERCADO FRIZERA,"7290501","000-7290501",13,12,1,OWV5H27,OWV5H27E6,12,MISTO,"17",E6,"05",Natan Silva Medeiros Júnior,"2026-09-07 21:27:54","2026-09-07 21:34:43",6.82,Wallace Christian Gomes Esteves   ,"2026-09-07 22:28:59","2026-09-07 22:29:06",Maxmiler Fernandes Silva,"2026-09-07 21:56:09",2026-09-07 19:48:00.000,2026-09-08 03:05:00.000
MATRIZ,2026-09-07,2026-09-05,SUPERMERCADO FRIZERA,"7290501","000-7290501",13,12,1,OWV5H27,OWV5H27D3,203,MISTO,"11",D3,"05",Natan Silva Medeiros Júnior,"2026-09-07 20:18:02","2026-09-07 20:55:22",37.33,Wallace Christian Gomes Esteves   ,"2026-09-07 22:28:32","2026-09-07 22:28:38",Maxmiler Fernandes Silva,"2026-09-07 22:03:07",2026-09-07 19:48:00.000,2026-09-08 03:05:00.000
MATRIZ,2026-09-07,2026-09-05,SUPERMERCADO FRIZERA,"7290501","000-7290501",13,12,1,OWV5H27,OWV5H27D4,8,MISTO,"18",D4,"05",Pedro Lucas Procópio dos Santos,"2026-09-07 21:29:36","2026-09-07 21:35:21",5.75,Wallace Christian Gomes Esteves   ,"2026-09-07 22:31:15","2026-09-07 22:31:30",Maxmiler Fernandes Silva,"2026-09-07 21:54:05",2026-09-07 19:48:00.000,2026-09-08 03:05:00.000
MATRIZ,2026-09-07,2026-09-05,JOSE DOMINGOS DA SILVA,"7150501","000-7150501",7,7,0,MQU8E71,MQU8E71E3,101,MISTO,"49",E3,"05",Gianmiller Moraes,"2026-09-08 00:50:17","2026-09-08 01:37:26",47.15,Wallace Christian Gomes Esteves   ,"2026-09-08 02:58:18","2026-09-08 02:58:21",Maxmiler Fernandes Silva,"2026-09-08 02:40:50",2026-09-07 19:48:00.000,2026-09-08 03:05:00.000
MATRIZ,2026-09-07,2026-09-05,JOSE DOMINGOS DA SILVA,"7150501","000-7150501",7,7,0,MQU8E71,MQU8E71D1,40,MISTO,"20",D1,"05",Pedro Lucas Procópio dos Santos,"2026-09-08 01:30:26","2026-09-08 02:01:38",31.20,Wallace Christian Gomes Esteves   ,"2026-09-08 02:58:49","2026-09-08 02:58:52",Maxmiler Fernandes Silva,"2026-09-08 02:38:51",2026-09-07 19:48:00.000,2026-09-08 03:05:00.000
MATRIZ,2026-09-07,2026-09-05,JOSE DOMINGOS DA SILVA,"7150501","000-7150501",7,7,0,MQU8E71,MQU8E71D2,85,MISTO,"11",D2,"05",Marcos Vinicio Alves Pessoa,"2026-09-08 00:51:18","2026-09-08 01:28:25",37.12,Wallace Christian Gomes Esteves   ,"2026-09-08 02:58:55","2026-09-08 02:58:58",Maxmiler Fernandes Silva,"2026-09-08 02:06:14",2026-09-07 19:48:00.000,2026-09-08 03:05:00.000
MATRIZ,2026-09-07,2026-09-05,JOSE DOMINGOS DA SILVA,"7150501","000-7150501",7,7,0,MQU8E71,MQU8E71E2,40,MISTO,"6",E2,"05",Natan Silva Medeiros Júnior,"2026-09-08 01:24:16","2026-09-08 01:50:57",26.68,Wallace Christian Gomes Esteves   ,"2026-09-08 02:58:28","2026-09-08 02:58:33",Maxmiler Fernandes Silva,"2026-09-08 02:09:57",2026-09-07 19:48:00.000,2026-09-08 03:05:00.000
MATRIZ,2026-09-07,2026-09-05,JOSE DOMINGOS DA SILVA,"7150501","000-7150501",7,7,0,MQU8E71,MQU8E71E1,53,MISTO,"4",E1,"05",Pedro Lucas Procópio dos Santos,"2026-09-08 01:01:41","2026-09-08 01:23:02",21.35,Wallace Christian Gomes Esteves   ,"2026-09-08 02:58:35","2026-09-08 02:58:38",Maxmiler Fernandes Silva,"2026-09-08 02:03:40",2026-09-07 19:48:00.000,2026-09-08 03:05:00.000
MATRIZ,2026-09-07,2026-09-05,JOSE DOMINGOS DA SILVA,"7150501","000-7150501",7,7,0,MQU8E71,MQU8E71D3,40,MISTO,"45",D3,"05",Natan Silva Medeiros Júnior,"2026-09-08 01:13:01","2026-09-08 01:19:37",6.60,Wallace Christian Gomes Esteves   ,"2026-09-08 02:59:03","2026-09-08 02:59:05",Maxmiler Fernandes Silva,"2026-09-08 02:07:46",2026-09-07 19:48:00.000,2026-09-08 03:05:00.000
MATRIZ,2026-09-08,2026-09-08,BAR DO GECIMAR,"7140801","000-7140801",7,7,0,HAI2518,HAI2518E1,57,MISTO,"29",E1,"2",Marcos Vinicio Alves Pessoa,"2026-09-08 22:18:35","2026-09-08 22:40:14",21.65,Wallace Christian Gomes Esteves   ,"2026-09-09 02:02:25","2026-09-09 02:02:29",Maxmiler Fernandes Silva,"2026-09-09 02:02:06",2026-09-08 20:29:00.000,2026-09-09 04:00:00.000
MATRIZ,2026-09-08,2026-09-08,BAR DO GECIMAR,"7140801","000-7140801",7,7,0,HAI2518,HAI2518D3,74,MISTO,"28",D3,"2",Felipe Rogerio Estevam Da Silva ,"2026-09-08 22:16:26","2026-09-08 22:33:18",16.87,Wallace Christian Gomes Esteves   ,"2026-09-09 03:06:37","2026-09-09 03:06:41",Maxmiler Fernandes Silva,"2026-09-09 02:06:22",2026-09-08 20:29:00.000,2026-09-09 04:00:00.000
MATRIZ,2026-09-08,2026-09-08,BAR DO GECIMAR,"7140801","000-7140801",7,7,0,HAI2518,HAI2518D2,123,MISTO,"27",D2,"2",Natan Silva Medeiros Júnior,"2026-09-08 22:12:44","2026-09-08 22:44:18",31.57,Wallace Christian Gomes Esteves   ,"2026-09-09 02:38:07","2026-09-09 02:38:11",Maxmiler Fernandes Silva,"2026-09-09 02:05:24",2026-09-08 20:29:00.000,2026-09-09 04:00:00.000
MATRIZ,2026-09-08,2026-09-08,BAR DO GECIMAR,"7140801","000-7140801",7,7,0,HAI2518,HAI2518E2,248,MISTO,"26",E2,"2",Leonardo Caetano Rodrigues,"2026-09-08 22:12:52","2026-09-08 23:06:31",53.65,Wallace Christian Gomes Esteves   ,"2026-09-09 02:37:27","2026-09-09 02:37:31",Maxmiler Fernandes Silva,"2026-09-09 02:07:32",2026-09-08 20:29:00.000,2026-09-09 04:00:00.000
MATRIZ,2026-09-08,2026-09-08,BAR DO GECIMAR,"7140801","000-7140801",7,7,0,HAI2518,HAI2518D1,40,MISTO,"30",D1,"2",Denilton Batista Dos Santos,"2026-09-08 22:19:01","2026-09-08 22:32:28",13.45,Wallace Christian Gomes Esteves   ,"2026-09-09 02:37:55","2026-09-09 02:37:59",Maxmiler Fernandes Silva,"2026-09-09 02:04:31",2026-09-08 20:29:00.000,2026-09-09 04:00:00.000
MATRIZ,2026-09-08,2026-09-08,BAR DO GECIMAR,"7140801","000-7140801",7,7,0,HAI2518,HAI2518E3,39,MISTO,"31",E3,"2",Denilton Batista Dos Santos,"2026-09-08 22:33:56","2026-09-08 23:08:11",34.25,Wallace Christian Gomes Esteves   ,"2026-09-09 02:01:47","2026-09-09 02:02:20",Maxmiler Fernandes Silva,"2026-09-09 01:34:35",2026-09-08 20:29:00.000,2026-09-09 04:00:00.000
MATRIZ,2026-09-08,2026-09-08,BUTECO DO DANI LTDA,"7130801","000-7130801",7,7,0,JXS4C69,JXS4C69D1,295,MISTO,"27",D1,"1",Leonardo Caetano Rodrigues,"2026-09-09 02:22:00","2026-09-09 03:15:30",53.50,Alexsander Campos Silva,"2026-09-09 23:26:08","2026-09-09 23:26:11",Maxmiler Fernandes Silva,"2026-09-09 03:58:36",2026-09-08 20:29:00.000,2026-09-09 04:00:00.000
MATRIZ,2026-09-08,2026-09-08,BUTECO DO DANI LTDA,"7130801","000-7130801",7,7,0,JXS4C69,JXS4C69D2,234,MISTO,"13",D2,"1",Leonardo Caetano Rodrigues,"2026-09-09 01:38:28","2026-09-09 02:18:03",39.58,Alexsander Campos Silva,"2026-09-09 03:45:49","2026-09-09 02:47:11",Maxmiler Fernandes Silva,"2026-09-09 03:07:47",2026-09-08 20:29:00.000,2026-09-09 04:00:00.000
MATRIZ,2026-09-08,2026-09-08,BUTECO DO DANI LTDA,"7130801","000-7130801",7,7,0,JXS4C69,JXS4C69E2,51,MISTO,"17",E2,"1",Pedro Lucas Procópio dos Santos,"2026-09-09 01:52:59","2026-09-09 02:08:30",15.52,Wallace Christian Gomes Esteves   ,"2026-09-09 02:16:01","2026-09-09 02:19:45",Maxmiler Fernandes Silva,"2026-09-09 03:10:09",2026-09-08 20:29:00.000,2026-09-09 04:00:00.000
MATRIZ,2026-09-08,2026-09-08,BUTECO DO DANI LTDA,"7130801","000-7130801",7,7,0,JXS4C69,JXS4C69E3,202,MISTO,"18",E3,"1",Denilton Batista Dos Santos,"2026-09-09 01:39:48","2026-09-09 02:59:45",79.95,Wallace Christian Gomes Esteves   ,"2026-09-09 03:51:59","2026-09-09 03:52:58",Maxmiler Fernandes Silva,"2026-09-09 03:57:13",2026-09-08 20:29:00.000,2026-09-09 04:00:00.000
MATRIZ,2026-09-08,2026-09-08,BUTECO DO DANI LTDA,"7130801","000-7130801",7,7,0,JXS4C69,JXS4C69D3,384,MISTO,"14",D3,"1",Marcos Vinicio Alves Pessoa,"2026-09-09 01:27:20","2026-09-09 02:39:26",72.10,Alexsander Campos Silva,"2026-09-09 23:25:59","2026-09-09 23:26:03",Maxmiler Fernandes Silva,"2026-09-09 03:06:22",2026-09-08 20:29:00.000,2026-09-09 04:00:00.000
MATRIZ,2026-09-08,2026-09-08,BUTECO DO DANI LTDA,"7130801","000-7130801",7,7,0,JXS4C69,JXS4C69E1,72,MISTO,"35",E1,"1",Leonardo Caetano Rodrigues,"2026-09-09 02:22:09","2026-09-09 02:42:53",20.73,Alexsander Campos Silva,"2026-09-09 03:49:05","2026-09-09 02:49:06",Maxmiler Fernandes Silva,"2026-09-09 03:04:11",2026-09-08 20:29:00.000,2026-09-09 04:00:00.000
MATRIZ,2026-09-08,2026-09-08,SUPERMERCADO VALENTE,"7410801","000-7410801",6,6,0,OWQ4406,OWQ4406D1,60,MISTO,"12",D1,"3",Gianmiller Moraes,"2026-09-08 21:09:09","2026-09-08 21:17:07",7.97,Wallace Christian Gomes Esteves   ,"2026-09-09 00:06:51","2026-09-09 00:06:55",Maxmiler Fernandes Silva,"2026-09-08 23:09:48",2026-09-08 20:29:00.000,2026-09-09 04:00:00.000
MATRIZ,2026-09-08,2026-09-08,SUPERMERCADO VALENTE,"7410801","000-7410801",6,6,0,OWQ4406,OWQ4406E1,229,MISTO,"11",E1,"3",Leonardo Caetano Rodrigues,"2026-09-08 21:08:09","2026-09-08 21:39:48",31.65,Wallace Christian Gomes Esteves   ,"2026-09-09 00:07:31","2026-09-09 00:07:36",Maxmiler Fernandes Silva,"2026-09-08 23:03:41",2026-09-08 20:29:00.000,2026-09-09 04:00:00.000
MATRIZ,2026-09-08,2026-09-08,SUPERMERCADO VALENTE,"7410801","000-7410801",6,6,0,OWQ4406,OWQ4406D2,58,MISTO,"13",D2,"3",Natan Silva Medeiros Júnior,"2026-09-08 21:15:33","2026-09-08 21:25:10",9.62,Wallace Christian Gomes Esteves   ,"2026-09-09 00:07:06","2026-09-09 00:07:10",Maxmiler Fernandes Silva,"2026-09-08 23:07:28",2026-09-08 20:29:00.000,2026-09-09 04:00:00.000
MATRIZ,2026-09-08,2026-09-08,SUPERMERCADO VALENTE,"7410801","000-7410801",6,6,0,OWQ4406,OWQ4406D3,50,MISTO,"14",D3,"3",Denilton Batista Dos Santos,"2026-09-08 21:22:01","2026-09-08 21:35:54",13.88,Wallace Christian Gomes Esteves   ,"2026-09-09 00:07:13","2026-09-09 00:07:17",Maxmiler Fernandes Silva,"2026-09-08 23:05:25",2026-09-08 20:29:00.000,2026-09-09 04:00:00.000
MATRIZ,2026-09-08,2026-09-08,SUPERMERCADO VALENTE,"7410801","000-7410801",6,6,0,OWQ4406,OWQ4406E2,41,MISTO,"16",E2,"3",Denilton Batista Dos Santos,"2026-09-08 21:41:02","2026-09-08 21:53:19",12.28,Wallace Christian Gomes Esteves   ,"2026-09-09 00:07:44","2026-09-09 00:07:49",Maxmiler Fernandes Silva,"2026-09-08 23:09:54",2026-09-08 20:29:00.000,2026-09-09 04:00:00.000
MATRIZ,2026-09-08,2026-09-08,SUPERMERCADO VALENTE,"7410801","000-7410801",6,6,0,OWQ4406,OWQ4406E3,41,MISTO,"15",E3,"3",Gianmiller Moraes,"2026-09-08 21:24:59","2026-09-08 21:49:50",24.85,Wallace Christian Gomes Esteves   ,"2026-09-09 00:07:55","2026-09-09 00:08:00",Maxmiler Fernandes Silva,"2026-09-08 23:06:25",2026-09-08 20:29:00.000,2026-09-09 04:00:00.000
MATRIZ,2026-09-08,2026-09-08,BANETTON ATELIE DOS PAES,"7370801","000-7370801",7,7,0,KKJ5170,KKJ5170E2,43,MISTO,"44",E2,"3",Pedro Lucas Procópio dos Santos,"2026-09-08 23:58:33","2026-09-09 00:05:51",7.30,Wallace Christian Gomes Esteves   ,"2026-09-09 03:22:55","2026-09-09 03:22:59",Maxmiler Fernandes Silva,"2026-09-09 02:32:36",2026-09-08 20:29:00.000,2026-09-09 04:00:00.000
MATRIZ,2026-09-08,2026-09-08,BANETTON ATELIE DOS PAES,"7370801","000-7370801",7,7,0,KKJ5170,KKJ5170E3,232,MISTO,"40",E3,"3",Marcos Vinicio Alves Pessoa,"2026-09-08 23:51:19","2026-09-09 01:22:22",91.05,Alexsander Campos Silva,"2026-09-09 02:35:26","2026-09-09 01:36:11",Maxmiler Fernandes Silva,"2026-09-09 02:30:20",2026-09-08 20:29:00.000,2026-09-09 04:00:00.000
MATRIZ,2026-09-08,2026-09-08,BANETTON ATELIE DOS PAES,"7370801","000-7370801",7,7,0,KKJ5170,KKJ5170D1,236,MISTO,"38",D1,"3",Gianmiller Moraes,"2026-09-08 23:49:59","2026-09-09 00:39:04",49.08,Wallace Christian Gomes Esteves   ,"2026-09-09 03:22:03","2026-09-09 03:22:10",Maxmiler Fernandes Silva,"2026-09-09 02:28:37",2026-09-08 20:29:00.000,2026-09-09 04:00:00.000
MATRIZ,2026-09-08,2026-09-08,BANETTON ATELIE DOS PAES,"7370801","000-7370801",7,7,0,KKJ5170,KKJ5170D3,237,MISTO,"37",D3,"3",Leonardo Caetano Rodrigues,"2026-09-08 23:36:10","2026-09-09 00:04:23",28.22,Wallace Christian Gomes Esteves   ,"2026-09-09 03:22:15","2026-09-09 03:22:20",Maxmiler Fernandes Silva,"2026-09-09 02:33:48",2026-09-08 20:29:00.000,2026-09-09 04:00:00.000
MATRIZ,2026-09-08,2026-09-08,BANETTON ATELIE DOS PAES,"7370801","000-7370801",7,7,0,KKJ5170,KKJ5170D2,83,MISTO,"16",D2,"3",Felipe Rogerio Estevam Da Silva ,"2026-09-09 01:16:07","2026-09-09 01:37:52",21.75,Wallace Christian Gomes Esteves   ,"2026-09-09 03:22:29","2026-09-09 03:22:32",Maxmiler Fernandes Silva,"2026-09-09 02:51:47",2026-09-08 20:29:00.000,2026-09-09 04:00:00.000
MATRIZ,2026-09-08,2026-09-08,BANETTON ATELIE DOS PAES,"7370801","000-7370801",7,7,0,KKJ5170,KKJ5170E1,65,MISTO,"22",E1,"3",Leonardo Caetano Rodrigues,"2026-09-09 00:38:53","2026-09-09 00:56:06",17.22,Wallace Christian Gomes Esteves   ,"2026-09-09 03:22:43","2026-09-09 03:22:46",Maxmiler Fernandes Silva,"2026-09-09 02:40:13",2026-09-08 20:29:00.000,2026-09-09 04:00:00.000
MATRIZ,2026-09-08,2026-09-08,PAULO ROBERTO DE SOUZA 61468568604,"7240801","000-7240801",11,10,1,TCB7I34,TCB7I34D2,216,MISTO,"17",D2,"4",Natan Silva Medeiros Júnior,"2026-09-08 21:40:15","2026-09-08 22:07:25",27.17,Wallace Christian Gomes Esteves   ,"2026-09-09 00:00:25","2026-09-09 00:00:28",Maxmiler Fernandes Silva,"2026-09-08 23:20:26",2026-09-08 20:29:00.000,2026-09-09 04:00:00.000
MATRIZ,2026-09-08,2026-09-08,PAULO ROBERTO DE SOUZA 61468568604,"7240801","000-7240801",11,10,1,TCB7I34,TCB7I34D4,78,MISTO,"21",D4,"4",Marcos Vinicio Alves Pessoa,"2026-09-08 21:51:15","2026-09-08 22:05:07",13.87,Wallace Christian Gomes Esteves   ,"2026-09-09 00:00:52","2026-09-09 00:00:57",Maxmiler Fernandes Silva,"2026-09-08 23:25:37",2026-09-08 20:29:00.000,2026-09-09 04:00:00.000
MATRIZ,2026-09-08,2026-09-08,PAULO ROBERTO DE SOUZA 61468568604,"7240801","000-7240801",11,10,1,TCB7I34,TCB7I34D5,50,MISTO,"23",D5,"4",Denilton Batista Dos Santos,"2026-09-08 21:57:28","2026-09-08 22:16:20",18.87,Wallace Christian Gomes Esteves   ,"2026-09-08 23:59:36","2026-09-08 23:59:40",Maxmiler Fernandes Silva,"2026-09-08 23:24:44",2026-09-08 20:29:00.000,2026-09-09 04:00:00.000
MATRIZ,2026-09-08,2026-09-08,PAULO ROBERTO DE SOUZA 61468568604,"7240801","000-7240801",11,10,1,TCB7I34,TCB7I34E1,59,MISTO,"22",E1,"4",Pedro Lucas Procópio dos Santos,"2026-09-08 21:51:08","2026-09-08 22:26:45",35.62,Wallace Christian Gomes Esteves   ,"2026-09-08 23:59:01","2026-09-08 23:59:09",Maxmiler Fernandes Silva,"2026-09-08 23:27:55",2026-09-08 20:29:00.000,2026-09-09 04:00:00.000
MATRIZ,2026-09-08,2026-09-08,PAULO ROBERTO DE SOUZA 61468568604,"7240801","000-7240801",11,10,1,TCB7I34,TCB7I34E2,99,MISTO,"19",E2,"4",Leonardo Caetano Rodrigues,"2026-09-08 21:44:52","2026-09-08 22:03:37",18.75,Wallace Christian Gomes Esteves   ,"2026-09-08 23:59:24","2026-09-08 23:59:30",Maxmiler Fernandes Silva,"2026-09-08 23:21:37",2026-09-08 20:29:00.000,2026-09-09 04:00:00.000
MATRIZ,2026-09-08,2026-09-08,PAULO ROBERTO DE SOUZA 61468568604,"7240801","000-7240801",11,10,1,TCB7I34,TCB7I34E3,118,MISTO,"18",E3,"4",Felipe Rogerio Estevam Da Silva ,"2026-09-08 21:43:57","2026-09-08 22:03:57",20.00,Wallace Christian Gomes Esteves   ,"2026-09-09 00:00:31","2026-09-09 00:00:35",Maxmiler Fernandes Silva,"2026-09-08 23:23:58",2026-09-08 20:29:00.000,2026-09-09 04:00:00.000
MATRIZ,2026-09-08,2026-09-08,PAULO ROBERTO DE SOUZA 61468568604,"7240801","000-7240801",11,10,1,TCB7I34,TCB7I34D1,75,COMPLETO,,D1,"4",,,,,Wallace Christian Gomes Esteves   ,"2026-09-08 23:59:54","2026-09-09 00:00:01",Maxmiler Fernandes Silva,"2026-09-08 23:16:02",2026-09-08 20:29:00.000,2026-09-09 04:00:00.000
MATRIZ,2026-09-08,2026-09-08,PAULO ROBERTO DE SOUZA 61468568604,"7240801","000-7240801",11,10,1,TCB7I34,TCB7I34E5,31,MISTO,"24",E5,"4",Felipe Rogerio Estevam Da Silva ,"2026-09-08 22:05:35","2026-09-08 22:15:42",10.12,Wallace Christian Gomes Esteves   ,"2026-09-09 00:01:03","2026-09-09 00:01:08",Maxmiler Fernandes Silva,"2026-09-08 23:28:57",2026-09-08 20:29:00.000,2026-09-09 04:00:00.000
MATRIZ,2026-09-08,2026-09-08,PAULO ROBERTO DE SOUZA 61468568604,"7240801","000-7240801",11,10,1,TCB7I34,TCB7I34E4,95,MISTO,"20",E4,"4",Gianmiller Moraes,"2026-09-08 21:53:44","2026-09-08 22:32:43",38.98,Wallace Christian Gomes Esteves   ,"2026-09-09 00:00:41","2026-09-09 00:00:49",Maxmiler Fernandes Silva,"2026-09-08 23:31:00",2026-09-08 20:29:00.000,2026-09-09 04:00:00.000
MATRIZ,2026-09-08,2026-09-08,PAULO ROBERTO DE SOUZA 61468568604,"7240801","000-7240801",11,10,1,TCB7I34,TCB7I34D3,29,MISTO,"25",D3,"4",Marcos Vinicio Alves Pessoa,"2026-09-08 22:06:41","2026-09-08 22:17:51",11.17,Wallace Christian Gomes Esteves   ,"2026-09-09 00:01:17","2026-09-09 00:01:22",Maxmiler Fernandes Silva,"2026-09-08 23:30:04",2026-09-08 20:29:00.000,2026-09-09 04:00:00.000
MATRIZ,2026-09-08,2026-09-08,FRANGOLITO GV,"7120801","000-7120801",7,7,0,DJB5C58,DJB5C58D1,254,MISTO,"41",D1,"2",Denilton Batista Dos Santos,"2026-09-09 00:45:02","2026-09-09 01:35:45",50.72,Wallace Christian Gomes Esteves   ,"2026-09-09 03:11:10","2026-09-09 03:11:15",Maxmiler Fernandes Silva,"2026-09-09 02:25:38",2026-09-08 20:29:00.000,2026-09-09 04:00:00.000
MATRIZ,2026-09-08,2026-09-08,FRANGOLITO GV,"7120801","000-7120801",7,7,0,DJB5C58,DJB5C58D2,331,MISTO,"42",D2,"2",Felipe Rogerio Estevam Da Silva ,"2026-09-08 23:55:59","2026-09-09 01:15:27",79.47,Wallace Christian Gomes Esteves   ,"2026-09-09 03:11:22","2026-09-09 03:11:26",Maxmiler Fernandes Silva,"2026-09-09 02:19:54",2026-09-08 20:29:00.000,2026-09-09 04:00:00.000
MATRIZ,2026-09-08,2026-09-08,FRANGOLITO GV,"7120801","000-7120801",7,7,0,DJB5C58,DJB5C58E2,57,MISTO,"11",E2,"2",Pedro Lucas Procópio dos Santos,"2026-09-09 01:16:54","2026-09-09 01:46:15",29.35,Wallace Christian Gomes Esteves   ,"2026-09-09 03:10:42","2026-09-09 03:10:45",Maxmiler Fernandes Silva,"2026-09-09 02:21:07",2026-09-08 20:29:00.000,2026-09-09 04:00:00.000
MATRIZ,2026-09-08,2026-09-08,FRANGOLITO GV,"7120801","000-7120801",7,7,0,DJB5C58,DJB5C58E1,221,MISTO,"19",E1,"2",Gianmiller Moraes,"2026-09-09 00:48:18","2026-09-09 01:55:44",67.43,Wallace Christian Gomes Esteves   ,"2026-09-09 03:10:51","2026-09-09 03:10:56",Maxmiler Fernandes Silva,"2026-09-09 02:24:14",2026-09-08 20:29:00.000,2026-09-09 04:00:00.000
MATRIZ,2026-09-08,2026-09-08,FRANGOLITO GV,"7120801","000-7120801",7,7,0,DJB5C58,DJB5C58E3,195,MISTO,"15",E3,"2",Natan Silva Medeiros Júnior,"2026-09-09 01:16:10","2026-09-09 02:02:27",46.28,Wallace Christian Gomes Esteves   ,"2026-09-09 03:10:30","2026-09-09 03:10:34",Maxmiler Fernandes Silva,"2026-09-09 02:23:00",2026-09-08 20:29:00.000,2026-09-09 04:00:00.000
MATRIZ,2026-09-08,2026-09-08,FRANGOLITO GV,"7120801","000-7120801",7,7,0,DJB5C58,DJB5C58D3,78,MISTO,"52",D3,"2",Leonardo Caetano Rodrigues,"2026-09-09 01:11:45","2026-09-09 01:31:59",20.23,Wallace Christian Gomes Esteves   ,"2026-09-09 03:11:35","2026-09-09 03:11:44",Maxmiler Fernandes Silva,"2026-09-09 02:49:08",2026-09-08 20:29:00.000,2026-09-09 04:00:00.000
MATRIZ,2026-09-08,2026-09-08,RESTAURANTE PITADA,"7190801","000-7190801",9,8,1,KZX0905,KZX0905D3,327,MISTO,"34",D3,"4",Felipe Rogerio Estevam Da Silva ,"2026-09-08 22:43:33","2026-09-08 23:20:54",37.35,Wallace Christian Gomes Esteves   ,"2026-09-09 01:55:38","2026-09-09 01:55:45",Maxmiler Fernandes Silva,"2026-09-09 01:42:12",2026-09-08 20:29:00.000,2026-09-09 04:00:00.000
MATRIZ,2026-09-08,2026-09-08,RESTAURANTE PITADA,"7190801","000-7190801",9,8,1,KZX0905,KZX0905D1,75,COMPLETO,,D1,"4",,,,,Wallace Christian Gomes Esteves   ,"2026-09-09 01:55:14","2026-09-09 01:55:25",Maxmiler Fernandes Silva,"2026-09-09 01:39:39",2026-09-08 20:29:00.000,2026-09-09 04:00:00.000
MATRIZ,2026-09-08,2026-09-08,RESTAURANTE PITADA,"7190801","000-7190801",9,8,1,KZX0905,KZX0905D2,261,MISTO,"33",D2,"4",Gianmiller Moraes,"2026-09-08 22:40:44","2026-09-08 23:41:52",61.13,Wallace Christian Gomes Esteves   ,"2026-09-09 01:55:30","2026-09-09 01:55:34",Maxmiler Fernandes Silva,"2026-09-09 01:40:57",2026-09-08 20:29:00.000,2026-09-09 04:00:00.000
MATRIZ,2026-09-08,2026-09-08,RESTAURANTE PITADA,"7190801","000-7190801",9,8,1,KZX0905,KZX0905E4,85,MISTO,"35",E4,"4",Marcos Vinicio Alves Pessoa,"2026-09-08 22:45:25","2026-09-08 23:02:43",17.30,Wallace Christian Gomes Esteves   ,"2026-09-09 01:56:18","2026-09-09 01:56:22",Maxmiler Fernandes Silva,"2026-09-09 01:43:28",2026-09-08 20:29:00.000,2026-09-09 04:00:00.000
MATRIZ,2026-09-08,2026-09-08,RESTAURANTE PITADA,"7190801","000-7190801",9,8,1,KZX0905,KZX0905E2,332,MISTO,"32",E2,"4",Pedro Lucas Procópio dos Santos,"2026-09-08 22:35:25","2026-09-08 23:02:45",27.33,Wallace Christian Gomes Esteves   ,"2026-09-09 01:56:43","2026-09-09 01:56:53",Maxmiler Fernandes Silva,"2026-09-09 01:45:53",2026-09-08 20:29:00.000,2026-09-09 04:00:00.000
MATRIZ,2026-09-08,2026-09-08,RESTAURANTE PITADA,"7190801","000-7190801",9,8,1,KZX0905,KZX0905D4,45,MISTO,"46",D4,"4",Marcos Vinicio Alves Pessoa,"2026-09-08 23:05:59","2026-09-08 23:20:28",14.48,Wallace Christian Gomes Esteves   ,"2026-09-09 01:55:53","2026-09-09 01:55:57",Maxmiler Fernandes Silva,"2026-09-09 01:44:49",2026-09-08 20:29:00.000,2026-09-09 04:00:00.000
MATRIZ,2026-09-08,2026-09-08,RESTAURANTE PITADA,"7190801","000-7190801",9,8,1,KZX0905,KZX0905E3,30,MISTO,"48",E3,"4",Pedro Lucas Procópio dos Santos,"2026-09-08 23:10:38","2026-09-08 23:19:07",8.48,Wallace Christian Gomes Esteves   ,"2026-09-09 01:56:35","2026-09-09 01:56:40",Maxmiler Fernandes Silva,"2026-09-09 01:44:04",2026-09-08 20:29:00.000,2026-09-09 04:00:00.000
MATRIZ,2026-09-08,2026-09-08,RESTAURANTE PITADA,"7190801","000-7190801",9,8,1,KZX0905,KZX0905E1,71,MISTO,"36",E1,"4",Natan Silva Medeiros Júnior,"2026-09-08 22:49:26","2026-09-08 23:04:46",15.33,Wallace Christian Gomes Esteves   ,"2026-09-09 01:57:05","2026-09-09 01:57:09",Maxmiler Fernandes Silva,"2026-09-09 01:45:59",2026-09-08 20:29:00.000,2026-09-09 04:00:00.000
MATRIZ,2026-09-08,2026-09-08,RESTAURANTE E SIMILA,"7380801","000-7380801",7,7,0,KKJ5250,KKJ5250E3,119,MISTO,"49",E3,"1",Natan Silva Medeiros Júnior,"2026-09-08 23:11:12","2026-09-09 01:12:37",121.42,Wallace Christian Gomes Esteves   ,"2026-09-09 04:00:36","2026-09-09 04:00:38",Maxmiler Fernandes Silva,"2026-09-09 03:29:49",2026-09-08 20:29:00.000,2026-09-09 04:00:00.000
MATRIZ,2026-09-08,2026-09-08,RESTAURANTE E SIMILA,"7380801","000-7380801",7,7,0,KKJ5250,KKJ5250E1,277,MISTO,"45",E1,"1",Leonardo Caetano Rodrigues,"2026-09-08 23:08:28","2026-09-08 23:31:51",23.38,Wallace Christian Gomes Esteves   ,"2026-09-09 03:07:43","2026-09-09 03:07:48",Maxmiler Fernandes Silva,"2026-09-09 02:00:44",2026-09-08 20:29:00.000,2026-09-09 04:00:00.000
MATRIZ,2026-09-08,2026-09-08,RESTAURANTE E SIMILA,"7380801","000-7380801",7,7,0,KKJ5250,KKJ5250D3,58,MISTO,"50",D3,"1",Pedro Lucas Procópio dos Santos,"2026-09-08 23:20:01","2026-09-08 23:52:02",32.02,Wallace Christian Gomes Esteves   ,"2026-09-09 03:07:08","2026-09-09 03:07:13",Maxmiler Fernandes Silva,"2026-09-09 01:51:44",2026-09-08 20:29:00.000,2026-09-09 04:00:00.000
MATRIZ,2026-09-08,2026-09-08,RESTAURANTE E SIMILA,"7380801","000-7380801",7,7,0,KKJ5250,KKJ5250D1,238,MISTO,"47",D1,"1",Denilton Batista Dos Santos,"2026-09-08 23:10:01","2026-09-08 23:58:27",48.43,Wallace Christian Gomes Esteves   ,"2026-09-09 03:07:27","2026-09-09 03:07:31",Maxmiler Fernandes Silva,"2026-09-09 01:58:34",2026-09-08 20:29:00.000,2026-09-09 04:00:00.000
MATRIZ,2026-09-08,2026-09-08,RESTAURANTE E SIMILA,"7380801","000-7380801",7,7,0,KKJ5250,KKJ5250E2,328,MISTO,"39",E2,"1",Felipe Rogerio Estevam Da Silva ,"2026-09-08 23:21:31","2026-09-08 23:54:57",33.43,Wallace Christian Gomes Esteves   ,"2026-09-09 03:07:53","2026-09-09 03:07:57",Maxmiler Fernandes Silva,"2026-09-09 01:50:24",2026-09-08 20:29:00.000,2026-09-09 04:00:00.000
MATRIZ,2026-09-08,2026-09-08,RESTAURANTE E SIMILA,"7380801","000-7380801",7,7,0,KKJ5250,KKJ5250D2,47,MISTO,"51",D2,"1",Marcos Vinicio Alves Pessoa,"2026-09-08 23:21:15","2026-09-08 23:50:20",29.08,Wallace Christian Gomes Esteves   ,"2026-09-09 03:07:19","2026-09-09 03:07:23",Maxmiler Fernandes Silva,"2026-09-09 01:52:53",2026-09-08 20:29:00.000,2026-09-09 04:00:00.000
MATRIZ,2026-09-08,2026-09-08,TUTTO GELATO,"7150801","000-7150801",7,7,0,MQU8E71,MQU8E71D3,281,MISTO,"26",D3,"5",Marcos Vinicio Alves Pessoa,"2026-09-09 02:29:22","2026-09-09 03:26:13",56.85,Wallace Christian Gomes Esteves   ,"2026-09-09 03:59:05","2026-09-09 03:59:11",Maxmiler Fernandes Silva,"2026-09-09 03:56:24",2026-09-08 20:29:00.000,2026-09-09 04:00:00.000
MATRIZ,2026-09-08,2026-09-08,TUTTO GELATO,"7150801","000-7150801",7,7,0,MQU8E71,MQU8E71E2,78,MISTO,"7",E2,"5",Pedro Lucas Procópio dos Santos,"2026-09-09 02:34:07","2026-09-09 02:47:49",13.70,Wallace Christian Gomes Esteves   ,"2026-09-09 03:59:15","2026-09-09 03:59:17",Maxmiler Fernandes Silva,"2026-09-09 03:11:57",2026-09-08 20:29:00.000,2026-09-09 04:00:00.000
MATRIZ,2026-09-08,2026-09-08,TUTTO GELATO,"7150801","000-7150801",7,7,0,MQU8E71,MQU8E71E3,281,MISTO,"12",E3,"5",Felipe Rogerio Estevam Da Silva ,"2026-09-09 01:45:00","2026-09-09 02:54:29",69.48,Wallace Christian Gomes Esteves   ,"2026-09-09 03:58:48","2026-09-09 03:59:01",Maxmiler Fernandes Silva,"2026-09-09 03:27:56",2026-09-08 20:29:00.000,2026-09-09 04:00:00.000
MATRIZ,2026-09-08,2026-09-08,TUTTO GELATO,"7150801","000-7150801",7,7,0,MQU8E71,MQU8E71D2,44,MISTO,"48",D2,"5",Pedro Lucas Procópio dos Santos,"2026-09-09 02:12:10","2026-09-09 02:23:30",11.33,Wallace Christian Gomes Esteves   ,"2026-09-09 03:59:30","2026-09-09 03:59:32",Maxmiler Fernandes Silva,"2026-09-09 03:37:17",2026-09-08 20:29:00.000,2026-09-09 04:00:00.000
MATRIZ,2026-09-08,2026-09-08,TUTTO GELATO,"7150801","000-7150801",7,7,0,MQU8E71,MQU8E71D1,39,MISTO,"43",D1,"5",Pedro Lucas Procópio dos Santos,"2026-09-09 01:01:35","2026-09-09 01:12:12",10.62,Wallace Christian Gomes Esteves   ,"2026-09-09 03:59:38","2026-09-09 03:59:40",Maxmiler Fernandes Silva,"2026-09-09 02:47:18",2026-09-08 20:29:00.000,2026-09-09 04:00:00.000
MATRIZ,2026-09-08,2026-09-08,TUTTO GELATO,"7150801","000-7150801",7,7,0,MQU8E71,MQU8E71E1,203,MISTO,"36",E1,"5",Gianmiller Moraes,"2026-09-09 02:32:52","2026-09-09 03:03:11",30.32,Alexsander Campos Silva,"2026-09-09 03:52:15","2026-09-09 03:09:35",Maxmiler Fernandes Silva,"2026-09-09 03:26:52",2026-09-08 20:29:00.000,2026-09-09 04:00:00.000
MATRIZ,2026-09-28,2026-09-28,MERC. MARATAIZES,"7142801","000-7142801",7,7,0,HAI2518,HAI2518E3,42,MISTO,"101",E3,"8",Pedro Lucas Procópio dos Santos,"2026-09-28 23:43:16","2026-09-29 00:09:08",25.87,Wallace Christian Gomes Esteves   ,"2026-09-29 03:53:49","2026-09-29 03:53:51",Maxmiler Fernandes Silva,"2026-09-29 03:30:50",2026-09-28 18:45:00.000,2026-09-29 04:27:00.000
MATRIZ,2026-09-28,2026-09-28,MERC. MARATAIZES,"7142801","000-7142801",7,7,0,HAI2518,HAI2518E1,175,MISTO,"4",E1,"8",Freelancer 04,"2026-09-28 23:35:16","2026-09-29 00:39:41",64.42,Wallace Christian Gomes Esteves   ,"2026-09-29 03:54:20","2026-09-29 03:54:21",Maxmiler Fernandes Silva,"2026-09-29 02:59:01",2026-09-28 18:45:00.000,2026-09-29 04:27:00.000
MATRIZ,2026-09-28,2026-09-28,MERC. MARATAIZES,"7142801","000-7142801",7,7,0,HAI2518,HAI2518E2,88,MISTO,"27",E2,"8",Freelancer 01,"2026-09-28 23:39:02","2026-09-29 00:02:22",23.33,Wallace Christian Gomes Esteves   ,"2026-09-29 03:53:27","2026-09-29 03:53:34",Maxmiler Fernandes Silva,"2026-09-29 03:26:28",2026-09-28 18:45:00.000,2026-09-29 04:27:00.000
MATRIZ,2026-09-28,2026-09-28,MERC. MARATAIZES,"7142801","000-7142801",7,7,0,HAI2518,HAI2518D1,40,MISTO,"206",D1,"8",Pedro Lucas Procópio dos Santos,"2026-09-29 01:37:04","2026-09-29 01:42:48",5.73,Wallace Christian Gomes Esteves   ,"2026-09-29 03:54:01","2026-09-29 03:54:03",Maxmiler Fernandes Silva,"2026-09-29 03:30:53",2026-09-28 18:45:00.000,2026-09-29 04:27:00.000
MATRIZ,2026-09-28,2026-09-28,MERC. MARATAIZES,"7142801","000-7142801",7,7,0,HAI2518,HAI2518D3,177,MISTO,"38",D3,"8",Felipe Rogerio Estevam Da Silva ,"2026-09-28 23:30:51","2026-09-29 00:43:15",72.40,Wallace Christian Gomes Esteves   ,"2026-09-29 03:53:42","2026-09-29 03:53:44",Maxmiler Fernandes Silva,"2026-09-29 03:30:46",2026-09-28 18:45:00.000,2026-09-29 04:27:00.000
MATRIZ,2026-09-28,2026-09-28,MERC. MARATAIZES,"7142801","000-7142801",7,7,0,HAI2518,HAI2518D2,252,MISTO,"30",D2,"8",Adilson José Gonçalves,"2026-09-28 23:29:58","2026-09-28 23:59:52",29.90,Wallace Christian Gomes Esteves   ,"2026-09-29 03:54:15","2026-09-29 03:54:17",Maxmiler Fernandes Silva,"2026-09-29 03:28:05",2026-09-28 18:45:00.000,2026-09-29 04:27:00.000
MATRIZ,2026-09-28,2026-09-28,BA MACHADO EMP ALIM,"7152801","000-7152801",7,7,0,MQU8E71,MQU8E71E1,258,MISTO,"21",E1,"5",Leonardo Caetano Rodrigues,"2026-09-29 01:10:10","2026-09-29 02:03:53",53.72,Wallace Christian Gomes Esteves   ,"2026-09-29 04:22:49","2026-09-29 04:22:51",Maxmiler Fernandes Silva,"2026-09-29 04:11:21",2026-09-28 18:45:00.000,2026-09-29 04:27:00.000
MATRIZ,2026-09-28,2026-09-28,BA MACHADO EMP ALIM,"7152801","000-7152801",7,7,0,MQU8E71,MQU8E71D2,387,MISTO,"210",D2,"5",Pedro Lucas Procópio dos Santos,"2026-09-29 01:47:59","2026-09-29 03:09:39",81.67,Wallace Christian Gomes Esteves   ,"2026-09-29 04:22:18","2026-09-29 04:22:21",Maxmiler Fernandes Silva,"2026-09-29 04:19:40",2026-09-28 18:45:00.000,2026-09-29 04:27:00.000
MATRIZ,2026-09-28,2026-09-28,BA MACHADO EMP ALIM,"7152801","000-7152801",7,7,0,MQU8E71,MQU8E71D1,207,MISTO,"28",D1,"5",Freelancer 01,"2026-09-29 00:07:56","2026-09-29 00:33:10",25.23,Wallace Christian Gomes Esteves   ,"2026-09-29 04:22:29","2026-09-29 04:22:33",Maxmiler Fernandes Silva,"2026-09-29 04:16:59",2026-09-28 18:45:00.000,2026-09-29 04:27:00.000
MATRIZ,2026-09-28,2026-09-28,BA MACHADO EMP ALIM,"7152801","000-7152801",7,7,0,MQU8E71,MQU8E71D3,111,MISTO,"103",D3,"5",Freelancer 03,"2026-09-29 01:12:42","2026-09-29 01:48:05",35.38,Wallace Christian Gomes Esteves   ,"2026-09-29 04:22:56","2026-09-29 04:22:58",Maxmiler Fernandes Silva,"2026-09-29 04:14:50",2026-09-28 18:45:00.000,2026-09-29 04:27:00.000
MATRIZ,2026-09-28,2026-09-28,BA MACHADO EMP ALIM,"7152801","000-7152801",7,7,0,MQU8E71,MQU8E71E3,40,MISTO,"33",E3,"5",Denilton Batista Dos Santos,"2026-09-29 00:29:00","2026-09-29 00:36:02",7.03,Wallace Christian Gomes Esteves   ,"2026-09-29 04:23:02","2026-09-29 04:23:04",Maxmiler Fernandes Silva,"2026-09-29 04:18:40",2026-09-28 18:45:00.000,2026-09-29 04:27:00.000
MATRIZ,2026-09-28,2026-09-28,BA MACHADO EMP ALIM,"7152801","000-7152801",7,7,0,MQU8E71,MQU8E71E2,25,MISTO,"32",E2,"5",Freelancer 01,"2026-09-29 00:35:17","2026-09-29 00:40:23",5.10,Wallace Christian Gomes Esteves   ,"2026-09-29 03:58:48","2026-09-29 03:58:55",Maxmiler Fernandes Silva,"2026-09-29 03:14:12",2026-09-28 18:45:00.000,2026-09-29 04:27:00.000
MATRIZ,2026-09-28,2026-09-28,POUSADA ALTO DA CAT,"7162801","000-7162801",7,7,0,MQL5679,MQL5679D2,205,MISTO,"48",D2,"5",Freelancer 04,"2026-09-28 21:44:53","2026-09-28 22:03:10",18.28,Wallace Christian Gomes Esteves   ,"2026-09-29 02:26:55","2026-09-29 02:26:57",Leonardo Miguel,"2026-09-29 02:24:47",2026-09-28 18:45:00.000,2026-09-29 04:27:00.000
MATRIZ,2026-09-28,2026-09-28,POUSADA ALTO DA CAT,"7162801","000-7162801",7,7,0,MQL5679,MQL5679E3,110,MISTO,"49",E3,"5",Natan Silva Medeiros Júnior,"2026-09-28 21:51:18","2026-09-28 22:27:08",35.83,Wallace Christian Gomes Esteves   ,"2026-09-29 02:26:45","2026-09-29 02:26:47",Leonardo Miguel,"2026-09-29 02:24:41",2026-09-28 18:45:00.000,2026-09-29 04:27:00.000
MATRIZ,2026-09-28,2026-09-28,POUSADA ALTO DA CAT,"7162801","000-7162801",7,7,0,MQL5679,MQL5679D3,244,MISTO,"46",D3,"5",Felipe Rogerio Estevam Da Silva ,"2026-09-28 21:31:20","2026-09-28 22:05:59",34.65,Wallace Christian Gomes Esteves   ,"2026-09-29 02:26:36","2026-09-29 02:26:39",Leonardo Miguel,"2026-09-29 02:24:53",2026-09-28 18:45:00.000,2026-09-29 04:27:00.000
MATRIZ,2026-09-28,2026-09-28,POUSADA ALTO DA CAT,"7162801","000-7162801",7,7,0,MQL5679,MQL5679E1,57,MISTO,"50",E1,"5",Geraldo Teixeira Baia Junior,"2026-09-28 22:04:05","2026-09-28 22:32:59",28.90,Wallace Christian Gomes Esteves   ,"2026-09-29 02:27:06","2026-09-29 02:27:08",Leonardo Miguel,"2026-09-29 02:24:43",2026-09-28 18:45:00.000,2026-09-29 04:27:00.000
MATRIZ,2026-09-28,2026-09-28,POUSADA ALTO DA CAT,"7162801","000-7162801",7,7,0,MQL5679,MQL5679D1,238,MISTO,"47",D1,"5",Leonardo Caetano Rodrigues,"2026-09-28 21:31:34","2026-09-28 21:59:39",28.08,Wallace Christian Gomes Esteves   ,"2026-09-29 02:27:22","2026-09-29 02:27:25",Leonardo Miguel,"2026-09-29 02:24:50",2026-09-28 18:45:00.000,2026-09-29 04:27:00.000
MATRIZ,2026-09-28,2026-09-28,POUSADA ALTO DA CAT,"7162801","000-7162801",7,7,0,MQL5679,MQL5679E2,43,MISTO,"10",E2,"5",Adilson José Gonçalves,"2026-09-28 22:01:29","2026-09-28 22:08:51",7.37,Wallace Christian Gomes Esteves   ,"2026-09-29 02:27:36","2026-09-29 02:27:39",Leonardo Miguel,"2026-09-29 02:24:38",2026-09-28 18:45:00.000,2026-09-29 04:27:00.000
MATRIZ,2026-09-28,2026-09-28,ALEXANDRE MATTAR INDUSTRIA HOT,"7342801","000-7342801",7,7,0,TYE8D59,TYE8D59D3,47,MISTO,"14",D3,"3",Denilton Batista Dos Santos,"2026-09-28 22:26:09","2026-09-28 22:50:57",24.80,Wallace Christian Gomes Esteves   ,"2026-09-29 02:29:03","2026-09-29 02:29:05",Maxmiler Fernandes Silva,"2026-09-29 02:26:03",2026-09-28 18:45:00.000,2026-09-29 04:27:00.000
MATRIZ,2026-09-28,2026-09-28,ALEXANDRE MATTAR INDUSTRIA HOT,"7342801","000-7342801",7,7,0,TYE8D59,TYE8D59D1,207,MISTO,"17",D1,"3",Freelancer 01,"2026-09-28 22:22:23","2026-09-28 22:52:23",30.00,Wallace Christian Gomes Esteves   ,"2026-09-29 02:28:55","2026-09-29 02:28:57",Maxmiler Fernandes Silva,"2026-09-29 02:26:10",2026-09-28 18:45:00.000,2026-09-29 04:27:00.000
MATRIZ,2026-09-28,2026-09-28,ALEXANDRE MATTAR INDUSTRIA HOT,"7342801","000-7342801",7,7,0,TYE8D59,TYE8D59E3,146,MISTO,"5",E3,"3",Freelancer 04,"2026-09-28 22:25:03","2026-09-28 23:28:25",63.37,Wallace Christian Gomes Esteves   ,"2026-09-29 02:28:46","2026-09-29 02:28:49",Leonardo Miguel,"2026-09-29 02:26:00",2026-09-28 18:45:00.000,2026-09-29 04:27:00.000
MATRIZ,2026-09-28,2026-09-28,ALEXANDRE MATTAR INDUSTRIA HOT,"7342801","000-7342801",7,7,0,TYE8D59,TYE8D59E1,45,MISTO,"23",E1,"3",Leonardo Caetano Rodrigues,"2026-09-28 22:31:32","2026-09-28 22:33:19",1.78,Wallace Christian Gomes Esteves   ,"2026-09-29 02:28:21","2026-09-29 02:28:24",Leonardo Miguel,"2026-09-29 02:25:58",2026-09-28 18:45:00.000,2026-09-29 04:27:00.000
MATRIZ,2026-09-28,2026-09-28,ALEXANDRE MATTAR INDUSTRIA HOT,"7342801","000-7342801",7,7,0,TYE8D59,TYE8D59E2,163,MISTO,"106",E2,"3",Felipe Rogerio Estevam Da Silva ,"2026-09-28 22:22:49","2026-09-28 22:50:44",27.92,Wallace Christian Gomes Esteves   ,"2026-09-29 02:28:31","2026-09-29 02:28:33",Maxmiler Fernandes Silva,"2026-09-29 02:26:07",2026-09-28 18:45:00.000,2026-09-29 04:27:00.000
MATRIZ,2026-09-28,2026-09-28,ALEXANDRE MATTAR INDUSTRIA HOT,"7342801","000-7342801",7,7,0,TYE8D59,TYE8D59D2,275,MISTO,"20",D2,"3",Adilson José Gonçalves,"2026-09-28 22:20:31","2026-09-28 22:45:37",25.10,Wallace Christian Gomes Esteves   ,"2026-09-29 02:29:11","2026-09-29 02:29:14",Leonardo Miguel,"2026-09-29 02:26:12",2026-09-28 18:45:00.000,2026-09-29 04:27:00.000
MATRIZ,2026-09-28,2026-09-28,LUIZ MARCELO PEREIRA 00736514600,"7182801","000-7182801",7,7,0,RFP8G80,RFP8G80D3,43,MISTO,"201",D3,"4",Paulo Rozani Lopes Da Silva,"2026-09-29 01:10:18","2026-09-29 01:39:48",29.50,Wallace Christian Gomes Esteves   ,"2026-09-29 04:01:10","2026-09-29 04:01:11",Maxmiler Fernandes Silva,"2026-09-29 03:56:51",2026-09-28 18:45:00.000,2026-09-29 04:27:00.000
MATRIZ,2026-09-28,2026-09-28,LUIZ MARCELO PEREIRA 00736514600,"7182801","000-7182801",7,7,0,RFP8G80,RFP8G80E3,348,MISTO,"105",E3,"4",Denilton Batista Dos Santos,"2026-09-29 00:40:24","2026-09-29 01:46:24",66.00,Wallace Christian Gomes Esteves   ,"2026-09-29 04:00:45","2026-09-29 04:00:47",Maxmiler Fernandes Silva,"2026-09-29 03:58:38",2026-09-28 18:45:00.000,2026-09-29 04:27:00.000
MATRIZ,2026-09-28,2026-09-28,LUIZ MARCELO PEREIRA 00736514600,"7182801","000-7182801",7,7,0,RFP8G80,RFP8G80E2,52,MISTO,"202",E2,"4",Natan Silva Medeiros Júnior,"2026-09-29 01:09:23","2026-09-29 01:28:24",19.02,Wallace Christian Gomes Esteves   ,"2026-09-29 04:00:34","2026-09-29 04:00:36",Maxmiler Fernandes Silva,"2026-09-29 03:55:23",2026-09-28 18:45:00.000,2026-09-29 04:27:00.000
MATRIZ,2026-09-28,2026-09-28,LUIZ MARCELO PEREIRA 00736514600,"7182801","000-7182801",7,7,0,RFP8G80,RFP8G80D1,298,MISTO,"107",D1,"4",Freelancer 01,"2026-09-29 00:40:35","2026-09-29 01:08:29",27.90,Wallace Christian Gomes Esteves   ,"2026-09-29 04:01:16","2026-09-29 04:01:18",Maxmiler Fernandes Silva,"2026-09-29 04:00:42",2026-09-28 18:45:00.000,2026-09-29 04:27:00.000
MATRIZ,2026-09-28,2026-09-28,LUIZ MARCELO PEREIRA 00736514600,"7182801","000-7182801",7,7,0,RFP8G80,RFP8G80D2,209,MISTO,"200",D2,"4",Felipe Rogerio Estevam Da Silva ,"2026-09-29 01:08:38","2026-09-29 01:40:09",31.52,Wallace Christian Gomes Esteves   ,"2026-09-29 04:00:52","2026-09-29 04:00:54",Maxmiler Fernandes Silva,"2026-09-29 03:54:52",2026-09-28 18:45:00.000,2026-09-29 04:27:00.000
MATRIZ,2026-09-28,2026-09-28,LUIZ MARCELO PEREIRA 00736514600,"7182801","000-7182801",7,7,0,RFP8G80,RFP8G80E1,37,MISTO,"203",E1,"4",Freelancer 01,"2026-09-29 01:10:36","2026-09-29 01:14:32",3.93,Wallace Christian Gomes Esteves   ,"2026-09-29 04:01:39","2026-09-29 04:01:41",Maxmiler Fernandes Silva,"2026-09-29 03:12:05",2026-09-28 18:45:00.000,2026-09-29 04:27:00.000
MATRIZ,2026-09-28,2026-09-28,BAR LANCHANETE,"7322801","000-7322801",13,13,0,QXO9C83,QXO9C83D4,371,MISTO,"27",D4,"2",Adilson José Gonçalves,"2026-09-28 20:50:48","2026-09-28 21:21:51",31.05,Wallace Christian Gomes Esteves   ,"2026-09-28 22:34:02","2026-09-28 22:34:04",Maxmiler Fernandes Silva,"2026-09-28 22:19:36",2026-09-28 18:45:00.000,2026-09-29 04:27:00.000
MATRIZ,2026-09-28,2026-09-28,BAR LANCHANETE,"7322801","000-7322801",13,13,0,QXO9C83,QXO9C83D1,157,MISTO,"31",D1,"2",Freelancer 01,"2026-09-28 20:55:35","2026-09-28 21:12:02",16.45,Wallace Christian Gomes Esteves   ,"2026-09-28 22:32:38","2026-09-28 22:32:44",Maxmiler Fernandes Silva,"2026-09-28 22:26:49",2026-09-28 18:45:00.000,2026-09-29 04:27:00.000
MATRIZ,2026-09-28,2026-09-28,BAR LANCHANETE,"7322801","000-7322801",13,13,0,QXO9C83,QXO9C83E4,314,MISTO,"29",E4,"2",Leonardo Caetano Rodrigues,"2026-09-28 20:54:23","2026-09-28 21:31:03",36.67,Wallace Christian Gomes Esteves   ,"2026-09-28 22:32:50","2026-09-28 22:32:52",Maxmiler Fernandes Silva,"2026-09-28 22:15:46",2026-09-28 18:45:00.000,2026-09-29 04:27:00.000
MATRIZ,2026-09-28,2026-09-28,BAR LANCHANETE,"7322801","000-7322801",13,13,0,QXO9C83,QXO9C83D2,84,MISTO,"34",D2,"2",Freelancer 03,"2026-09-28 20:58:35","2026-09-28 21:06:31",7.93,Wallace Christian Gomes Esteves   ,"2026-09-28 22:32:07","2026-09-28 22:32:11",Maxmiler Fernandes Silva,"2026-09-28 22:29:47",2026-09-28 18:45:00.000,2026-09-29 04:27:00.000
MATRIZ,2026-09-28,2026-09-28,BAR LANCHANETE,"7322801","000-7322801",13,13,0,QXO9C83,QXO9C83D6,306,MISTO,"28",D6,"2",Freelancer 04,"2026-09-28 20:53:25","2026-09-28 21:41:33",48.13,Wallace Christian Gomes Esteves   ,"2026-09-28 22:35:03","2026-09-28 22:35:08",Maxmiler Fernandes Silva,"2026-09-28 22:13:16",2026-09-28 18:45:00.000,2026-09-29 04:27:00.000
MATRIZ,2026-09-28,2026-09-28,BAR LANCHANETE,"7322801","000-7322801",13,13,0,QXO9C83,QXO9C83E3,254,MISTO,"30",E3,"2",Felipe Rogerio Estevam Da Silva ,"2026-09-28 20:55:12","2026-09-28 21:30:08",34.93,Wallace Christian Gomes Esteves   ,"2026-09-28 22:33:07","2026-09-28 22:33:10",Maxmiler Fernandes Silva,"2026-09-28 22:15:51",2026-09-28 18:45:00.000,2026-09-29 04:27:00.000
MATRIZ,2026-09-28,2026-09-28,BAR LANCHANETE,"7322801","000-7322801",13,13,0,QXO9C83,QXO9C83E5,139,MISTO,"32",E5,"2",Geraldo Teixeira Baia Junior,"2026-09-28 20:56:11","2026-09-28 21:41:53",45.70,Wallace Christian Gomes Esteves   ,"2026-09-28 22:37:05","2026-09-28 22:37:07",Maxmiler Fernandes Silva,"2026-09-28 22:36:57",2026-09-28 18:45:00.000,2026-09-29 04:27:00.000
MATRIZ,2026-09-28,2026-09-28,BAR LANCHANETE,"7322801","000-7322801",13,13,0,QXO9C83,QXO9C83D3,81,MISTO,"37",D3,"2",Natan Silva Medeiros Júnior,"2026-09-28 21:06:15","2026-09-28 21:15:51",9.60,Wallace Christian Gomes Esteves   ,"2026-09-28 22:31:43","2026-09-28 22:31:45",Maxmiler Fernandes Silva,"2026-09-28 22:24:45",2026-09-28 18:45:00.000,2026-09-29 04:27:00.000
MATRIZ,2026-09-28,2026-09-28,BAR LANCHANETE,"7322801","000-7322801",13,13,0,QXO9C83,QXO9C83E6,82,MISTO,"33",E6,"2",Gianmiller Moraes,"2026-09-28 21:03:10","2026-09-28 21:53:38",50.47,Wallace Christian Gomes Esteves   ,"2026-09-28 22:36:46","2026-09-28 22:36:48",Maxmiler Fernandes Silva,"2026-09-28 22:31:07",2026-09-28 18:45:00.000,2026-09-29 04:27:00.000
MATRIZ,2026-09-28,2026-09-28,BAR LANCHANETE,"7322801","000-7322801",13,13,0,QXO9C83,QXO9C83E2,52,MISTO,"39",E2,"2",Denilton Batista Dos Santos,"2026-09-28 21:09:11","2026-09-28 21:22:44",13.55,Wallace Christian Gomes Esteves   ,"2026-09-28 22:31:17","2026-09-28 22:31:19",Maxmiler Fernandes Silva,"2026-09-28 22:22:04",2026-09-28 18:45:00.000,2026-09-29 04:27:00.000
MATRIZ,2026-09-28,2026-09-28,BAR LANCHANETE,"7322801","000-7322801",13,13,0,QXO9C83,QXO9C83D5,50,MISTO,"38",D5,"2",Freelancer 03,"2026-09-28 21:06:49","2026-09-28 21:13:29",6.67,Wallace Christian Gomes Esteves   ,"2026-09-28 22:33:29","2026-09-28 22:33:30",Maxmiler Fernandes Silva,"2026-09-28 22:23:13",2026-09-28 18:45:00.000,2026-09-29 04:27:00.000
MATRIZ,2026-09-28,2026-09-28,BAR LANCHANETE,"7322801","000-7322801",13,13,0,QXO9C83,QXO9C83E1,84,MISTO,"35",E1,"2",Paulo Rozani Lopes Da Silva,"2026-09-28 20:59:49","2026-09-28 21:09:48",9.98,Wallace Christian Gomes Esteves   ,"2026-09-28 22:31:53","2026-09-28 22:31:55",Maxmiler Fernandes Silva,"2026-09-28 22:26:57",2026-09-28 18:45:00.000,2026-09-29 04:27:00.000
MATRIZ,2026-09-28,2026-09-28,MERCEARIA OLIVEIRA,"7232801","000-7232801",11,10,1,TCB7H85,TCB7H85D5,10,MISTO,"2",D5,"4",Adilson José Gonçalves,"2026-09-28 22:16:31","2026-09-28 22:18:25",1.90,Wallace Christian Gomes Esteves   ,"2026-09-29 02:30:39","2026-09-29 02:30:41",Leonardo Miguel,"2026-09-29 02:25:15",2026-09-28 18:45:00.000,2026-09-29 04:27:00.000
MATRIZ,2026-09-28,2026-09-28,MERCEARIA OLIVEIRA,"7232801","000-7232801",11,10,1,TCB7H85,TCB7H85D1,75,COMPLETO,,D1,"4",,,,,Wallace Christian Gomes Esteves   ,"2026-09-29 02:30:55","2026-09-29 02:30:57",Leonardo Miguel,"2026-09-29 02:25:05",2026-09-28 18:45:00.000,2026-09-29 04:27:00.000
MATRIZ,2026-09-28,2026-09-28,MERCEARIA OLIVEIRA,"7232801","000-7232801",11,10,1,TCB7H85,TCB7H85E1,60,MISTO,"108",E1,"4",Felipe Rogerio Estevam Da Silva ,"2026-09-28 22:06:23","2026-09-28 22:14:09",7.77,Wallace Christian Gomes Esteves   ,"2026-09-29 02:30:14","2026-09-29 02:30:16",Leonardo Miguel,"2026-09-29 02:25:22",2026-09-28 18:45:00.000,2026-09-29 04:27:00.000
MATRIZ,2026-09-28,2026-09-28,MERCEARIA OLIVEIRA,"7232801","000-7232801",11,10,1,TCB7H85,TCB7H85E3,89,MISTO,"6",E3,"4",Gianmiller Moraes,"2026-09-28 22:03:06","2026-09-28 23:04:53",61.78,Wallace Christian Gomes Esteves   ,"2026-09-29 02:30:09","2026-09-29 02:30:11",Maxmiler Fernandes Silva,"2026-09-29 02:25:32",2026-09-28 18:45:00.000,2026-09-29 04:27:00.000
MATRIZ,2026-09-28,2026-09-28,MERCEARIA OLIVEIRA,"7232801","000-7232801",11,10,1,TCB7H85,TCB7H85E4,122,MISTO,"51",E4,"4",Freelancer 03,"2026-09-28 22:00:19","2026-09-28 22:29:36",29.28,Wallace Christian Gomes Esteves   ,"2026-09-29 02:29:58","2026-09-29 02:30:00",Leonardo Miguel,"2026-09-29 02:25:39",2026-09-28 18:45:00.000,2026-09-29 04:27:00.000
MATRIZ,2026-09-28,2026-09-28,MERCEARIA OLIVEIRA,"7232801","000-7232801",11,10,1,TCB7H85,TCB7H85E5,164,MISTO,"1",E5,"4",Freelancer 01,"2026-09-28 21:59:01","2026-09-28 22:17:16",18.25,Wallace Christian Gomes Esteves   ,"2026-09-29 02:29:36","2026-09-29 02:29:38",Maxmiler Fernandes Silva,"2026-09-29 02:25:48",2026-09-28 18:45:00.000,2026-09-29 04:27:00.000
MATRIZ,2026-09-28,2026-09-28,MERCEARIA OLIVEIRA,"7232801","000-7232801",11,10,1,TCB7H85,TCB7H85D2,142,MISTO,"52",D2,"4",Leonardo Caetano Rodrigues,"2026-09-28 22:02:10","2026-09-28 22:29:57",27.78,Wallace Christian Gomes Esteves   ,"2026-09-29 02:29:49","2026-09-29 02:29:50",Maxmiler Fernandes Silva,"2026-09-29 02:25:45",2026-09-28 18:45:00.000,2026-09-29 04:27:00.000
MATRIZ,2026-09-28,2026-09-28,MERCEARIA OLIVEIRA,"7232801","000-7232801",11,10,1,TCB7H85,TCB7H85D4,10,MISTO,"7",D4,"4",Freelancer 01,"2026-09-28 22:18:02","2026-09-28 22:22:07",4.08,Wallace Christian Gomes Esteves   ,"2026-09-29 02:30:49","2026-09-29 02:30:52",Leonardo Miguel,"2026-09-29 02:25:08",2026-09-28 18:45:00.000,2026-09-29 04:27:00.000
MATRIZ,2026-09-28,2026-09-28,MERCEARIA OLIVEIRA,"7232801","000-7232801",11,10,1,TCB7H85,TCB7H85E2,19,MISTO,"104",E2,"4",Felipe Rogerio Estevam Da Silva ,"2026-09-28 22:14:41","2026-09-28 22:22:29",7.80,Wallace Christian Gomes Esteves   ,"2026-09-29 02:30:21","2026-09-29 02:30:22",Leonardo Miguel,"2026-09-29 02:25:11",2026-09-28 18:45:00.000,2026-09-29 04:27:00.000
MATRIZ,2026-09-28,2026-09-28,MERCEARIA OLIVEIRA,"7232801","000-7232801",11,10,1,TCB7H85,TCB7H85D3,19,MISTO,"8",D3,"4",Adilson José Gonçalves,"2026-09-28 22:09:39","2026-09-28 22:15:32",5.88,Wallace Christian Gomes Esteves   ,"2026-09-29 02:30:26","2026-09-29 02:30:30",Leonardo Miguel,"2026-09-29 02:25:19",2026-09-28 18:45:00.000,2026-09-29 04:27:00.000
MATRIZ,2026-09-28,2026-09-28,BAR DO JUVENAL,"7132801","000-7132801",7,7,0,JXS4C69,JXS4C69E3,44,MISTO,"31",E3,"7",Denilton Batista Dos Santos,"2026-09-28 23:21:56","2026-09-28 23:45:39",23.72,Wallace Christian Gomes Esteves   ,"2026-09-29 03:47:59","2026-09-29 03:48:01",Maxmiler Fernandes Silva,"2026-09-29 03:02:12",2026-09-28 18:45:00.000,2026-09-29 04:27:00.000
MATRIZ,2026-09-28,2026-09-28,BAR DO JUVENAL,"7132801","000-7132801",7,7,0,JXS4C69,JXS4C69D3,229,MISTO,"22",D3,"7",Gianmiller Moraes,"2026-09-28 23:14:11","2026-09-29 01:31:16",137.08,Wallace Christian Gomes Esteves   ,"2026-09-29 03:48:07","2026-09-29 03:48:09",Maxmiler Fernandes Silva,"2026-09-29 03:32:50",2026-09-28 18:45:00.000,2026-09-29 04:27:00.000
MATRIZ,2026-09-28,2026-09-28,BAR DO JUVENAL,"7132801","000-7132801",7,7,0,JXS4C69,JXS4C69D1,219,MISTO,"34",D1,"7",Freelancer 01,"2026-09-28 23:17:25","2026-09-28 23:36:32",19.12,Wallace Christian Gomes Esteves   ,"2026-09-29 03:48:31","2026-09-29 03:48:33",Maxmiler Fernandes Silva,"2026-09-29 03:09:01",2026-09-28 18:45:00.000,2026-09-29 04:27:00.000
MATRIZ,2026-09-28,2026-09-28,BAR DO JUVENAL,"7132801","000-7132801",7,7,0,JXS4C69,JXS4C69D2,81,MISTO,"29",D2,"7",Leonardo Caetano Rodrigues,"2026-09-28 23:24:55","2026-09-28 23:52:13",27.30,Wallace Christian Gomes Esteves   ,"2026-09-29 03:49:14","2026-09-29 03:49:21",Maxmiler Fernandes Silva,"2026-09-29 03:02:23",2026-09-28 18:45:00.000,2026-09-29 04:27:00.000
MATRIZ,2026-09-28,2026-09-28,BAR DO JUVENAL,"7132801","000-7132801",7,7,0,JXS4C69,JXS4C69E2,319,MISTO,"35",E2,"7",Freelancer 03,"2026-09-28 23:04:59","2026-09-29 00:09:05",64.10,Wallace Christian Gomes Esteves   ,"2026-09-29 03:49:28","2026-09-29 03:49:30",Maxmiler Fernandes Silva,"2026-09-29 03:03:55",2026-09-28 18:45:00.000,2026-09-29 04:27:00.000
MATRIZ,2026-09-28,2026-09-28,BAR DO JUVENAL,"7132801","000-7132801",7,7,0,JXS4C69,JXS4C69E1,257,MISTO,"25",E1,"7",Geraldo Teixeira Baia Junior,"2026-09-28 23:16:00","2026-09-28 23:48:26",32.43,Wallace Christian Gomes Esteves   ,"2026-09-29 03:47:49","2026-09-29 03:47:52",Maxmiler Fernandes Silva,"2026-09-29 03:05:24",2026-09-28 18:45:00.000,2026-09-29 04:27:00.000
MATRIZ,2026-09-28,2026-09-28,BAR DO ALCIR,"7242801","000-7242801",10,9,1,TCB7I34,TCB7I34D2,134,MISTO,"2",D2,"5",Felipe Rogerio Estevam Da Silva ,"2026-09-28 20:13:24","2026-09-28 20:25:01",11.62,Wallace Christian Gomes Esteves   ,"2026-09-28 21:16:54","2026-09-28 21:16:56",Maxmiler Fernandes Silva,"2026-09-28 21:07:06",2026-09-28 18:45:00.000,2026-09-29 04:27:00.000
MATRIZ,2026-09-28,2026-09-28,BAR DO ALCIR,"7242801","000-7242801",10,9,1,TCB7I34,TCB7I34E1,75,MISTO,"4",E1,"5",Leonardo Caetano Rodrigues,"2026-09-28 20:13:24","2026-09-28 20:20:15",6.85,Wallace Christian Gomes Esteves   ,"2026-09-28 21:17:14","2026-09-28 21:17:16",Maxmiler Fernandes Silva,"2026-09-28 21:09:10",2026-09-28 18:45:00.000,2026-09-29 04:27:00.000
MATRIZ,2026-09-28,2026-09-28,BAR DO ALCIR,"7242801","000-7242801",10,9,1,TCB7I34,TCB7I34D4,8,MISTO,"10",D4,"5",Paulo Rozani Lopes Da Silva,"2026-09-28 20:15:34","2026-09-28 20:24:01",8.45,Wallace Christian Gomes Esteves   ,"2026-09-28 21:16:15","2026-09-28 21:16:17",Maxmiler Fernandes Silva,"2026-09-28 20:58:55",2026-09-28 18:45:00.000,2026-09-29 04:27:00.000
MATRIZ,2026-09-28,2026-09-28,BAR DO ALCIR,"7242801","000-7242801",10,9,1,TCB7I34,TCB7I34E3,8,MISTO,"9",E3,"5",Freelancer 01,"2026-09-28 20:16:23","2026-09-28 20:19:10",2.78,Wallace Christian Gomes Esteves   ,"2026-09-28 21:16:23","2026-09-28 21:16:25",Maxmiler Fernandes Silva,"2026-09-28 20:59:36",2026-09-28 18:45:00.000,2026-09-29 04:27:00.000
MATRIZ,2026-09-28,2026-09-28,BAR DO ALCIR,"7242801","000-7242801",10,9,1,TCB7I34,TCB7I34D1,75,COMPLETO,,D1,"5",,,,,Wallace Christian Gomes Esteves   ,"2026-09-28 21:17:21","2026-09-28 21:17:25",Maxmiler Fernandes Silva,"2026-09-28 20:49:18",2026-09-28 18:45:00.000,2026-09-29 04:27:00.000
MATRIZ,2026-09-28,2026-09-28,BAR DO ALCIR,"7242801","000-7242801",10,9,1,TCB7I34,TCB7I34D5,40,MISTO,"7",D5,"5",Gianmiller Moraes,"2026-09-28 20:15:37","2026-09-28 20:29:31",13.90,Wallace Christian Gomes Esteves   ,"2026-09-28 21:17:01","2026-09-28 21:17:03",Maxmiler Fernandes Silva,"2026-09-28 20:53:10",2026-09-28 18:45:00.000,2026-09-29 04:27:00.000
MATRIZ,2026-09-28,2026-09-28,BAR DO ALCIR,"7242801","000-7242801",10,9,1,TCB7I34,TCB7I34E5,57,MISTO,"1",E5,"5",Adilson José Gonçalves,"2026-09-28 20:14:45","2026-09-28 20:30:07",15.37,Wallace Christian Gomes Esteves   ,"2026-09-28 21:16:32","2026-09-28 21:16:34",Maxmiler Fernandes Silva,"2026-09-28 20:56:09",2026-09-28 18:45:00.000,2026-09-29 04:27:00.000
MATRIZ,2026-09-28,2026-09-28,BAR DO ALCIR,"7242801","000-7242801",10,9,1,TCB7I34,TCB7I34D3,60,MISTO,"6",D3,"5",Natan Silva Medeiros Júnior,"2026-09-28 20:13:54","2026-09-28 20:26:29",12.58,Wallace Christian Gomes Esteves   ,"2026-09-28 21:16:39","2026-09-28 21:16:41",Maxmiler Fernandes Silva,"2026-09-28 20:50:08",2026-09-28 18:45:00.000,2026-09-29 04:27:00.000
MATRIZ,2026-09-28,2026-09-28,BAR DO ALCIR,"7242801","000-7242801",10,9,1,TCB7I34,TCB7I34E4,8,MISTO,"8",E4,"5",Denilton Batista Dos Santos,"2026-09-28 20:14:58","2026-09-28 20:18:24",3.43,Wallace Christian Gomes Esteves   ,"2026-09-28 21:16:46","2026-09-28 21:16:48",Maxmiler Fernandes Silva,"2026-09-28 21:00:27",2026-09-28 18:45:00.000,2026-09-29 04:27:00.000
MATRIZ,2026-09-28,2026-09-28,BAR DO ALCIR,"7242801","000-7242801",10,9,1,TCB7I34,TCB7I34E2,73,MISTO,"5",E2,"5",Freelancer 03,"2026-09-28 20:13:25","2026-09-28 20:35:01",21.60,Wallace Christian Gomes Esteves   ,"2026-09-28 21:17:08","2026-09-28 21:17:10",Maxmiler Fernandes Silva,"2026-09-28 20:52:56",2026-09-28 18:45:00.000,2026-09-29 04:27:00.000
MATRIZ,2026-09-28,2026-09-28,RESTAURANTE PITADA,"7192801","000-7192801",9,8,1,KZX0905,KZX0905D4,47,MISTO,"212",D4,"3",Denilton Batista Dos Santos,"2026-09-29 01:52:05","2026-09-29 02:21:57",29.87,Wallace Christian Gomes Esteves   ,"2026-09-29 03:51:02","2026-09-29 03:51:05",Maxmiler Fernandes Silva,"2026-09-29 03:44:04",2026-09-28 18:45:00.000,2026-09-29 04:27:00.000
MATRIZ,2026-09-28,2026-09-28,RESTAURANTE PITADA,"7192801","000-7192801",9,8,1,KZX0905,KZX0905E2,178,MISTO,"207",E2,"3",Natan Silva Medeiros Júnior,"2026-09-29 01:37:28","2026-09-29 02:53:47",76.32,Wallace Christian Gomes Esteves   ,"2026-09-29 03:51:18","2026-09-29 03:51:20",Maxmiler Fernandes Silva,"2026-09-29 03:40:03",2026-09-28 18:45:00.000,2026-09-29 04:27:00.000
MATRIZ,2026-09-28,2026-09-28,RESTAURANTE PITADA,"7192801","000-7192801",9,8,1,KZX0905,KZX0905E1,59,MISTO,"209",E1,"3",Felipe Rogerio Estevam Da Silva ,"2026-09-29 01:40:51","2026-09-29 01:49:31",8.67,Wallace Christian Gomes Esteves   ,"2026-09-29 03:51:14","2026-09-29 03:51:16",Maxmiler Fernandes Silva,"2026-09-29 03:38:51",2026-09-28 18:45:00.000,2026-09-29 04:27:00.000
MATRIZ,2026-09-28,2026-09-28,RESTAURANTE PITADA,"7192801","000-7192801",9,8,1,KZX0905,KZX0905D1,75,COMPLETO,,D1,"3",,,,,Wallace Christian Gomes Esteves   ,"2026-09-29 04:02:00","2026-09-29 04:02:02",Maxmiler Fernandes Silva,"2026-09-29 03:51:50",2026-09-28 18:45:00.000,2026-09-29 04:27:00.000
MATRIZ,2026-09-28,2026-09-28,RESTAURANTE PITADA,"7192801","000-7192801",9,8,1,KZX0905,KZX0905D3,85,MISTO,"208",D3,"3",Paulo Rozani Lopes Da Silva,"2026-09-29 01:43:54","2026-09-29 02:28:51",44.95,Wallace Christian Gomes Esteves   ,"2026-09-29 03:50:37","2026-09-29 03:50:38",Maxmiler Fernandes Silva,"2026-09-29 03:41:02",2026-09-28 18:45:00.000,2026-09-29 04:27:00.000
MATRIZ,2026-09-28,2026-09-28,RESTAURANTE PITADA,"7192801","000-7192801",9,8,1,KZX0905,KZX0905E3,200,MISTO,"204",E3,"3",Freelancer 01,"2026-09-29 01:16:04","2026-09-29 01:29:45",13.68,Wallace Christian Gomes Esteves   ,"2026-09-29 03:50:31","2026-09-29 03:50:33",Maxmiler Fernandes Silva,"2026-09-29 03:45:48",2026-09-28 18:45:00.000,2026-09-29 04:27:00.000
MATRIZ,2026-09-28,2026-09-28,RESTAURANTE PITADA,"7192801","000-7192801",9,8,1,KZX0905,KZX0905D2,58,MISTO,"211",D2,"3",Felipe Rogerio Estevam Da Silva ,"2026-09-29 01:49:59","2026-09-29 01:55:05",5.10,Wallace Christian Gomes Esteves   ,"2026-09-29 03:51:09","2026-09-29 03:51:11",Maxmiler Fernandes Silva,"2026-09-29 03:39:02",2026-09-28 18:45:00.000,2026-09-29 04:27:00.000
MATRIZ,2026-09-28,2026-09-28,RESTAURANTE PITADA,"7192801","000-7192801",9,8,1,KZX0905,KZX0905E4,189,MISTO,"205",E4,"3",Gianmiller Moraes,"2026-09-29 01:36:21","2026-09-29 02:37:50",61.48,Wallace Christian Gomes Esteves   ,"2026-09-29 04:01:54","2026-09-29 04:01:56",Maxmiler Fernandes Silva,"2026-09-29 03:53:04",2026-09-28 18:45:00.000,2026-09-29 04:27:00.000
MATRIZ,2026-09-28,2026-09-28,DEP VARGAS,"7402801","000-7402801",10,8,2,PUN0E10,PUN0E10E4,97,MISTO,"219",E4,"1",Freelancer 04,"2026-09-29 03:00:32","2026-09-29 03:26:08",25.60,Wallace Christian Gomes Esteves   ,"2026-09-29 04:05:12","2026-09-29 04:05:15",Nordires Vieira Dos Santos,"2026-09-29 03:56:12",2026-09-28 18:45:00.000,2026-09-29 04:27:00.000
MATRIZ,2026-09-28,2026-09-28,DEP VARGAS,"7402801","000-7402801",10,8,2,PUN0E10,PUN0E10E2,101,MISTO,"10",E2,"1",Freelancer 03,"2026-09-29 02:44:43","2026-09-29 03:06:18",21.58,Wallace Christian Gomes Esteves   ,"2026-09-29 04:03:12","2026-09-29 04:03:14",Nordires Vieira Dos Santos,"2026-09-29 03:58:37",2026-09-28 18:45:00.000,2026-09-29 04:27:00.000
MATRIZ,2026-09-28,2026-09-28,DEP VARGAS,"7402801","000-7402801",10,8,2,PUN0E10,PUN0E10E3,270,MISTO,"50",E3,"1",Paulo Rozani Lopes Da Silva,"2026-09-29 02:43:00","2026-09-29 03:32:05",49.08,Wallace Christian Gomes Esteves   ,"2026-09-29 04:05:32","2026-09-29 04:05:34",Nordires Vieira Dos Santos,"2026-09-29 04:00:46",2026-09-28 18:45:00.000,2026-09-29 04:27:00.000
MATRIZ,2026-09-28,2026-09-28,DEP VARGAS,"7402801","000-7402801",10,8,2,PUN0E10,PUN0E10D3,274,MISTO,"46",D3,"1",Gianmiller Moraes,"2026-09-29 02:46:11","2026-09-29 03:36:08",49.95,Wallace Christian Gomes Esteves   ,"2026-09-29 04:03:28","2026-09-29 04:03:30",Nordires Vieira Dos Santos,"2026-09-29 03:54:39",2026-09-28 18:45:00.000,2026-09-29 04:27:00.000
MATRIZ,2026-09-28,2026-09-28,DEP VARGAS,"7402801","000-7402801",10,8,2,PUN0E10,PUN0E10D2,218,MISTO,"48",D2,"1",Felipe Rogerio Estevam Da Silva ,"2026-09-29 02:42:34","2026-09-29 03:15:59",33.42,Wallace Christian Gomes Esteves   ,"2026-09-29 04:04:29","2026-09-29 04:04:33",Nordires Vieira Dos Santos,"2026-09-29 04:02:05",2026-09-28 18:45:00.000,2026-09-29 04:27:00.000
MATRIZ,2026-09-28,2026-09-28,DEP VARGAS,"7402801","000-7402801",10,8,2,PUN0E10,PUN0E10E5,97,MISTO,"47",E5,"1",Adilson José Gonçalves,"2026-09-29 02:48:28","2026-09-29 03:10:44",22.27,Wallace Christian Gomes Esteves   ,"2026-09-29 04:05:51","2026-09-29 04:05:53",Nordires Vieira Dos Santos,"2026-09-29 04:04:46",2026-09-28 18:45:00.000,2026-09-29 04:27:00.000
MATRIZ,2026-09-28,2026-09-28,DEP VARGAS,"7402801","000-7402801",10,8,2,PUN0E10,PUN0E10D4,51,MISTO,"23",D4,"1",Natan Silva Medeiros Júnior,"2026-09-29 03:03:28","2026-09-29 03:15:23",11.92,Wallace Christian Gomes Esteves   ,"2026-09-29 04:04:48","2026-09-29 04:04:53",Nordires Vieira Dos Santos,"2026-09-29 04:02:49",2026-09-28 18:45:00.000,2026-09-29 04:27:00.000
MATRIZ,2026-09-28,2026-09-28,DEP VARGAS,"7402801","000-7402801",10,8,2,PUN0E10,PUN0E10D5,233,MISTO,"49",D5,"1",Leonardo Caetano Rodrigues,"2026-09-29 02:41:23","2026-09-29 03:12:43",31.33,Wallace Christian Gomes Esteves   ,"2026-09-29 04:04:56","2026-09-29 04:04:58",Maxmiler Fernandes Silva,"2026-09-29 03:35:13",2026-09-28 18:45:00.000,2026-09-29 04:27:00.000
MATRIZ,2026-09-28,2026-09-28,DEP VARGAS,"7402801","000-7402801",10,8,2,PUN0E10,PUN0E10D1,75,COMPLETO,,D1,"1",,,,,Wallace Christian Gomes Esteves   ,"2026-09-29 04:09:30","2026-09-29 04:09:32",Nordires Vieira Dos Santos,"2026-09-29 04:06:39",2026-09-28 18:45:00.000,2026-09-29 04:27:00.000
MATRIZ,2026-09-28,2026-09-28,DEP VARGAS,"7402801","000-7402801",10,8,2,PUN0E10,PUN0E10E1,75,COMPLETO,,E1,"1",,,,,Wallace Christian Gomes Esteves   ,"2026-09-29 04:09:35","2026-09-29 04:09:37",Nordires Vieira Dos Santos,"2026-09-29 04:06:35",2026-09-28 18:45:00.000,2026-09-29 04:27:00.000
MATRIZ,2026-09-28,2026-09-28,HIPER VALENTE,"7252801","000-7252801",10,4,6,TCL0I17,TCL0I17D3,75,COMPLETO,,D3,"4",,,,,Wallace Christian Gomes Esteves   ,"2026-09-28 22:30:03","2026-09-28 22:30:06",Maxmiler Fernandes Silva,"2026-09-28 21:46:13",2026-09-28 18:45:00.000,2026-09-29 04:27:00.000
MATRIZ,2026-09-28,2026-09-28,HIPER VALENTE,"7252801","000-7252801",10,4,6,TCL0I17,TCL0I17E1,75,COMPLETO,,E1,"4",,,,,Wallace Christian Gomes Esteves   ,"2026-09-28 22:30:18","2026-09-28 22:30:21",Maxmiler Fernandes Silva,"2026-09-28 21:46:00",2026-09-28 18:45:00.000,2026-09-29 04:27:00.000
MATRIZ,2026-09-28,2026-09-28,HIPER VALENTE,"7252801","000-7252801",10,4,6,TCL0I17,TCL0I17E2,75,COMPLETO,,E2,"4",,,,,Wallace Christian Gomes Esteves   ,"2026-09-28 22:30:08","2026-09-28 22:30:11",Maxmiler Fernandes Silva,"2026-09-28 21:46:09",2026-09-28 18:45:00.000,2026-09-29 04:27:00.000
MATRIZ,2026-09-28,2026-09-28,HIPER VALENTE,"7252801","000-7252801",10,4,6,TCL0I17,TCL0I17D2,75,COMPLETO,,D2,"4",,,,,Wallace Christian Gomes Esteves   ,"2026-09-28 22:30:14","2026-09-28 22:30:16",Maxmiler Fernandes Silva,"2026-09-28 21:46:05",2026-09-28 18:45:00.000,2026-09-29 04:27:00.000
MATRIZ,2026-09-28,2026-09-28,HIPER VALENTE,"7252801","000-7252801",10,4,6,TCL0I17,TCL0I17D1,75,COMPLETO,,D1,"4",,,,,Wallace Christian Gomes Esteves   ,"2026-09-28 22:30:23","2026-09-28 22:30:26",Maxmiler Fernandes Silva,"2026-09-28 21:45:56",2026-09-28 18:45:00.000,2026-09-29 04:27:00.000
MATRIZ,2026-09-28,2026-09-28,HIPER VALENTE,"7252801","000-7252801",10,4,6,TCL0I17,TCL0I17E4,118,MISTO,"11",E4,"4",Marcos Vinicio Alves Pessoa,"2026-09-28 20:17:07","2026-09-28 20:38:55",21.80,Wallace Christian Gomes Esteves   ,"2026-09-28 22:27:10","2026-09-28 22:27:12",Maxmiler Fernandes Silva,"2026-09-28 21:37:31",2026-09-28 18:45:00.000,2026-09-29 04:27:00.000
MATRIZ,2026-09-28,2026-09-28,HIPER VALENTE,"7252801","000-7252801",10,4,6,TCL0I17,TCL0I17D5,14,MISTO,"13",D5,"4",Denilton Batista Dos Santos,"2026-09-28 20:22:44","2026-09-28 20:32:25",9.68,Wallace Christian Gomes Esteves   ,"2026-09-28 22:27:38","2026-09-28 22:27:40",Maxmiler Fernandes Silva,"2026-09-28 21:44:08",2026-09-28 18:45:00.000,2026-09-29 04:27:00.000
MATRIZ,2026-09-28,2026-09-28,HIPER VALENTE,"7252801","000-7252801",10,4,6,TCL0I17,TCL0I17E5,55,MISTO,"15",E5,"4",Leonardo Caetano Rodrigues,"2026-09-28 20:25:38","2026-09-28 20:30:35",4.95,Wallace Christian Gomes Esteves   ,"2026-09-28 22:29:16","2026-09-28 22:29:18",Maxmiler Fernandes Silva,"2026-09-28 21:39:07",2026-09-28 18:45:00.000,2026-09-29 04:27:00.000
MATRIZ,2026-09-28,2026-09-28,HIPER VALENTE,"7252801","000-7252801",10,4,6,TCL0I17,TCL0I17D4,79,MISTO,"12",D4,"4",Freelancer 01,"2026-09-28 20:20:05","2026-09-28 20:31:22",11.28,Wallace Christian Gomes Esteves   ,"2026-09-28 22:28:09","2026-09-28 22:28:11",Maxmiler Fernandes Silva,"2026-09-28 21:44:14",2026-09-28 18:45:00.000,2026-09-29 04:27:00.000
MATRIZ,2026-09-28,2026-09-28,HIPER VALENTE,"7252801","000-7252801",10,4,6,TCL0I17,TCL0I17E3,75,COMPLETO,,E3,"4",,,,,Wallace Christian Gomes Esteves   ,"2026-09-28 22:29:36","2026-09-28 22:30:00",Maxmiler Fernandes Silva,"2026-09-28 21:46:17",2026-09-28 18:45:00.000,2026-09-29 04:27:00.000
MATRIZ,2026-09-28,2026-09-28,FRANGOLITO GV,"7122801","000-7122801",7,7,0,DJB5C58,DJB5C58D3,242,MISTO,"15",D3,"6",Denilton Batista Dos Santos,"2026-09-28 22:53:41","2026-09-28 23:21:30",27.82,Wallace Christian Gomes Esteves   ,"2026-09-29 03:57:25","2026-09-29 03:57:31",Maxmiler Fernandes Silva,"2026-09-29 02:48:32",2026-09-28 18:45:00.000,2026-09-29 04:27:00.000
MATRIZ,2026-09-28,2026-09-28,FRANGOLITO GV,"7122801","000-7122801",7,7,0,DJB5C58,DJB5C58D2,61,MISTO,"18",D2,"6",Leonardo Caetano Rodrigues,"2026-09-28 23:07:45","2026-09-28 23:21:21",13.60,Wallace Christian Gomes Esteves   ,"2026-09-29 03:57:47","2026-09-29 03:57:51",Maxmiler Fernandes Silva,"2026-09-29 02:49:42",2026-09-28 18:45:00.000,2026-09-29 04:27:00.000
MATRIZ,2026-09-28,2026-09-28,FRANGOLITO GV,"7122801","000-7122801",7,7,0,DJB5C58,DJB5C58D1,152,MISTO,"39",D1,"6",Adilson José Gonçalves,"2026-09-28 22:59:52","2026-09-28 23:24:52",25.00,Wallace Christian Gomes Esteves   ,"2026-09-29 03:58:02","2026-09-29 03:58:05",Maxmiler Fernandes Silva,"2026-09-29 03:17:41",2026-09-28 18:45:00.000,2026-09-29 04:27:00.000
MATRIZ,2026-09-28,2026-09-28,FRANGOLITO GV,"7122801","000-7122801",7,7,0,DJB5C58,DJB5C58E1,207,MISTO,"12",E1,"6",Freelancer 01,"2026-09-28 22:53:53","2026-09-28 23:14:57",21.07,Wallace Christian Gomes Esteves   ,"2026-09-29 03:58:10","2026-09-29 03:58:12",Maxmiler Fernandes Silva,"2026-09-29 02:50:10",2026-09-28 18:45:00.000,2026-09-29 04:27:00.000
MATRIZ,2026-09-28,2026-09-28,FRANGOLITO GV,"7122801","000-7122801",7,7,0,DJB5C58,DJB5C58E3,56,MISTO,"37",E3,"6",Paulo Rozani Lopes Da Silva,"2026-09-28 23:03:53","2026-09-28 23:50:49",46.93,Wallace Christian Gomes Esteves   ,"2026-09-29 03:57:03","2026-09-29 03:57:05",Maxmiler Fernandes Silva,"2026-09-29 02:52:57",2026-09-28 18:45:00.000,2026-09-29 04:27:00.000
MATRIZ,2026-09-28,2026-09-28,FRANGOLITO GV,"7122801","000-7122801",7,7,0,DJB5C58,DJB5C58E2,336,MISTO,"71",E2,"6",Felipe Rogerio Estevam Da Silva ,"2026-09-28 22:51:16","2026-09-28 23:30:20",39.07,Wallace Christian Gomes Esteves   ,"2026-09-29 03:58:22","2026-09-29 03:58:27",Maxmiler Fernandes Silva,"2026-09-29 02:54:47",2026-09-28 18:45:00.000,2026-09-29 04:27:00.000
MATRIZ,2026-09-28,2026-09-28,QUASE 2,"7372801","000-7372801",7,7,0,KKJ5170,KKJ5170D3,212,MISTO,"26",D3,"2",Natan Silva Medeiros Júnior,"2026-09-28 22:31:26","2026-09-28 23:27:11",55.75,Wallace Christian Gomes Esteves   ,"2026-09-29 02:31:08","2026-09-29 02:31:10",Leonardo Miguel,"2026-09-29 02:26:39",2026-09-28 18:45:00.000,2026-09-29 04:27:00.000
MATRIZ,2026-09-28,2026-09-28,QUASE 2,"7372801","000-7372801",7,7,0,KKJ5170,KKJ5170D1,165,MISTO,"24",D1,"2",Geraldo Teixeira Baia Junior,"2026-09-28 22:33:24","2026-09-28 23:10:06",36.70,Wallace Christian Gomes Esteves   ,"2026-09-29 02:31:17","2026-09-29 02:31:19",Leonardo Miguel,"2026-09-29 02:26:36",2026-09-28 18:45:00.000,2026-09-29 04:27:00.000
MATRIZ,2026-09-28,2026-09-28,QUASE 2,"7372801","000-7372801",7,7,0,KKJ5170,KKJ5170E2,40,MISTO,"11",E2,"2",Adilson José Gonçalves,"2026-09-28 22:47:30","2026-09-28 22:55:27",7.95,Wallace Christian Gomes Esteves   ,"2026-09-29 02:31:37","2026-09-29 02:31:39",Leonardo Miguel,"2026-09-29 02:26:26",2026-09-28 18:45:00.000,2026-09-29 04:27:00.000
MATRIZ,2026-09-28,2026-09-28,QUASE 2,"7372801","000-7372801",7,7,0,KKJ5170,KKJ5170E3,137,MISTO,"19",E3,"2",Leonardo Caetano Rodrigues,"2026-09-28 22:36:45","2026-09-28 23:03:06",26.35,Wallace Christian Gomes Esteves   ,"2026-09-29 02:31:48","2026-09-29 02:31:50",Leonardo Miguel,"2026-09-29 02:26:30",2026-09-28 18:45:00.000,2026-09-29 04:27:00.000
MATRIZ,2026-09-28,2026-09-28,QUASE 2,"7372801","000-7372801",7,7,0,KKJ5170,KKJ5170E1,22,MISTO,"13",E1,"2",Paulo Rozani Lopes Da Silva,"2026-09-28 22:49:26","2026-09-28 23:01:47",12.35,Wallace Christian Gomes Esteves   ,"2026-09-29 02:31:27","2026-09-29 02:31:30",Leonardo Miguel,"2026-09-29 02:26:23",2026-09-28 18:45:00.000,2026-09-29 04:27:00.000
MATRIZ,2026-09-28,2026-09-28,QUASE 2,"7372801","000-7372801",7,7,0,KKJ5170,KKJ5170D2,59,MISTO,"16",D2,"2",Freelancer 03,"2026-09-28 22:35:28","2026-09-28 23:01:39",26.18,Wallace Christian Gomes Esteves   ,"2026-09-29 02:31:43","2026-09-29 02:31:45",Leonardo Miguel,"2026-09-29 02:26:33",2026-09-28 18:45:00.000,2026-09-29 04:27:00.000
MATRIZ,2026-09-28,2026-09-28,LM DISTRIBUIDORA,"7292801","000-7292801",13,13,0,OWV5H27,OWV5H27D6,235,MISTO,"14",D6,"3",Paulo Rozani Lopes Da Silva,"2026-09-28 20:26:00","2026-09-28 20:58:07",32.12,Wallace Christian Gomes Esteves   ,"2026-09-28 22:07:46","2026-09-28 22:07:49",Maxmiler Fernandes Silva,"2026-09-28 21:52:15",2026-09-28 18:45:00.000,2026-09-29 04:27:00.000
MATRIZ,2026-09-28,2026-09-28,LM DISTRIBUIDORA,"7292801","000-7292801",13,13,0,OWV5H27,OWV5H27E1,249,MISTO,"16",E1,"3",Felipe Rogerio Estevam Da Silva ,"2026-09-28 20:25:42","2026-09-28 20:48:05",22.38,Wallace Christian Gomes Esteves   ,"2026-09-28 22:08:04","2026-09-28 22:08:06",Maxmiler Fernandes Silva,"2026-09-28 21:58:08",2026-09-28 18:45:00.000,2026-09-29 04:27:00.000
MATRIZ,2026-09-28,2026-09-28,LM DISTRIBUIDORA,"7292801","000-7292801",13,13,0,OWV5H27,OWV5H27D3,187,MISTO,"17",D3,"3",Natan Silva Medeiros Júnior,"2026-09-28 20:26:55","2026-09-28 21:03:08",36.22,Wallace Christian Gomes Esteves   ,"2026-09-28 22:08:47","2026-09-28 22:08:48",Maxmiler Fernandes Silva,"2026-09-28 21:47:27",2026-09-28 18:45:00.000,2026-09-29 04:27:00.000
MATRIZ,2026-09-28,2026-09-28,LM DISTRIBUIDORA,"7292801","000-7292801",13,13,0,OWV5H27,OWV5H27D1,77,MISTO,"23",D1,"3",Freelancer 03,"2026-09-28 20:35:39","2026-09-28 20:53:36",17.95,Wallace Christian Gomes Esteves   ,"2026-09-28 22:08:14","2026-09-28 22:08:16",Maxmiler Fernandes Silva,"2026-09-28 21:53:10",2026-09-28 18:45:00.000,2026-09-29 04:27:00.000
MATRIZ,2026-09-28,2026-09-28,LM DISTRIBUIDORA,"7292801","000-7292801",13,13,0,OWV5H27,OWV5H27E6,102,MISTO,"20",E6,"3",Leonardo Caetano Rodrigues,"2026-09-28 20:32:18","2026-09-28 20:53:05",20.78,Wallace Christian Gomes Esteves   ,"2026-09-28 22:08:55","2026-09-28 22:08:57",Maxmiler Fernandes Silva,"2026-09-28 21:55:08",2026-09-28 18:45:00.000,2026-09-29 04:27:00.000
MATRIZ,2026-09-28,2026-09-28,LM DISTRIBUIDORA,"7292801","000-7292801",13,13,0,OWV5H27,OWV5H27D5,14,MISTO,"25",D5,"3",Geraldo Teixeira Baia Junior,"2026-09-28 20:48:31","2026-09-28 20:55:44",7.22,Wallace Christian Gomes Esteves   ,"2026-09-28 22:05:55","2026-09-28 22:05:57",Maxmiler Fernandes Silva,"2026-09-28 21:55:56",2026-09-28 18:45:00.000,2026-09-29 04:27:00.000
MATRIZ,2026-09-28,2026-09-28,LM DISTRIBUIDORA,"7292801","000-7292801",13,13,0,OWV5H27,OWV5H27E3,89,MISTO,"22",E3,"3",Denilton Batista Dos Santos,"2026-09-28 20:33:31","2026-09-28 21:08:10",34.65,Wallace Christian Gomes Esteves   ,"2026-09-28 22:06:20","2026-09-28 22:06:21",Maxmiler Fernandes Silva,"2026-09-28 21:47:13",2026-09-28 18:45:00.000,2026-09-29 04:27:00.000
MATRIZ,2026-09-28,2026-09-28,LM DISTRIBUIDORA,"7292801","000-7292801",13,13,0,OWV5H27,OWV5H27E2,92,MISTO,"19",E2,"3",Freelancer 01,"2026-09-28 20:31:49","2026-09-28 20:45:51",14.03,Wallace Christian Gomes Esteves   ,"2026-09-28 22:06:39","2026-09-28 22:06:41",Maxmiler Fernandes Silva,"2026-09-28 21:59:13",2026-09-28 18:45:00.000,2026-09-29 04:27:00.000
MATRIZ,2026-09-28,2026-09-28,LM DISTRIBUIDORA,"7292801","000-7292801",13,13,0,OWV5H27,OWV5H27E5,78,MISTO,"21",E5,"3",Gianmiller Moraes,"2026-09-28 20:34:04","2026-09-28 20:56:49",22.75,Wallace Christian Gomes Esteves   ,"2026-09-28 22:06:48","2026-09-28 22:06:49",Maxmiler Fernandes Silva,"2026-09-28 21:50:03",2026-09-28 18:45:00.000,2026-09-29 04:27:00.000
MATRIZ,2026-09-28,2026-09-28,LM DISTRIBUIDORA,"7292801","000-7292801",13,13,0,OWV5H27,OWV5H27D2,136,MISTO,"18",D2,"3",Adilson José Gonçalves,"2026-09-28 20:30:40","2026-09-28 20:48:35",17.92,Wallace Christian Gomes Esteves   ,"2026-09-28 22:08:33","2026-09-28 22:08:41",Maxmiler Fernandes Silva,"2026-09-28 21:57:24",2026-09-28 18:45:00.000,2026-09-29 04:27:00.000
MATRIZ,2026-09-28,2026-09-28,LM DISTRIBUIDORA,"7292801","000-7292801",13,13,0,OWV5H27,OWV5H27E4,5,MISTO,"26",E4,"3",Felipe Rogerio Estevam Da Silva ,"2026-09-28 20:48:40","2026-09-28 20:54:50",6.17,Wallace Christian Gomes Esteves   ,"2026-09-28 22:09:23","2026-09-28 22:09:29",Maxmiler Fernandes Silva,"2026-09-28 21:54:17",2026-09-28 18:45:00.000,2026-09-29 04:27:00.000
MATRIZ,2026-09-28,2026-09-28,LM DISTRIBUIDORA,"7292801","000-7292801",13,13,0,OWV5H27,OWV5H27D4,38,MISTO,"24",D4,"3",Freelancer 01,"2026-09-28 20:47:02","2026-09-28 20:55:08",8.10,Wallace Christian Gomes Esteves   ,"2026-09-28 22:07:12","2026-09-28 22:07:14",Maxmiler Fernandes Silva,"2026-09-28 21:48:26",2026-09-28 18:45:00.000,2026-09-29 04:27:00.000
MATRIZ,2026-09-28,2026-09-28,RESTAURANTE E SIMILA,"7382801","000-7382801",7,7,0,KKJ5250,KKJ5250D2,294,MISTO,"213",D2,"2",Felipe Rogerio Estevam Da Silva ,"2026-09-29 01:55:34","2026-09-29 02:42:11",46.62,Wallace Christian Gomes Esteves   ,"2026-09-29 04:08:43","2026-09-29 04:08:45",Maxmiler Fernandes Silva,"2026-09-29 04:04:35",2026-09-28 18:45:00.000,2026-09-29 04:27:00.000
MATRIZ,2026-09-28,2026-09-28,RESTAURANTE E SIMILA,"7382801","000-7382801",7,7,0,KKJ5250,KKJ5250E1,55,MISTO,"217",E1,"2",Denilton Batista Dos Santos,"2026-09-29 02:26:00","2026-09-29 02:55:20",29.33,Wallace Christian Gomes Esteves   ,"2026-09-29 04:07:38","2026-09-29 04:07:41",Maxmiler Fernandes Silva,"2026-09-29 04:03:13",2026-09-28 18:45:00.000,2026-09-29 04:27:00.000
MATRIZ,2026-09-28,2026-09-28,RESTAURANTE E SIMILA,"7382801","000-7382801",7,7,0,KKJ5250,KKJ5250D3,254,MISTO,"214",D3,"2",Freelancer 03,"2026-09-29 01:56:16","2026-09-29 02:44:13",47.95,Wallace Christian Gomes Esteves   ,"2026-09-29 04:08:00","2026-09-29 04:08:03",Maxmiler Fernandes Silva,"2026-09-29 04:06:02",2026-09-28 18:45:00.000,2026-09-29 04:27:00.000
MATRIZ,2026-09-28,2026-09-28,RESTAURANTE E SIMILA,"7382801","000-7382801",7,7,0,KKJ5250,KKJ5250E3,168,MISTO,"216",E3,"2",Freelancer 04,"2026-09-29 02:17:51","2026-09-29 02:55:18",37.45,Wallace Christian Gomes Esteves   ,"2026-09-29 04:07:46","2026-09-29 04:07:48",Maxmiler Fernandes Silva,"2026-09-29 04:02:57",2026-09-28 18:45:00.000,2026-09-29 04:27:00.000
MATRIZ,2026-09-28,2026-09-28,RESTAURANTE E SIMILA,"7382801","000-7382801",7,7,0,KKJ5250,KKJ5250E2,70,MISTO,"218",E2,"2",Adilson José Gonçalves,"2026-09-29 02:25:13","2026-09-29 02:44:58",19.75,Wallace Christian Gomes Esteves   ,"2026-09-29 04:07:51","2026-09-29 04:07:56",Maxmiler Fernandes Silva,"2026-09-29 04:07:38",2026-09-28 18:45:00.000,2026-09-29 04:27:00.000
MATRIZ,2026-09-28,2026-09-28,RESTAURANTE E SIMILA,"7382801","000-7382801",7,7,0,KKJ5250,KKJ5250D1,231,MISTO,"215",D1,"2",Leonardo Caetano Rodrigues,"2026-09-29 02:05:22","2026-09-29 02:40:49",35.45,Wallace Christian Gomes Esteves   ,"2026-09-29 04:08:13","2026-09-29 04:08:18",Maxmiler Fernandes Silva,"2026-09-29 03:23:18",2026-09-28 18:45:00.000,2026-09-29 04:27:00.000
MATRIZ,2026-09-28,2026-09-28,MERCEARIA TORRES AMARAL,"7272801","000-7272801",11,8,3,TCX9E62,TCX9E62E5,339,MISTO,"41",E5,"1",Freelancer 01,"2026-09-28 21:14:15","2026-09-28 21:58:46",44.52,Wallace Christian Gomes Esteves   ,"2026-09-29 04:24:37","2026-09-29 04:24:39",Leonardo Miguel,"2026-09-29 04:16:49",2026-09-28 18:45:00.000,2026-09-29 04:27:00.000
MATRIZ,2026-09-28,2026-09-28,MERCEARIA TORRES AMARAL,"7272801","000-7272801",11,8,3,TCX9E62,TCX9E62E3,436,MISTO,"40",E3,"1",Paulo Rozani Lopes Da Silva,"2026-09-28 21:12:34","2026-09-28 22:39:35",87.02,Leonardo Miguel,"2026-09-29 04:17:32","2026-09-29 04:17:44",Leonardo Miguel,"2026-09-29 04:16:45",2026-09-28 18:45:00.000,2026-09-29 04:27:00.000
MATRIZ,2026-09-28,2026-09-28,MERCEARIA TORRES AMARAL,"7272801","000-7272801",11,8,3,TCX9E62,TCX9E62D5,93,MISTO,"42",D5,"1",Denilton Batista Dos Santos,"2026-09-28 21:23:12","2026-09-28 22:24:24",61.20,Wallace Christian Gomes Esteves   ,"2026-09-29 04:24:15","2026-09-29 04:24:17",Leonardo Miguel,"2026-09-29 04:17:00",2026-09-28 18:45:00.000,2026-09-29 04:27:00.000
MATRIZ,2026-09-28,2026-09-28,MERCEARIA TORRES AMARAL,"7272801","000-7272801",11,8,3,TCX9E62,TCX9E62E2,84,MISTO,"43",E2,"1",Freelancer 03,"2026-09-28 21:23:52","2026-09-28 21:25:37",1.75,Wallace Christian Gomes Esteves   ,"2026-09-29 04:24:06","2026-09-29 04:24:08",Leonardo Miguel,"2026-09-29 04:17:12",2026-09-28 18:45:00.000,2026-09-29 04:27:00.000
MATRIZ,2026-09-28,2026-09-28,MERCEARIA TORRES AMARAL,"7272801","000-7272801",11,8,3,TCX9E62,TCX9E62D3,79,MISTO,"44",D3,"1",Natan Silva Medeiros Júnior,"2026-09-28 21:24:40","2026-09-28 21:39:08",14.47,Wallace Christian Gomes Esteves   ,"2026-09-29 04:25:06","2026-09-29 04:25:08",Maxmiler Fernandes Silva,"2026-09-29 04:24:30",2026-09-28 18:45:00.000,2026-09-29 04:27:00.000
MATRIZ,2026-09-28,2026-09-28,MERCEARIA TORRES AMARAL,"7272801","000-7272801",11,8,3,TCX9E62,TCX9E62E4,27,MISTO,"45",E4,"1",Freelancer 03,"2026-09-28 21:25:58","2026-09-28 21:56:43",30.75,Wallace Christian Gomes Esteves   ,"2026-09-29 04:24:46","2026-09-29 04:24:49",Maxmiler Fernandes Silva,"2026-09-29 04:24:26",2026-09-28 18:45:00.000,2026-09-29 04:27:00.000
MATRIZ,2026-09-28,2026-09-28,MERCEARIA TORRES AMARAL,"7272801","000-7272801",11,8,3,TCX9E62,TCX9E62D1,264,COMPLETO,,D1,"1",,,,,Wallace Christian Gomes Esteves   ,"2026-09-29 04:25:14","2026-09-29 04:25:17",Leonardo Miguel,"2026-09-29 04:15:38",2026-09-28 18:45:00.000,2026-09-29 04:27:00.000
MATRIZ,2026-09-28,2026-09-28,MERCEARIA TORRES AMARAL,"7272801","000-7272801",11,8,3,TCX9E62,TCX9E62D4,215,MISTO,"9",D4,"1",Adilson José Gonçalves,"2026-09-28 21:27:11","2026-09-28 21:55:00",27.82,Wallace Christian Gomes Esteves   ,"2026-09-29 04:24:57","2026-09-29 04:24:59",Leonardo Miguel,"2026-09-29 04:17:08",2026-09-28 18:45:00.000,2026-09-29 04:27:00.000
MATRIZ,2026-09-28,2026-09-28,MERCEARIA TORRES AMARAL,"7272801","000-7272801",11,8,3,TCX9E62,TCX9E62E1,75,COMPLETO,,E1,"1",,,,,Wallace Christian Gomes Esteves   ,"2026-09-29 04:25:27","2026-09-29 04:25:30",Maxmiler Fernandes Silva,"2026-09-29 04:22:55",2026-09-28 18:45:00.000,2026-09-29 04:27:00.000
MATRIZ,2026-09-28,2026-09-28,MERCEARIA TORRES AMARAL,"7272801","000-7272801",11,8,3,TCX9E62,TCX9E62D2,75,COMPLETO,,D2,"1",,,,,Wallace Christian Gomes Esteves   ,"2026-09-29 04:25:21","2026-09-29 04:25:23",Maxmiler Fernandes Silva,"2026-09-29 04:22:52",2026-09-28 18:45:00.000,2026-09-29 04:27:00.000
MATRIZ,2026-09-09,2026-09-09,WILSON SOUZA DIAS,"7190901","000-7190901",9,8,1,KZX0905,KZX0905D2,72,MISTO,"44",D2,"5",Marcos Vinicio Alves Pessoa,"2026-09-10 03:42:11","2026-09-10 04:05:07",22.93,Wallace Christian Gomes Esteves   ,"2026-09-10 04:50:11","2026-09-10 04:50:14",Maxmiler Fernandes Silva,"2026-09-10 04:41:52",2026-09-09 19:04:00.000,2026-09-10 05:30:00.000
MATRIZ,2026-09-09,2026-09-09,WILSON SOUZA DIAS,"7190901","000-7190901",9,8,1,KZX0905,KZX0905E2,102,MISTO,"36",E2,"5",Natan Silva Medeiros Júnior,"2026-09-10 03:36:36","2026-09-10 04:02:06",25.50,Wallace Christian Gomes Esteves   ,"2026-09-10 04:51:31","2026-09-10 04:51:37",Maxmiler Fernandes Silva,"2026-09-10 04:33:35",2026-09-09 19:04:00.000,2026-09-10 05:30:00.000
MATRIZ,2026-09-09,2026-09-09,WILSON SOUZA DIAS,"7190901","000-7190901",9,8,1,KZX0905,KZX0905D3,132,MISTO,"39",D3,"5",Pedro Lucas Procópio dos Santos,"2026-09-10 03:26:32","2026-09-10 04:03:49",37.28,Wallace Christian Gomes Esteves   ,"2026-09-10 04:50:24","2026-09-10 04:50:27",Maxmiler Fernandes Silva,"2026-09-10 04:34:46",2026-09-09 19:04:00.000,2026-09-10 05:30:00.000
MATRIZ,2026-09-09,2026-09-09,WILSON SOUZA DIAS,"7190901","000-7190901",9,8,1,KZX0905,KZX0905E3,51,MISTO,"42",E3,"5",Felipe Rogerio Estevam Da Silva ,"2026-09-10 03:46:35","2026-09-10 03:54:02",7.45,Wallace Christian Gomes Esteves   ,"2026-09-10 04:51:43","2026-09-10 04:51:46",Maxmiler Fernandes Silva,"2026-09-10 04:40:33",2026-09-09 19:04:00.000,2026-09-10 05:30:00.000
MATRIZ,2026-09-09,2026-09-09,WILSON SOUZA DIAS,"7190901","000-7190901",9,8,1,KZX0905,KZX0905D1,50,COMPLETO,,D1,"5",,,,,Wallace Christian Gomes Esteves   ,"2026-09-10 04:50:49","2026-09-10 04:51:09",Maxmiler Fernandes Silva,"2026-09-10 04:32:07",2026-09-09 19:04:00.000,2026-09-10 05:30:00.000
MATRIZ,2026-09-09,2026-09-09,WILSON SOUZA DIAS,"7190901","000-7190901",9,8,1,KZX0905,KZX0905E4,31,MISTO,"4",E4,"5",Felipe Rogerio Estevam Da Silva ,"2026-09-10 03:54:18","2026-09-10 03:56:48",2.50,Wallace Christian Gomes Esteves   ,"2026-09-10 04:51:53","2026-09-10 04:52:06",Maxmiler Fernandes Silva,"2026-09-10 04:39:11",2026-09-09 19:04:00.000,2026-09-10 05:30:00.000
MATRIZ,2026-09-09,2026-09-09,WILSON SOUZA DIAS,"7190901","000-7190901",9,8,1,KZX0905,KZX0905D4,11,MISTO,"9",D4,"5",Felipe Rogerio Estevam Da Silva ,"2026-09-10 03:59:30","2026-09-10 04:00:57",1.45,Wallace Christian Gomes Esteves   ,"2026-09-10 04:50:36","2026-09-10 04:50:42",Maxmiler Fernandes Silva,"2026-09-10 04:38:08",2026-09-09 19:04:00.000,2026-09-10 05:30:00.000
MATRIZ,2026-09-09,2026-09-09,WILSON SOUZA DIAS,"7190901","000-7190901",9,8,1,KZX0905,KZX0905E1,44,MISTO,"51",E1,"5",Denilton Batista Dos Santos,"2026-09-10 03:48:51","2026-09-10 04:03:07",14.27,Wallace Christian Gomes Esteves   ,"2026-09-10 04:51:23","2026-09-10 04:51:26",Maxmiler Fernandes Silva,"2026-09-10 04:43:57",2026-09-09 19:04:00.000,2026-09-10 05:30:00.000
MATRIZ,2026-09-09,2026-09-09,BAR DO PAULO,"7250901","000-7250901",11,9,2,TCL0I17,TCL0I17E1,75,COMPLETO,,E1,"3",,,,,Wallace Christian Gomes Esteves   ,"2026-09-10 01:38:13","2026-09-10 01:38:18",Maxmiler Fernandes Silva,"2026-09-10 00:11:49",2026-09-09 19:04:00.000,2026-09-10 05:30:00.000
MATRIZ,2026-09-09,2026-09-09,BAR DO PAULO,"7250901","000-7250901",11,9,2,TCL0I17,TCL0I17E3,258,MISTO,"23",E3,"3",Natan Silva Medeiros Júnior,"2026-09-09 22:34:06","2026-09-09 23:23:01",48.92,Wallace Christian Gomes Esteves   ,"2026-09-10 01:38:29","2026-09-10 01:38:34",Maxmiler Fernandes Silva,"2026-09-10 01:37:12",2026-09-09 19:04:00.000,2026-09-10 05:30:00.000
MATRIZ,2026-09-09,2026-09-09,BAR DO PAULO,"7250901","000-7250901",11,9,2,TCL0I17,TCL0I17E2,276,MISTO,"22",E2,"3",Gianmiller Moraes,"2026-09-09 22:33:39","2026-09-09 23:50:38",76.98,Wallace Christian Gomes Esteves   ,"2026-09-10 01:38:02","2026-09-10 01:38:06",Maxmiler Fernandes Silva,"2026-09-10 01:32:56",2026-09-09 19:04:00.000,2026-09-10 05:30:00.000
MATRIZ,2026-09-09,2026-09-09,BAR DO PAULO,"7250901","000-7250901",11,9,2,TCL0I17,TCL0I17D4,116,MISTO,"25",D4,"3",Pedro Lucas Procópio dos Santos,"2026-09-09 22:37:10","2026-09-09 23:10:47",33.62,Wallace Christian Gomes Esteves   ,"2026-09-10 01:42:06","2026-09-10 01:42:08",Maxmiler Fernandes Silva,"2026-09-10 01:41:03",2026-09-09 19:04:00.000,2026-09-10 05:30:00.000
MATRIZ,2026-09-09,2026-09-09,BAR DO PAULO,"7250901","000-7250901",11,9,2,TCL0I17,TCL0I17D5,86,MISTO,"30",D5,"3",Pedro Lucas Procópio dos Santos,"2026-09-09 23:20:35","2026-09-09 23:45:31",24.93,Wallace Christian Gomes Esteves   ,"2026-09-10 01:39:00","2026-09-10 01:39:03",Maxmiler Fernandes Silva,"2026-09-10 01:31:38",2026-09-09 19:04:00.000,2026-09-10 05:30:00.000
MATRIZ,2026-09-09,2026-09-09,BAR DO PAULO,"7250901","000-7250901",11,9,2,TCL0I17,TCL0I17E4,112,MISTO,"26",E4,"3",Leonardo Caetano Rodrigues,"2026-09-09 22:55:27","2026-09-09 23:20:17",24.83,Wallace Christian Gomes Esteves   ,"2026-09-10 01:39:13","2026-09-10 01:39:19",Maxmiler Fernandes Silva,"2026-09-10 01:38:58",2026-09-09 19:04:00.000,2026-09-10 05:30:00.000
MATRIZ,2026-09-09,2026-09-09,BAR DO PAULO,"7250901","000-7250901",11,9,2,TCL0I17,TCL0I17D3,41,MISTO,"37",D3,"3",Pedro Lucas Procópio dos Santos,"2026-09-09 23:49:30","2026-09-10 00:04:39",15.15,Wallace Christian Gomes Esteves   ,"2026-09-10 01:39:28","2026-09-10 01:39:32",Maxmiler Fernandes Silva,"2026-09-10 01:30:28",2026-09-09 19:04:00.000,2026-09-10 05:30:00.000
MATRIZ,2026-09-09,2026-09-09,BAR DO PAULO,"7250901","000-7250901",11,9,2,TCL0I17,TCL0I17D2,71,MISTO,"28",D2,"3",Marcos Vinicio Alves Pessoa,"2026-09-09 23:05:04","2026-09-09 23:28:58",23.90,Wallace Christian Gomes Esteves   ,"2026-09-10 01:39:41","2026-09-10 01:39:48",Maxmiler Fernandes Silva,"2026-09-10 01:35:16",2026-09-09 19:04:00.000,2026-09-10 05:30:00.000
MATRIZ,2026-09-09,2026-09-09,BAR DO PAULO,"7250901","000-7250901",11,9,2,TCL0I17,TCL0I17E5,64,MISTO,"31",E5,"3",Leonardo Caetano Rodrigues,"2026-09-09 23:28:35","2026-09-09 23:46:02",17.45,Wallace Christian Gomes Esteves   ,"2026-09-10 01:38:44","2026-09-10 01:38:47",Maxmiler Fernandes Silva,"2026-09-10 01:34:13",2026-09-09 19:04:00.000,2026-09-10 05:30:00.000
MATRIZ,2026-09-09,2026-09-09,BAR DO PAULO,"7250901","000-7250901",11,9,2,TCL0I17,TCL0I17D1,75,COMPLETO,,D1,"3",,,,,Wallace Christian Gomes Esteves   ,"2026-09-10 01:39:54","2026-09-10 01:40:01",Maxmiler Fernandes Silva,"2026-09-10 00:11:55",2026-09-09 19:04:00.000,2026-09-10 05:30:00.000
MATRIZ,2026-09-09,2026-09-09,SUPERMERCADO BONIFACIO,"7410901","000-7410901",7,7,0,OWQ4406,OWQ4406D1,69,MISTO,"19",D1,"1",Marcos Vinicio Alves Pessoa,"2026-09-09 22:23:25","2026-09-09 22:31:03",7.63,Wallace Christian Gomes Esteves   ,"2026-09-10 01:28:02","2026-09-10 01:28:05",Maxmiler Fernandes Silva,"2026-09-10 00:03:42",2026-09-09 19:04:00.000,2026-09-10 05:30:00.000
MATRIZ,2026-09-09,2026-09-09,SUPERMERCADO BONIFACIO,"7410901","000-7410901",7,7,0,OWQ4406,OWQ4406D3,67,MISTO,"48",D3,"1",Pedro Lucas Procópio dos Santos,"2026-09-09 22:11:39","2026-09-09 22:33:36",21.95,Wallace Christian Gomes Esteves   ,"2026-09-10 01:28:23","2026-09-10 01:28:27",Maxmiler Fernandes Silva,"2026-09-09 23:59:20",2026-09-09 19:04:00.000,2026-09-10 05:30:00.000
MATRIZ,2026-09-09,2026-09-09,SUPERMERCADO BONIFACIO,"7410901","000-7410901",7,7,0,OWQ4406,OWQ4406D2,146,MISTO,"24",D2,"1",Felipe Rogerio Estevam Da Silva ,"2026-09-09 22:36:54","2026-09-09 23:06:35",29.68,Wallace Christian Gomes Esteves   ,"2026-09-10 01:28:11","2026-09-10 01:28:14",Maxmiler Fernandes Silva,"2026-09-09 23:52:37",2026-09-09 19:04:00.000,2026-09-10 05:30:00.000
MATRIZ,2026-09-09,2026-09-09,SUPERMERCADO BONIFACIO,"7410901","000-7410901",7,7,0,OWQ4406,OWQ4406E1,223,MISTO,"16",E1,"1",Leonardo Caetano Rodrigues,"2026-09-09 22:13:43","2026-09-09 22:54:24",40.68,Wallace Christian Gomes Esteves   ,"2026-09-10 01:27:02","2026-09-10 01:27:41",Maxmiler Fernandes Silva,"2026-09-09 23:57:13",2026-09-09 19:04:00.000,2026-09-10 05:30:00.000
MATRIZ,2026-09-09,2026-09-09,SUPERMERCADO BONIFACIO,"7410901","000-7410901",7,7,0,OWQ4406,OWQ4406E2,65,MISTO,"21",E2,"1",Marcos Vinicio Alves Pessoa,"2026-09-09 22:31:57","2026-09-09 23:01:17",29.33,Wallace Christian Gomes Esteves   ,"2026-09-10 01:27:46","2026-09-10 01:27:50",Maxmiler Fernandes Silva,"2026-09-10 01:27:23",2026-09-09 19:04:00.000,2026-09-10 05:30:00.000
MATRIZ,2026-09-09,2026-09-09,SUPERMERCADO BONIFACIO,"7410901","000-7410901",7,7,0,OWQ4406,OWQ4406E3,198,MISTO,"20",E3,"1",Denilton Batista Dos Santos,"2026-09-09 22:46:49","2026-09-09 23:33:55",47.10,Wallace Christian Gomes Esteves   ,"2026-09-10 01:29:36","2026-09-10 01:29:39",Maxmiler Fernandes Silva,"2026-09-10 01:29:14",2026-09-09 19:04:00.000,2026-09-10 05:30:00.000
MATRIZ,2026-09-09,2026-09-09,BAR CURRAL DE BOI,"7180901","000-7180901",7,6,1,RFP8G80,RFP8G80D3,153,MISTO,"52",D3,"4",Felipe Rogerio Estevam Da Silva ,"2026-09-10 03:17:06","2026-09-10 03:45:56",28.83,Wallace Christian Gomes Esteves   ,"2026-09-10 05:28:30","2026-09-10 05:28:34",Maxmiler Fernandes Silva,"2026-09-10 04:56:46",2026-09-09 19:04:00.000,2026-09-10 05:30:00.000
MATRIZ,2026-09-09,2026-09-09,BAR CURRAL DE BOI,"7180901","000-7180901",7,6,1,RFP8G80,RFP8G80D1,50,COMPLETO,,D1,"4",,,,,Wallace Christian Gomes Esteves   ,"2026-09-10 05:28:11","2026-09-10 05:28:16",Maxmiler Fernandes Silva,"2026-09-10 04:12:50",2026-09-09 19:04:00.000,2026-09-10 05:30:00.000
MATRIZ,2026-09-09,2026-09-09,BAR CURRAL DE BOI,"7180901","000-7180901",7,6,1,RFP8G80,RFP8G80D2,68,MISTO,"7",D2,"4",Leonardo Caetano Rodrigues,"2026-09-10 03:25:09","2026-09-10 03:40:51",15.70,Wallace Christian Gomes Esteves   ,"2026-09-10 05:28:22","2026-09-10 05:28:24",Maxmiler Fernandes Silva,"2026-09-10 04:21:32",2026-09-09 19:04:00.000,2026-09-10 05:30:00.000
MATRIZ,2026-09-09,2026-09-09,BAR CURRAL DE BOI,"7180901","000-7180901",7,6,1,RFP8G80,RFP8G80E3,188,MISTO,"45",E3,"4",Leonardo Caetano Rodrigues,"2026-09-10 03:07:50","2026-09-10 03:24:49",16.98,Wallace Christian Gomes Esteves   ,"2026-09-10 05:27:39","2026-09-10 05:27:41",Maxmiler Fernandes Silva,"2026-09-10 04:28:25",2026-09-09 19:04:00.000,2026-09-10 05:30:00.000
MATRIZ,2026-09-09,2026-09-09,BAR CURRAL DE BOI,"7180901","000-7180901",7,6,1,RFP8G80,RFP8G80E2,128,MISTO,"47",E2,"4",Gianmiller Moraes,"2026-09-10 03:25:58","2026-09-10 04:10:34",44.60,Wallace Christian Gomes Esteves   ,"2026-09-10 05:27:48","2026-09-10 05:27:51",Maxmiler Fernandes Silva,"2026-09-10 04:50:41",2026-09-09 19:04:00.000,2026-09-10 05:30:00.000
MATRIZ,2026-09-09,2026-09-09,BAR CURRAL DE BOI,"7180901","000-7180901",7,6,1,RFP8G80,RFP8G80E1,34,MISTO,"41",E1,"4",Marcos Vinicio Alves Pessoa,"2026-09-10 03:25:53","2026-09-10 03:40:51",14.97,Wallace Christian Gomes Esteves   ,"2026-09-10 05:27:59","2026-09-10 05:28:02",Maxmiler Fernandes Silva,"2026-09-10 04:23:08",2026-09-09 19:04:00.000,2026-09-10 05:30:00.000
MATRIZ,2026-09-09,2026-09-09,FLAVIA BRUNA MOREIRA DOS SANTOS,"7140901","000-7140901",7,7,0,HAI2518,HAI2518E2,43,MISTO,"13",E2,"2",Marcos Vinicio Alves Pessoa,"2026-09-10 02:32:29","2026-09-10 02:52:27",19.97,Wallace Christian Gomes Esteves   ,"2026-09-10 04:06:08","2026-09-10 04:06:11",Maxmiler Fernandes Silva,"2026-09-10 03:53:37",2026-09-09 19:04:00.000,2026-09-10 05:30:00.000
MATRIZ,2026-09-09,2026-09-09,FLAVIA BRUNA MOREIRA DOS SANTOS,"7140901","000-7140901",7,7,0,HAI2518,HAI2518E3,201,MISTO,"20",E3,"2",Denilton Batista Dos Santos,"2026-09-10 02:08:02","2026-09-10 03:12:47",64.75,Wallace Christian Gomes Esteves   ,"2026-09-10 04:06:18","2026-09-10 04:06:22",Maxmiler Fernandes Silva,"2026-09-10 04:00:43",2026-09-09 19:04:00.000,2026-09-10 05:30:00.000
MATRIZ,2026-09-09,2026-09-09,FLAVIA BRUNA MOREIRA DOS SANTOS,"7140901","000-7140901",7,7,0,HAI2518,HAI2518D2,195,MISTO,"22",D2,"2",Gianmiller Moraes,"2026-09-10 02:14:22","2026-09-10 03:17:47",63.42,Wallace Christian Gomes Esteves   ,"2026-09-10 04:04:58","2026-09-10 04:05:00",Maxmiler Fernandes Silva,"2026-09-10 03:59:18",2026-09-09 19:04:00.000,2026-09-10 05:30:00.000
MATRIZ,2026-09-09,2026-09-09,FLAVIA BRUNA MOREIRA DOS SANTOS,"7140901","000-7140901",7,7,0,HAI2518,HAI2518D1,40,MISTO,"48",D1,"2",Felipe Rogerio Estevam Da Silva ,"2026-09-10 02:04:11","2026-09-10 02:06:43",2.53,Wallace Christian Gomes Esteves   ,"2026-09-10 04:05:30","2026-09-10 04:05:50",Maxmiler Fernandes Silva,"2026-09-10 03:51:56",2026-09-09 19:04:00.000,2026-09-10 05:30:00.000
MATRIZ,2026-09-09,2026-09-09,FLAVIA BRUNA MOREIRA DOS SANTOS,"7140901","000-7140901",7,7,0,HAI2518,HAI2518D3,55,MISTO,"16",D3,"2",Denilton Batista Dos Santos,"2026-09-10 03:16:51","2026-09-10 03:44:16",27.42,Wallace Christian Gomes Esteves   ,"2026-09-10 04:05:09","2026-09-10 04:05:12",Maxmiler Fernandes Silva,"2026-09-10 03:58:00",2026-09-09 19:04:00.000,2026-09-10 05:30:00.000
MATRIZ,2026-09-09,2026-09-09,FLAVIA BRUNA MOREIRA DOS SANTOS,"7140901","000-7140901",7,7,0,HAI2518,HAI2518E1,63,MISTO,"43",E1,"2",Felipe Rogerio Estevam Da Silva ,"2026-09-10 02:26:24","2026-09-10 02:45:54",19.50,Wallace Christian Gomes Esteves   ,"2026-09-10 04:05:54","2026-09-10 04:05:57",Maxmiler Fernandes Silva,"2026-09-10 04:02:45",2026-09-09 19:04:00.000,2026-09-10 05:30:00.000
MATRIZ,2026-09-09,2026-09-09,STOP RAPIDOS,"7290901","000-7290901",13,13,0,OWV5H27,OWV5H27D5,50,MISTO,"42",D5,"5",Marcos Vinicio Alves Pessoa,"2026-09-10 01:06:59","2026-09-10 01:15:28",8.48,Wallace Christian Gomes Esteves   ,"2026-09-10 02:52:51","2026-09-10 02:52:53",Maxmiler Fernandes Silva,"2026-09-10 02:23:15",2026-09-09 19:04:00.000,2026-09-10 05:30:00.000
MATRIZ,2026-09-09,2026-09-09,STOP RAPIDOS,"7290901","000-7290901",13,13,0,OWV5H27,OWV5H27E4,89,MISTO,"40",E4,"5",Denilton Batista Dos Santos,"2026-09-10 00:44:29","2026-09-10 01:00:04",15.58,Wallace Christian Gomes Esteves   ,"2026-09-10 02:53:56","2026-09-10 02:53:58",Maxmiler Fernandes Silva,"2026-09-10 02:24:09",2026-09-09 19:04:00.000,2026-09-10 05:30:00.000
MATRIZ,2026-09-09,2026-09-09,STOP RAPIDOS,"7290901","000-7290901",13,13,0,OWV5H27,OWV5H27E6,9,MISTO,"21",E6,"5",Pedro Lucas Procópio dos Santos,"2026-09-10 01:51:44","2026-09-10 02:02:39",10.92,Wallace Christian Gomes Esteves   ,"2026-09-10 02:53:17","2026-09-10 02:53:32",Maxmiler Fernandes Silva,"2026-09-10 02:20:11",2026-09-09 19:04:00.000,2026-09-10 05:30:00.000
MATRIZ,2026-09-09,2026-09-09,STOP RAPIDOS,"7290901","000-7290901",13,13,0,OWV5H27,OWV5H27E3,77,MISTO,"14",E3,"5",Denilton Batista Dos Santos,"2026-09-10 01:05:21","2026-09-10 01:24:12",18.85,Wallace Christian Gomes Esteves   ,"2026-09-10 02:53:48","2026-09-10 02:53:51",Maxmiler Fernandes Silva,"2026-09-10 02:22:25",2026-09-09 19:04:00.000,2026-09-10 05:30:00.000
MATRIZ,2026-09-09,2026-09-09,STOP RAPIDOS,"7290901","000-7290901",13,13,0,OWV5H27,OWV5H27E2,21,MISTO,"15",E2,"5",Pedro Lucas Procópio dos Santos,"2026-09-10 01:33:42","2026-09-10 01:42:23",8.68,Wallace Christian Gomes Esteves   ,"2026-09-10 02:54:58","2026-09-10 02:55:01",Maxmiler Fernandes Silva,"2026-09-10 02:20:53",2026-09-09 19:04:00.000,2026-09-10 05:30:00.000
MATRIZ,2026-09-09,2026-09-09,STOP RAPIDOS,"7290901","000-7290901",13,13,0,OWV5H27,OWV5H27E5,39,MISTO,"46",E5,"5",Pedro Lucas Procópio dos Santos,"2026-09-10 01:19:10","2026-09-10 01:30:15",11.08,Wallace Christian Gomes Esteves   ,"2026-09-10 02:54:08","2026-09-10 02:54:14",Maxmiler Fernandes Silva,"2026-09-10 02:27:46",2026-09-09 19:04:00.000,2026-09-10 05:30:00.000
MATRIZ,2026-09-09,2026-09-09,STOP RAPIDOS,"7290901","000-7290901",13,13,0,OWV5H27,OWV5H27D4,48,MISTO,"44",D4,"5",Leonardo Caetano Rodrigues,"2026-09-10 01:08:47","2026-09-10 01:18:21",9.57,Wallace Christian Gomes Esteves   ,"2026-09-10 02:52:42","2026-09-10 02:52:45",Maxmiler Fernandes Silva,"2026-09-10 01:51:54",2026-09-09 19:04:00.000,2026-09-10 05:30:00.000
MATRIZ,2026-09-09,2026-09-09,STOP RAPIDOS,"7290901","000-7290901",13,13,0,OWV5H27,OWV5H27D1,66,MISTO,"41",D1,"5",Felipe Rogerio Estevam Da Silva ,"2026-09-10 01:06:20","2026-09-10 01:19:01",12.68,Wallace Christian Gomes Esteves   ,"2026-09-10 02:52:16","2026-09-10 02:52:19",Maxmiler Fernandes Silva,"2026-09-10 02:27:41",2026-09-09 19:04:00.000,2026-09-10 05:30:00.000
MATRIZ,2026-09-09,2026-09-09,STOP RAPIDOS,"7290901","000-7290901",13,13,0,OWV5H27,OWV5H27D6,25,MISTO,"51",D6,"5",Natan Silva Medeiros Júnior,"2026-09-10 01:26:49","2026-09-10 01:38:14",11.42,Wallace Christian Gomes Esteves   ,"2026-09-10 02:53:01","2026-09-10 02:53:04",Maxmiler Fernandes Silva,"2026-09-10 02:26:07",2026-09-09 19:04:00.000,2026-09-10 05:30:00.000
MATRIZ,2026-09-09,2026-09-09,STOP RAPIDOS,"7290901","000-7290901",13,13,0,OWV5H27,OWV5H27D3,138,MISTO,"36",D3,"5",Leonardo Caetano Rodrigues,"2026-09-09 23:49:13","2026-09-10 00:01:01",11.80,Wallace Christian Gomes Esteves   ,"2026-09-10 02:52:34","2026-09-10 02:52:37",Maxmiler Fernandes Silva,"2026-09-10 01:53:10",2026-09-09 19:04:00.000,2026-09-10 05:30:00.000
MATRIZ,2026-09-09,2026-09-09,STOP RAPIDOS,"7290901","000-7290901",13,13,0,OWV5H27,OWV5H27D2,124,MISTO,"39",D2,"5",Gianmiller Moraes,"2026-09-09 23:54:41","2026-09-10 01:35:59",101.30,Wallace Christian Gomes Esteves   ,"2026-09-10 02:52:25","2026-09-10 02:52:27",Maxmiler Fernandes Silva,"2026-09-10 02:25:00",2026-09-09 19:04:00.000,2026-09-10 05:30:00.000
MATRIZ,2026-09-09,2026-09-09,STOP RAPIDOS,"7290901","000-7290901",13,13,0,OWV5H27,OWV5H27E1,33,MISTO,"49",E1,"5",Leonardo Caetano Rodrigues,"2026-09-10 01:21:16","2026-09-10 01:26:46",5.50,Wallace Christian Gomes Esteves   ,"2026-09-10 02:53:38","2026-09-10 02:53:41",Maxmiler Fernandes Silva,"2026-09-10 02:21:38",2026-09-09 19:04:00.000,2026-09-10 05:30:00.000
MATRIZ,2026-09-09,2026-09-09,MERCEARIA MENEZES,"7130901","000-7130901",7,7,0,JXS4C69,JXS4C69E1,63,MISTO,"2",E1,"1",Felipe Rogerio Estevam Da Silva ,"2026-09-10 02:07:06","2026-09-10 02:25:21",18.25,Wallace Christian Gomes Esteves   ,"2026-09-10 03:47:10","2026-09-10 03:47:14",Maxmiler Fernandes Silva,"2026-09-10 03:09:27",2026-09-09 19:04:00.000,2026-09-10 05:30:00.000
MATRIZ,2026-09-09,2026-09-09,MERCEARIA MENEZES,"7130901","000-7130901",7,7,0,JXS4C69,JXS4C69D3,45,MISTO,"4",D3,"1",Pedro Lucas Procópio dos Santos,"2026-09-10 02:06:02","2026-09-10 02:19:10",13.13,Wallace Christian Gomes Esteves   ,"2026-09-10 03:46:04","2026-09-10 03:46:08",Maxmiler Fernandes Silva,"2026-09-10 02:30:33",2026-09-09 19:04:00.000,2026-09-10 05:30:00.000
MATRIZ,2026-09-09,2026-09-09,MERCEARIA MENEZES,"7130901","000-7130901",7,7,0,JXS4C69,JXS4C69D1,40,MISTO,"35",D1,"1",Pedro Lucas Procópio dos Santos,"2026-09-10 02:23:16","2026-09-10 02:24:53",1.62,Wallace Christian Gomes Esteves   ,"2026-09-10 03:46:23","2026-09-10 03:46:29",Maxmiler Fernandes Silva,"2026-09-10 03:05:28",2026-09-09 19:04:00.000,2026-09-10 05:30:00.000
MATRIZ,2026-09-09,2026-09-09,MERCEARIA MENEZES,"7130901","000-7130901",7,7,0,JXS4C69,JXS4C69E2,35,MISTO,"32",E2,"1",Pedro Lucas Procópio dos Santos,"2026-09-10 02:36:16","2026-09-10 02:47:02",10.77,Alexsander Campos Silva,"2026-09-10 03:48:42","2026-09-10 03:48:49",Maxmiler Fernandes Silva,"2026-09-10 02:57:34",2026-09-09 19:04:00.000,2026-09-10 05:30:00.000
MATRIZ,2026-09-09,2026-09-09,MERCEARIA MENEZES,"7130901","000-7130901",7,7,0,JXS4C69,JXS4C69E3,153,MISTO,"19",E3,"1",Leonardo Caetano Rodrigues,"2026-09-10 01:58:33","2026-09-10 02:31:58",33.42,Wallace Christian Gomes Esteves   ,"2026-09-10 03:46:43","2026-09-10 03:46:46",Maxmiler Fernandes Silva,"2026-09-10 03:04:13",2026-09-09 19:04:00.000,2026-09-10 05:30:00.000
MATRIZ,2026-09-09,2026-09-09,MERCEARIA MENEZES,"7130901","000-7130901",7,7,0,JXS4C69,JXS4C69D2,138,MISTO,"24",D2,"1",Natan Silva Medeiros Júnior,"2026-09-10 02:03:37","2026-09-10 02:38:00",34.38,Wallace Christian Gomes Esteves   ,"2026-09-10 04:04:07","2026-09-10 04:04:10",Maxmiler Fernandes Silva,"2026-09-10 03:56:12",2026-09-09 19:04:00.000,2026-09-10 05:30:00.000
MATRIZ,2026-09-09,2026-09-09,NU JAPA SUSHI BAR,"7150901","000-7150901",7,7,0,MQU8E71,MQU8E71D3,105,MISTO,"33",D3,"3",Felipe Rogerio Estevam Da Silva ,"2026-09-10 02:47:02","2026-09-10 03:04:11",17.15,Wallace Christian Gomes Esteves   ,"2026-09-10 05:30:27","2026-09-10 05:30:29",Maxmiler Fernandes Silva,"2026-09-10 04:06:17",2026-09-09 19:04:00.000,2026-09-10 05:30:00.000
MATRIZ,2026-09-09,2026-09-09,NU JAPA SUSHI BAR,"7150901","000-7150901",7,7,0,MQU8E71,MQU8E71D1,39,MISTO,"3",D1,"3",Felipe Rogerio Estevam Da Silva ,"2026-09-10 03:04:42","2026-09-10 03:16:35",11.88,Wallace Christian Gomes Esteves   ,"2026-09-10 05:28:59","2026-09-10 05:29:01",Maxmiler Fernandes Silva,"2026-09-10 04:08:57",2026-09-09 19:04:00.000,2026-09-10 05:30:00.000
MATRIZ,2026-09-09,2026-09-09,NU JAPA SUSHI BAR,"7150901","000-7150901",7,7,0,MQU8E71,MQU8E71E3,93,MISTO,"38",E3,"3",Pedro Lucas Procópio dos Santos,"2026-09-10 02:49:53","2026-09-10 03:20:15",30.37,Wallace Christian Gomes Esteves   ,"2026-09-10 05:29:50","2026-09-10 05:29:53",Maxmiler Fernandes Silva,"2026-09-10 04:05:34",2026-09-09 19:04:00.000,2026-09-10 05:30:00.000
MATRIZ,2026-09-09,2026-09-09,NU JAPA SUSHI BAR,"7150901","000-7150901",7,7,0,MQU8E71,MQU8E71D2,70,MISTO,"23",D2,"3",Marcos Vinicio Alves Pessoa,"2026-09-10 02:53:13","2026-09-10 03:23:50",30.62,Wallace Christian Gomes Esteves   ,"2026-09-10 05:30:33","2026-09-10 05:30:36",Maxmiler Fernandes Silva,"2026-09-10 04:03:57",2026-09-09 19:04:00.000,2026-09-10 05:30:00.000
MATRIZ,2026-09-09,2026-09-09,NU JAPA SUSHI BAR,"7150901","000-7150901",7,7,0,MQU8E71,MQU8E71E2,266,MISTO,"29",E2,"3",Leonardo Caetano Rodrigues,"2026-09-10 02:34:43","2026-09-10 03:07:15",32.53,Wallace Christian Gomes Esteves   ,"2026-09-10 05:30:00","2026-09-10 05:30:03",Maxmiler Fernandes Silva,"2026-09-10 04:07:14",2026-09-09 19:04:00.000,2026-09-10 05:30:00.000
MATRIZ,2026-09-09,2026-09-09,NU JAPA SUSHI BAR,"7150901","000-7150901",7,7,0,MQU8E71,MQU8E71E1,191,MISTO,"34",E1,"3",Natan Silva Medeiros Júnior,"2026-09-10 02:42:50","2026-09-10 03:27:56",45.10,Wallace Christian Gomes Esteves   ,"2026-09-10 05:30:08","2026-09-10 05:30:11",Maxmiler Fernandes Silva,"2026-09-10 05:29:55",2026-09-09 19:04:00.000,2026-09-10 05:30:00.000
MATRIZ,2026-09-09,2026-09-09,BAR DO GASTAO,"7120901","000-7120901",7,7,0,DJB5C58,DJB5C58E2,171,MISTO,"45",E2,"2",Marcos Vinicio Alves Pessoa,"2026-09-10 01:18:19","2026-09-10 02:30:15",71.93,Wallace Christian Gomes Esteves   ,"2026-09-10 02:56:29","2026-09-10 02:56:31",Maxmiler Fernandes Silva,"2026-09-10 02:39:57",2026-09-09 19:04:00.000,2026-09-10 05:30:00.000
MATRIZ,2026-09-09,2026-09-09,BAR DO GASTAO,"7120901","000-7120901",7,7,0,DJB5C58,DJB5C58D3,265,MISTO,"47",D3,"2",Felipe Rogerio Estevam Da Silva ,"2026-09-10 01:19:38","2026-09-10 02:03:16",43.63,Wallace Christian Gomes Esteves   ,"2026-09-10 02:57:09","2026-09-10 02:57:12",Maxmiler Fernandes Silva,"2026-09-10 02:50:36",2026-09-09 19:04:00.000,2026-09-10 05:30:00.000
MATRIZ,2026-09-09,2026-09-09,BAR DO GASTAO,"7120901","000-7120901",7,7,0,DJB5C58,DJB5C58E1,59,MISTO,"50",E1,"2",Denilton Batista Dos Santos,"2026-09-10 01:26:01","2026-09-10 02:03:36",37.58,Wallace Christian Gomes Esteves   ,"2026-09-10 02:56:36","2026-09-10 02:56:39",Maxmiler Fernandes Silva,"2026-09-10 02:48:09",2026-09-09 19:04:00.000,2026-09-10 05:30:00.000
MATRIZ,2026-09-09,2026-09-09,BAR DO GASTAO,"7120901","000-7120901",7,7,0,DJB5C58,DJB5C58D1,66,MISTO,"16",D1,"2",Leonardo Caetano Rodrigues,"2026-09-10 01:47:54","2026-09-10 01:56:26",8.53,Wallace Christian Gomes Esteves   ,"2026-09-10 02:56:51","2026-09-10 02:56:54",Maxmiler Fernandes Silva,"2026-09-10 02:52:59",2026-09-09 19:04:00.000,2026-09-10 05:30:00.000
MATRIZ,2026-09-09,2026-09-09,BAR DO GASTAO,"7120901","000-7120901",7,7,0,DJB5C58,DJB5C58E3,48,MISTO,"3",E3,"2",Gianmiller Moraes,"2026-09-10 01:45:20","2026-09-10 02:10:52",25.53,Wallace Christian Gomes Esteves   ,"2026-09-10 02:56:22","2026-09-10 02:56:25",Maxmiler Fernandes Silva,"2026-09-10 02:46:19",2026-09-09 19:04:00.000,2026-09-10 05:30:00.000
MATRIZ,2026-09-09,2026-09-09,BAR DO GASTAO,"7120901","000-7120901",7,7,0,DJB5C58,DJB5C58D2,58,MISTO,"52",D2,"2",Leonardo Caetano Rodrigues,"2026-09-10 01:30:29","2026-09-10 01:45:14",14.75,Wallace Christian Gomes Esteves   ,"2026-09-10 02:56:59","2026-09-10 02:57:02",Maxmiler Fernandes Silva,"2026-09-10 02:54:46",2026-09-09 19:04:00.000,2026-09-10 05:30:00.000
MATRIZ,2026-09-09,2026-09-09,BOA MESA REST PIZZ,"7380901","000-7380901",7,7,0,KKJ5250,KKJ5250E3,132,MISTO,"2",E3,"2",Natan Silva Medeiros Júnior,"2026-09-10 04:07:11","2026-09-10 04:52:57",45.77,Wallace Christian Gomes Esteves   ,"2026-09-10 05:26:27","2026-09-10 05:26:29",Maxmiler Fernandes Silva,"2026-09-10 05:20:20",2026-09-09 19:04:00.000,2026-09-10 05:30:00.000
MATRIZ,2026-09-09,2026-09-09,BOA MESA REST PIZZ,"7380901","000-7380901",7,7,0,KKJ5250,KKJ5250D1,43,MISTO,"49",D1,"2",Pedro Lucas Procópio dos Santos,"2026-09-10 04:24:46","2026-09-10 04:29:51",5.08,Wallace Christian Gomes Esteves   ,"2026-09-10 05:27:06","2026-09-10 05:27:09",Maxmiler Fernandes Silva,"2026-09-10 05:00:01",2026-09-09 19:04:00.000,2026-09-10 05:30:00.000
MATRIZ,2026-09-09,2026-09-09,BOA MESA REST PIZZ,"7380901","000-7380901",7,7,0,KKJ5250,KKJ5250E1,297,MISTO,"35",E1,"2",Denilton Batista Dos Santos,"2026-09-10 04:04:04","2026-09-10 04:52:09",48.08,Wallace Christian Gomes Esteves   ,"2026-09-10 05:26:07","2026-09-10 05:26:10",Maxmiler Fernandes Silva,"2026-09-10 04:58:23",2026-09-09 19:04:00.000,2026-09-10 05:30:00.000
MATRIZ,2026-09-09,2026-09-09,BOA MESA REST PIZZ,"7380901","000-7380901",7,7,0,KKJ5250,KKJ5250E2,117,MISTO,"32",E2,"2",Marcos Vinicio Alves Pessoa,"2026-09-10 04:09:28","2026-09-10 04:38:55",29.45,Wallace Christian Gomes Esteves   ,"2026-09-10 05:26:16","2026-09-10 05:26:23",Maxmiler Fernandes Silva,"2026-09-10 05:11:14",2026-09-09 19:04:00.000,2026-09-10 05:30:00.000
MATRIZ,2026-09-09,2026-09-09,BOA MESA REST PIZZ,"7380901","000-7380901",7,7,0,KKJ5250,KKJ5250D2,210,MISTO,"19",D2,"2",Pedro Lucas Procópio dos Santos,"2026-09-10 04:04:21","2026-09-10 04:23:35",19.23,Wallace Christian Gomes Esteves   ,"2026-09-10 05:27:13","2026-09-10 05:27:16",Maxmiler Fernandes Silva,"2026-09-10 04:52:29",2026-09-09 19:04:00.000,2026-09-10 05:30:00.000
MATRIZ,2026-09-09,2026-09-09,BOA MESA REST PIZZ,"7380901","000-7380901",7,7,0,KKJ5250,KKJ5250D3,85,MISTO,"15",D3,"2",Gianmiller Moraes,"2026-09-10 04:17:28","2026-09-10 04:59:49",42.35,Wallace Christian Gomes Esteves   ,"2026-09-10 05:27:22","2026-09-10 05:27:24",Maxmiler Fernandes Silva,"2026-09-10 05:26:55",2026-09-09 19:04:00.000,2026-09-10 05:30:00.000
MATRIZ,2026-09-09,2026-09-09,BAR DO AMORIM,"7240901","000-7240901",11,9,2,TCB7I34,TCB7I34E4,182,MISTO,"29",E4,"4",Felipe Rogerio Estevam Da Silva ,"2026-09-09 23:10:46","2026-09-09 23:37:18",26.53,Wallace Christian Gomes Esteves   ,"2026-09-10 02:11:07","2026-09-10 02:11:13",Maxmiler Fernandes Silva,"2026-09-10 02:10:30",2026-09-09 19:04:00.000,2026-09-10 05:30:00.000
MATRIZ,2026-09-09,2026-09-09,BAR DO AMORIM,"7240901","000-7240901",11,9,2,TCB7I34,TCB7I34D1,120,COMPLETO,,D1,"4",,,,,Wallace Christian Gomes Esteves   ,"2026-09-10 02:11:45","2026-09-10 02:12:01",Maxmiler Fernandes Silva,"2026-09-10 01:47:35",2026-09-09 19:04:00.000,2026-09-10 05:30:00.000
MATRIZ,2026-09-09,2026-09-09,BAR DO AMORIM,"7240901","000-7240901",11,9,2,TCB7I34,TCB7I34E1,75,COMPLETO,,E1,"4",,,,,Wallace Christian Gomes Esteves   ,"2026-09-10 02:12:11","2026-09-10 02:12:19",Maxmiler Fernandes Silva,"2026-09-10 01:46:13",2026-09-09 19:04:00.000,2026-09-10 05:30:00.000
MATRIZ,2026-09-09,2026-09-09,BAR DO AMORIM,"7240901","000-7240901",11,9,2,TCB7I34,TCB7I34E2,141,MISTO,"33",E2,"4",Marcos Vinicio Alves Pessoa,"2026-09-09 23:34:43","2026-09-10 00:14:32",39.82,Wallace Christian Gomes Esteves   ,"2026-09-10 02:14:14","2026-09-10 02:14:26",Maxmiler Fernandes Silva,"2026-09-10 02:14:11",2026-09-09 19:04:00.000,2026-09-10 05:30:00.000
MATRIZ,2026-09-09,2026-09-09,BAR DO AMORIM,"7240901","000-7240901",11,9,2,TCB7I34,TCB7I34D4,17,MISTO,"43",D4,"4",Pedro Lucas Procópio dos Santos,"2026-09-10 01:08:46","2026-09-10 01:15:46",7.00,Wallace Christian Gomes Esteves   ,"2026-09-10 02:10:24","2026-09-10 02:10:27",Maxmiler Fernandes Silva,"2026-09-10 01:48:43",2026-09-09 19:04:00.000,2026-09-10 05:30:00.000
MATRIZ,2026-09-09,2026-09-09,BAR DO AMORIM,"7240901","000-7240901",11,9,2,TCB7I34,TCB7I34E3,210,MISTO,"32",E3,"4",Natan Silva Medeiros Júnior,"2026-09-09 23:29:40","2026-09-10 00:02:40",33.00,Wallace Christian Gomes Esteves   ,"2026-09-10 02:11:18","2026-09-10 02:11:21",Maxmiler Fernandes Silva,"2026-09-10 01:50:00",2026-09-09 19:04:00.000,2026-09-10 05:30:00.000
MATRIZ,2026-09-09,2026-09-09,BAR DO AMORIM,"7240901","000-7240901",11,9,2,TCB7I34,TCB7I34D2,65,MISTO,"35",D2,"4",Felipe Rogerio Estevam Da Silva ,"2026-09-09 23:38:21","2026-09-09 23:48:58",10.62,Wallace Christian Gomes Esteves   ,"2026-09-10 02:10:11","2026-09-10 02:10:18",Maxmiler Fernandes Silva,"2026-09-10 01:54:26",2026-09-09 19:04:00.000,2026-09-10 05:30:00.000
MATRIZ,2026-09-09,2026-09-09,BAR DO AMORIM,"7240901","000-7240901",11,9,2,TCB7I34,TCB7I34D5,16,MISTO,"13",D5,"4",Felipe Rogerio Estevam Da Silva ,"2026-09-10 01:04:02","2026-09-10 01:05:55",1.88,Wallace Christian Gomes Esteves   ,"2026-09-10 02:10:34","2026-09-10 02:10:50",Maxmiler Fernandes Silva,"2026-09-10 02:08:43",2026-09-09 19:04:00.000,2026-09-10 05:30:00.000
MATRIZ,2026-09-09,2026-09-09,BAR DO AMORIM,"7240901","000-7240901",11,9,2,TCB7I34,TCB7I34E5,48,MISTO,"38",E5,"4",Felipe Rogerio Estevam Da Silva ,"2026-09-09 23:49:44","2026-09-10 00:05:34",15.83,Wallace Christian Gomes Esteves   ,"2026-09-10 02:20:12","2026-09-10 02:20:22",Maxmiler Fernandes Silva,"2026-09-10 02:17:05",2026-09-09 19:04:00.000,2026-09-10 05:30:00.000
MATRIZ,2026-09-09,2026-09-09,BAR DO AMORIM,"7240901","000-7240901",11,9,2,TCB7I34,TCB7I34D3,122,MISTO,"34",D3,"4",Denilton Batista Dos Santos,"2026-09-09 23:35:07","2026-09-10 00:13:05",37.97,Wallace Christian Gomes Esteves   ,"2026-09-10 02:12:31","2026-09-10 02:13:00",Maxmiler Fernandes Silva,"2026-09-10 02:12:00",2026-09-09 19:04:00.000,2026-09-10 05:30:00.000
MATRIZ,2026-09-10,2026-09-10,PANIFICADORA GUERRA,"7181001","000-7181001",7,6,1,RFP8G80,RFP8G80E2,32,MISTO,"1",E2,"03",Natan Silva Medeiros Júnior,"2026-09-11 01:58:29","2026-09-11 02:10:47",12.30,Wallace Christian Gomes Esteves   ,"2026-09-11 03:45:18","2026-09-11 03:45:21",Maxmiler Fernandes Silva,"2026-09-11 02:49:14",2026-09-10 20:11:00.000,2026-09-11 03:51:00.000
MATRIZ,2026-09-10,2026-09-10,PANIFICADORA GUERRA,"7181001","000-7181001",7,6,1,RFP8G80,RFP8G80D2,59,MISTO,"6",D2,"03",Marcos Vinicio Alves Pessoa,"2026-09-11 01:54:01","2026-09-11 02:16:05",22.07,Wallace Christian Gomes Esteves   ,"2026-09-11 03:44:49","2026-09-11 03:44:53",Maxmiler Fernandes Silva,"2026-09-11 02:55:26",2026-09-10 20:11:00.000,2026-09-11 03:51:00.000
MATRIZ,2026-09-10,2026-09-10,PANIFICADORA GUERRA,"7181001","000-7181001",7,6,1,RFP8G80,RFP8G80E1,33,MISTO,"45",E1,"03",Felipe Rogerio Estevam Da Silva ,"2026-09-11 01:57:42","2026-09-11 02:00:04",2.37,Wallace Christian Gomes Esteves   ,"2026-09-11 03:45:29","2026-09-11 03:45:32",Maxmiler Fernandes Silva,"2026-09-11 03:25:20",2026-09-10 20:11:00.000,2026-09-11 03:51:00.000
MATRIZ,2026-09-10,2026-09-10,PANIFICADORA GUERRA,"7181001","000-7181001",7,6,1,RFP8G80,RFP8G80D3,169,MISTO,"44",D3,"03",Denilton Batista Dos Santos,"2026-09-11 01:47:23","2026-09-11 02:56:07",68.73,Wallace Christian Gomes Esteves   ,"2026-09-11 03:44:58","2026-09-11 03:45:00",Maxmiler Fernandes Silva,"2026-09-11 03:26:33",2026-09-10 20:11:00.000,2026-09-11 03:51:00.000
MATRIZ,2026-09-10,2026-09-10,PANIFICADORA GUERRA,"7181001","000-7181001",7,6,1,RFP8G80,RFP8G80D1,50,COMPLETO,,D1,"03",,,,,Wallace Christian Gomes Esteves   ,"2026-09-11 03:44:36","2026-09-11 03:44:41",Maxmiler Fernandes Silva,"2026-09-11 02:09:52",2026-09-10 20:11:00.000,2026-09-11 03:51:00.000
MATRIZ,2026-09-10,2026-09-10,PANIFICADORA GUERRA,"7181001","000-7181001",7,6,1,RFP8G80,RFP8G80E3,104,MISTO,"39",E3,"03",Leonardo Caetano Rodrigues,"2026-09-11 01:59:00","2026-09-11 02:18:06",19.10,Wallace Christian Gomes Esteves   ,"2026-09-11 03:45:11","2026-09-11 03:45:14",Maxmiler Fernandes Silva,"2026-09-11 03:23:35",2026-09-10 20:11:00.000,2026-09-11 03:51:00.000
MATRIZ,2026-09-10,2026-09-10,RESTAURANTE 2 IRMAOS,"7191001","000-7191001",9,7,2,KZX0905,KZX0905E4,163,MISTO,"36",E4,"02",Felipe Rogerio Estevam Da Silva ,"2026-09-11 02:00:29","2026-09-11 02:38:39",38.17,Wallace Christian Gomes Esteves   ,"2026-09-11 03:22:08","2026-09-11 03:22:11",Maxmiler Fernandes Silva,"2026-09-11 03:20:57",2026-09-10 20:11:00.000,2026-09-11 03:51:00.000
MATRIZ,2026-09-10,2026-09-10,RESTAURANTE 2 IRMAOS,"7191001","000-7191001",9,7,2,KZX0905,KZX0905E2,154,MISTO,"42",E2,"02",Pedro Lucas Procópio dos Santos,"2026-09-11 02:00:32","2026-09-11 02:21:46",21.23,Wallace Christian Gomes Esteves   ,"2026-09-11 03:22:24","2026-09-11 03:22:27",Maxmiler Fernandes Silva,"2026-09-11 03:11:53",2026-09-10 20:11:00.000,2026-09-11 03:51:00.000
MATRIZ,2026-09-10,2026-09-10,RESTAURANTE 2 IRMAOS,"7191001","000-7191001",9,7,2,KZX0905,KZX0905E3,29,MISTO,"35",E3,"02",Marcos Vinicio Alves Pessoa,"2026-09-11 02:19:00","2026-09-11 02:39:50",20.83,Wallace Christian Gomes Esteves   ,"2026-09-11 03:22:18","2026-09-11 03:22:21",Maxmiler Fernandes Silva,"2026-09-11 03:02:52",2026-09-10 20:11:00.000,2026-09-11 03:51:00.000
MATRIZ,2026-09-10,2026-09-10,RESTAURANTE 2 IRMAOS,"7191001","000-7191001",9,7,2,KZX0905,KZX0905D1,50,COMPLETO,,D1,"02",,,,,Wallace Christian Gomes Esteves   ,"2026-09-11 03:21:10","2026-09-11 03:21:16",Maxmiler Fernandes Silva,"2026-09-11 03:00:21",2026-09-10 20:11:00.000,2026-09-11 03:51:00.000
MATRIZ,2026-09-10,2026-09-10,RESTAURANTE 2 IRMAOS,"7191001","000-7191001",9,7,2,KZX0905,KZX0905D2,42,MISTO,"38",D2,"02",Natan Silva Medeiros Júnior,"2026-09-11 02:14:57","2026-09-11 02:23:40",8.72,Wallace Christian Gomes Esteves   ,"2026-09-11 03:21:26","2026-09-11 03:21:31",Maxmiler Fernandes Silva,"2026-09-11 03:09:36",2026-09-10 20:11:00.000,2026-09-11 03:51:00.000
MATRIZ,2026-09-10,2026-09-10,RESTAURANTE 2 IRMAOS,"7191001","000-7191001",9,7,2,KZX0905,KZX0905E1,50,COMPLETO,,E1,"02",,,,,Wallace Christian Gomes Esteves   ,"2026-09-11 03:22:32","2026-09-11 03:22:36",Maxmiler Fernandes Silva,"2026-09-11 03:00:16",2026-09-10 20:11:00.000,2026-09-11 03:51:00.000
MATRIZ,2026-09-10,2026-09-10,RESTAURANTE 2 IRMAOS,"7191001","000-7191001",9,7,2,KZX0905,KZX0905D3,43,MISTO,"41",D3,"02",Gianmiller Moraes,"2026-09-11 02:15:33","2026-09-11 02:32:57",17.40,Wallace Christian Gomes Esteves   ,"2026-09-11 03:21:35","2026-09-11 03:21:37",Maxmiler Fernandes Silva,"2026-09-11 03:07:44",2026-09-10 20:11:00.000,2026-09-11 03:51:00.000
MATRIZ,2026-09-10,2026-09-10,RESTAURANTE 2 IRMAOS,"7191001","000-7191001",9,7,2,KZX0905,KZX0905D4,36,MISTO,"3",D4,"02",Leonardo Caetano Rodrigues,"2026-09-11 02:20:29","2026-09-11 02:28:58",8.48,Wallace Christian Gomes Esteves   ,"2026-09-11 03:21:55","2026-09-11 03:21:58",Maxmiler Fernandes Silva,"2026-09-11 03:08:37",2026-09-10 20:11:00.000,2026-09-11 03:51:00.000
MATRIZ,2026-09-10,2026-09-10,PADARIA SOARES,"7131001","000-7131001",7,7,0,JXS4C69,JXS4C69D2,112,MISTO,"18",D2,"01",Gianmiller Moraes,"2026-09-10 23:09:27","2026-09-10 23:42:31",33.07,Wallace Christian Gomes Esteves   ,"2026-09-11 03:24:11","2026-09-11 03:24:14",Maxmiler Fernandes Silva,"2026-09-11 02:29:16",2026-09-10 20:11:00.000,2026-09-11 03:51:00.000
MATRIZ,2026-09-10,2026-09-10,PADARIA SOARES,"7131001","000-7131001",7,7,0,JXS4C69,JXS4C69E3,38,MISTO,"46",E3,"01",Pedro Lucas Procópio dos Santos,"2026-09-11 01:10:07","2026-09-11 01:39:00",28.88,Wallace Christian Gomes Esteves   ,"2026-09-11 03:23:45","2026-09-11 03:23:48",Maxmiler Fernandes Silva,"2026-09-11 02:31:04",2026-09-10 20:11:00.000,2026-09-11 03:51:00.000
MATRIZ,2026-09-10,2026-09-10,PADARIA SOARES,"7131001","000-7131001",7,7,0,JXS4C69,JXS4C69E1,53,MISTO,"31",E1,"01",Leonardo Caetano Rodrigues,"2026-09-10 23:42:30","2026-09-10 23:58:31",16.02,Wallace Christian Gomes Esteves   ,"2026-09-11 03:23:11","2026-09-11 03:23:16",Maxmiler Fernandes Silva,"2026-09-11 02:25:57",2026-09-10 20:11:00.000,2026-09-11 03:51:00.000
MATRIZ,2026-09-10,2026-09-10,PADARIA SOARES,"7131001","000-7131001",7,7,0,JXS4C69,JXS4C69E2,101,MISTO,"19",E2,"01",Denilton Batista Dos Santos,"2026-09-10 23:27:02","2026-09-11 00:05:49",38.78,Wallace Christian Gomes Esteves   ,"2026-09-11 03:23:27","2026-09-11 03:23:30",Maxmiler Fernandes Silva,"2026-09-11 02:24:35",2026-09-10 20:11:00.000,2026-09-11 03:51:00.000
MATRIZ,2026-09-10,2026-09-10,PADARIA SOARES,"7131001","000-7131001",7,7,0,JXS4C69,JXS4C69D3,98,MISTO,"20",D3,"01",Felipe Rogerio Estevam Da Silva ,"2026-09-10 23:30:34","2026-09-11 00:03:14",32.67,Wallace Christian Gomes Esteves   ,"2026-09-11 03:24:02","2026-09-11 03:24:04",Maxmiler Fernandes Silva,"2026-09-11 02:32:45",2026-09-10 20:11:00.000,2026-09-11 03:51:00.000
MATRIZ,2026-09-10,2026-09-10,PADARIA SOARES,"7131001","000-7131001",7,7,0,JXS4C69,JXS4C69D1,36,MISTO,"43",D1,"01",Pedro Lucas Procópio dos Santos,"2026-09-11 01:49:23","2026-09-11 01:55:11",5.80,Wallace Christian Gomes Esteves   ,"2026-09-11 03:24:21","2026-09-11 03:24:24",Maxmiler Fernandes Silva,"2026-09-11 03:12:48",2026-09-10 20:11:00.000,2026-09-11 03:51:00.000
MATRIZ,2026-09-10,2026-09-10,FRANGOLITO GV,"7121001","000-7121001",7,7,0,DJB5C58,DJB5C58E1,340,MISTO,"51",E1,"02",Geraldo Teixeira Baia Junior,"2026-09-10 22:48:02","2026-09-10 23:39:08",51.10,Wallace Christian Gomes Esteves   ,"2026-09-11 02:46:35","2026-09-11 02:46:38",Maxmiler Fernandes Silva,"2026-09-11 02:11:46",2026-09-10 20:11:00.000,2026-09-11 03:51:00.000
MATRIZ,2026-09-10,2026-09-10,FRANGOLITO GV,"7121001","000-7121001",7,7,0,DJB5C58,DJB5C58E3,204,MISTO,"13",E3,"02",Wallace Christian Gomes Esteves   ,"2026-09-10 22:53:42","2026-09-10 23:31:12",37.50,Wallace Christian Gomes Esteves   ,"2026-09-11 02:47:29","2026-09-11 02:47:36",Maxmiler Fernandes Silva,"2026-09-11 02:15:34",2026-09-10 20:11:00.000,2026-09-11 03:51:00.000
MATRIZ,2026-09-10,2026-09-10,FRANGOLITO GV,"7121001","000-7121001",7,7,0,DJB5C58,DJB5C58D1,83,MISTO,"17",D1,"02",Pedro Lucas Procópio dos Santos,"2026-09-10 23:03:57","2026-09-11 00:04:50",60.88,Wallace Christian Gomes Esteves   ,"2026-09-11 02:46:56","2026-09-11 02:47:00",Maxmiler Fernandes Silva,"2026-09-11 02:22:06",2026-09-10 20:11:00.000,2026-09-11 03:51:00.000
MATRIZ,2026-09-10,2026-09-10,FRANGOLITO GV,"7121001","000-7121001",7,7,0,DJB5C58,DJB5C58D2,94,MISTO,"16",D2,"02",Natan Silva Medeiros Júnior,"2026-09-10 23:03:23","2026-09-10 23:28:54",25.52,Wallace Christian Gomes Esteves   ,"2026-09-11 02:47:08","2026-09-11 02:47:13",Maxmiler Fernandes Silva,"2026-09-11 02:16:46",2026-09-10 20:11:00.000,2026-09-11 03:51:00.000
MATRIZ,2026-09-10,2026-09-10,FRANGOLITO GV,"7121001","000-7121001",7,7,0,DJB5C58,DJB5C58E2,154,MISTO,"15",E2,"02",Marcos Vinicio Alves Pessoa,"2026-09-10 22:59:58","2026-09-10 23:40:54",40.93,Wallace Christian Gomes Esteves   ,"2026-09-11 02:47:46","2026-09-11 02:47:49",Maxmiler Fernandes Silva,"2026-09-11 02:20:44",2026-09-10 20:11:00.000,2026-09-11 03:51:00.000
MATRIZ,2026-09-10,2026-09-10,FRANGOLITO GV,"7121001","000-7121001",7,7,0,DJB5C58,DJB5C58D3,293,MISTO,"52",D3,"02",Leonardo Caetano Rodrigues,"2026-09-10 22:54:19","2026-09-10 23:32:46",38.45,Wallace Christian Gomes Esteves   ,"2026-09-11 02:47:18","2026-09-11 02:47:20",Maxmiler Fernandes Silva,"2026-09-11 02:13:59",2026-09-10 20:11:00.000,2026-09-11 03:51:00.000
MATRIZ,2026-09-10,2026-09-10,ACAI E CIA,"7141001","000-7141001",7,7,0,HAI2518,HAI2518D1,40,MISTO,"49",D1,"05",Marcos Vinicio Alves Pessoa,"2026-09-11 00:58:51","2026-09-11 01:02:25",3.57,Wallace Christian Gomes Esteves   ,"2026-09-11 03:25:58","2026-09-11 03:26:01",Maxmiler Fernandes Silva,"2026-09-11 02:43:08",2026-09-10 20:11:00.000,2026-09-11 03:51:00.000
MATRIZ,2026-09-10,2026-09-10,ACAI E CIA,"7141001","000-7141001",7,7,0,HAI2518,HAI2518E2,216,MISTO,"34",E2,"05",Natan Silva Medeiros Júnior,"2026-09-10 23:38:05","2026-09-11 01:51:08",133.05,Wallace Christian Gomes Esteves   ,"2026-09-11 03:25:15","2026-09-11 03:25:19",Maxmiler Fernandes Silva,"2026-09-11 03:14:06",2026-09-10 20:11:00.000,2026-09-11 03:51:00.000
MATRIZ,2026-09-10,2026-09-10,ACAI E CIA,"7141001","000-7141001",7,7,0,HAI2518,HAI2518E1,63,MISTO,"29",E1,"05",Gianmiller Moraes,"2026-09-10 23:52:30","2026-09-11 01:10:10",77.67,Wallace Christian Gomes Esteves   ,"2026-09-11 03:25:23","2026-09-11 03:25:26",Maxmiler Fernandes Silva,"2026-09-11 02:41:51",2026-09-10 20:11:00.000,2026-09-11 03:51:00.000
MATRIZ,2026-09-10,2026-09-10,ACAI E CIA,"7141001","000-7141001",7,7,0,HAI2518,HAI2518D2,200,MISTO,"37",D2,"05",Marcos Vinicio Alves Pessoa,"2026-09-10 23:44:51","2026-09-11 00:52:58",68.12,Wallace Christian Gomes Esteves   ,"2026-09-11 03:26:06","2026-09-11 03:26:10",Maxmiler Fernandes Silva,"2026-09-11 02:45:01",2026-09-10 20:11:00.000,2026-09-11 03:51:00.000
MATRIZ,2026-09-10,2026-09-10,ACAI E CIA,"7141001","000-7141001",7,7,0,HAI2518,HAI2518E3,59,MISTO,"14",E3,"05",Leonardo Caetano Rodrigues,"2026-09-11 01:10:05","2026-09-11 01:28:17",18.20,Wallace Christian Gomes Esteves   ,"2026-09-11 03:25:40","2026-09-11 03:25:43",Maxmiler Fernandes Silva,"2026-09-11 02:40:25",2026-09-10 20:11:00.000,2026-09-11 03:51:00.000
MATRIZ,2026-09-10,2026-09-10,ACAI E CIA,"7141001","000-7141001",7,7,0,HAI2518,HAI2518D3,88,MISTO,"33",D3,"05",Geraldo Teixeira Baia Junior,"2026-09-10 23:41:23","2026-09-11 00:04:42",23.32,Wallace Christian Gomes Esteves   ,"2026-09-11 03:26:17","2026-09-11 03:26:20",Maxmiler Fernandes Silva,"2026-09-11 02:46:25",2026-09-10 20:11:00.000,2026-09-11 03:51:00.000
MATRIZ,2026-09-10,2026-09-10,BAR DO LICO,"7381001","000-7381001",7,7,0,KKJ5250,KKJ5250E2,148,MISTO,"30",E2,"01",Pedro Lucas Procópio dos Santos,"2026-09-11 02:25:17","2026-09-11 02:55:34",30.28,Wallace Christian Gomes Esteves   ,"2026-09-11 03:46:38","2026-09-11 03:46:41",Maxmiler Fernandes Silva,"2026-09-11 03:46:08",2026-09-10 20:11:00.000,2026-09-11 03:51:00.000
MATRIZ,2026-09-10,2026-09-10,BAR DO LICO,"7381001","000-7381001",7,7,0,KKJ5250,KKJ5250E1,108,MISTO,"21",E1,"01",Leonardo Caetano Rodrigues,"2026-09-11 02:30:52","2026-09-11 02:50:34",19.70,Wallace Christian Gomes Esteves   ,"2026-09-11 03:46:45","2026-09-11 03:46:48",Nordires Vieira Dos Santos,"2026-09-11 03:44:58",2026-09-10 20:11:00.000,2026-09-11 03:51:00.000
MATRIZ,2026-09-10,2026-09-10,BAR DO LICO,"7381001","000-7381001",7,7,0,KKJ5250,KKJ5250D1,40,MISTO,"28",D1,"01",Pedro Lucas Procópio dos Santos,"2026-09-11 02:56:02","2026-09-11 02:56:21",0.32,Wallace Christian Gomes Esteves   ,"2026-09-11 03:47:12","2026-09-11 03:47:14",Maxmiler Fernandes Silva,"2026-09-11 03:43:51",2026-09-10 20:11:00.000,2026-09-11 03:51:00.000
MATRIZ,2026-09-10,2026-09-10,BAR DO LICO,"7381001","000-7381001",7,7,0,KKJ5250,KKJ5250E3,112,MISTO,"32",E3,"01",Natan Silva Medeiros Júnior,"2026-09-11 02:26:58","2026-09-11 03:00:42",33.73,Wallace Christian Gomes Esteves   ,"2026-09-11 03:46:27","2026-09-11 03:46:29",Maxmiler Fernandes Silva,"2026-09-11 03:38:38",2026-09-10 20:11:00.000,2026-09-11 03:51:00.000
MATRIZ,2026-09-10,2026-09-10,BAR DO LICO,"7381001","000-7381001",7,7,0,KKJ5250,KKJ5250D2,49,MISTO,"22",D2,"01",Gianmiller Moraes,"2026-09-11 02:38:46","2026-09-11 03:10:53",32.12,Wallace Christian Gomes Esteves   ,"2026-09-11 03:47:19","2026-09-11 03:47:23",Maxmiler Fernandes Silva,"2026-09-11 03:42:14",2026-09-10 20:11:00.000,2026-09-11 03:51:00.000
MATRIZ,2026-09-10,2026-09-10,BAR DO LICO,"7381001","000-7381001",7,7,0,KKJ5250,KKJ5250D3,41,MISTO,"23",D3,"01",Felipe Rogerio Estevam Da Silva ,"2026-09-11 02:39:34","2026-09-11 02:57:52",18.30,Wallace Christian Gomes Esteves   ,"2026-09-11 03:47:30","2026-09-11 03:47:33",Maxmiler Fernandes Silva,"2026-09-11 03:40:26",2026-09-10 20:11:00.000,2026-09-11 03:51:00.000
MATRIZ,2026-09-10,2026-09-10,FARMACIA INDIANA,"7151001","000-7151001",7,7,0,MQU8E71,MQU8E71D2,58,MISTO,"4",D2,"04",Felipe Rogerio Estevam Da Silva ,"2026-09-11 01:40:37","2026-09-11 01:57:16",16.65,Wallace Christian Gomes Esteves   ,"2026-09-11 03:33:51","2026-09-11 03:33:56",Maxmiler Fernandes Silva,"2026-09-11 03:28:34",2026-09-10 20:11:00.000,2026-09-11 03:51:00.000
MATRIZ,2026-09-10,2026-09-10,FARMACIA INDIANA,"7151001","000-7151001",7,7,0,MQU8E71,MQU8E71D1,177,MISTO,"50",D1,"04",Denilton Batista Dos Santos,"2026-09-11 01:10:31","2026-09-11 01:45:39",35.13,Wallace Christian Gomes Esteves   ,"2026-09-11 03:33:29","2026-09-11 03:33:35",Maxmiler Fernandes Silva,"2026-09-11 03:30:40",2026-09-10 20:11:00.000,2026-09-11 03:51:00.000
MATRIZ,2026-09-10,2026-09-10,FARMACIA INDIANA,"7151001","000-7151001",7,7,0,MQU8E71,MQU8E71E3,195,MISTO,"47",E3,"04",Felipe Rogerio Estevam Da Silva ,"2026-09-11 01:09:50","2026-09-11 01:39:49",29.98,Wallace Christian Gomes Esteves   ,"2026-09-11 03:34:40","2026-09-11 03:34:43",Maxmiler Fernandes Silva,"2026-09-11 03:29:25",2026-09-10 20:11:00.000,2026-09-11 03:51:00.000
MATRIZ,2026-09-10,2026-09-10,FARMACIA INDIANA,"7151001","000-7151001",7,7,0,MQU8E71,MQU8E71D3,204,MISTO,"5",D3,"04",Marcos Vinicio Alves Pessoa,"2026-09-11 01:07:16","2026-09-11 01:49:36",42.33,Wallace Christian Gomes Esteves   ,"2026-09-11 03:34:01","2026-09-11 03:34:04",Maxmiler Fernandes Silva,"2026-09-11 03:33:32",2026-09-10 20:11:00.000,2026-09-11 03:51:00.000
MATRIZ,2026-09-10,2026-09-10,FARMACIA INDIANA,"7151001","000-7151001",7,7,0,MQU8E71,MQU8E71E1,124,MISTO,"40",E1,"04",Leonardo Caetano Rodrigues,"2026-09-11 01:30:34","2026-09-11 01:47:41",17.12,Wallace Christian Gomes Esteves   ,"2026-09-11 03:34:23","2026-09-11 03:34:26",Maxmiler Fernandes Silva,"2026-09-11 03:32:10",2026-09-10 20:11:00.000,2026-09-11 03:51:00.000
MATRIZ,2026-09-10,2026-09-10,FARMACIA INDIANA,"7151001","000-7151001",7,7,0,MQU8E71,MQU8E71E2,139,MISTO,"48",E2,"04",Gianmiller Moraes,"2026-09-11 01:22:16","2026-09-11 02:11:38",49.37,Wallace Christian Gomes Esteves   ,"2026-09-11 03:34:31","2026-09-11 03:34:34",Maxmiler Fernandes Silva,"2026-09-11 02:36:35",2026-09-10 20:11:00.000,2026-09-11 03:51:00.000
MATRIZ,2026-09-10,2026-09-10,PASTELANDIA,"7291001","000-7291001",13,10,3,OWV5H27,OWV5H27E5,19,MISTO,"45",E5,"04",Felipe Rogerio Estevam Da Silva ,"2026-09-10 22:32:22","2026-09-10 22:36:55",4.55,Wallace Christian Gomes Esteves   ,"2026-09-10 23:45:12","2026-09-10 23:45:14",Maxmiler Fernandes Silva,"2026-09-10 23:36:40",2026-09-10 20:11:00.000,2026-09-11 03:51:00.000
MATRIZ,2026-09-10,2026-09-10,PASTELANDIA,"7291001","000-7291001",13,10,3,OWV5H27,OWV5H27D4,114,MISTO,"41",D4,"04",Natan Silva Medeiros Júnior,"2026-09-10 22:22:53","2026-09-10 22:57:23",34.50,Wallace Christian Gomes Esteves   ,"2026-09-10 23:45:46","2026-09-10 23:45:49",Maxmiler Fernandes Silva,"2026-09-10 23:38:33",2026-09-10 20:11:00.000,2026-09-11 03:51:00.000
MATRIZ,2026-09-10,2026-09-10,PASTELANDIA,"7291001","000-7291001",13,10,3,OWV5H27,OWV5H27D6,23,MISTO,"44",D6,"04",Leonardo Caetano Rodrigues,"2026-09-10 22:33:14","2026-09-10 22:39:50",6.60,Wallace Christian Gomes Esteves   ,"2026-09-10 23:45:32","2026-09-10 23:45:34",Maxmiler Fernandes Silva,"2026-09-10 23:31:04",2026-09-10 20:11:00.000,2026-09-11 03:51:00.000
MATRIZ,2026-09-10,2026-09-10,PASTELANDIA,"7291001","000-7291001",13,10,3,OWV5H27,OWV5H27D5,127,MISTO,"40",D5,"04",Denilton Batista Dos Santos,"2026-09-10 22:08:28","2026-09-10 22:32:47",24.32,Wallace Christian Gomes Esteves   ,"2026-09-10 23:45:39","2026-09-10 23:45:41",Maxmiler Fernandes Silva,"2026-09-10 23:28:37",2026-09-10 20:11:00.000,2026-09-11 03:51:00.000
MATRIZ,2026-09-10,2026-09-10,PASTELANDIA,"7291001","000-7291001",13,10,3,OWV5H27,OWV5H27D2,120,COMPLETO,,D2,"04",,,,,Wallace Christian Gomes Esteves   ,"2026-09-10 23:45:56","2026-09-10 23:46:05",Maxmiler Fernandes Silva,"2026-09-10 23:37:01",2026-09-10 20:11:00.000,2026-09-11 03:51:00.000
MATRIZ,2026-09-10,2026-09-10,PASTELANDIA,"7291001","000-7291001",13,10,3,OWV5H27,OWV5H27E1,75,COMPLETO,,E1,"04",,,,,Wallace Christian Gomes Esteves   ,"2026-09-10 23:46:11","2026-09-10 23:46:22",Maxmiler Fernandes Silva,"2026-09-10 23:36:51",2026-09-10 20:11:00.000,2026-09-11 03:51:00.000
MATRIZ,2026-09-10,2026-09-10,PASTELANDIA,"7291001","000-7291001",13,10,3,OWV5H27,OWV5H27D1,75,COMPLETO,,D1,"04",,,,,Wallace Christian Gomes Esteves   ,"2026-09-10 23:46:26","2026-09-10 23:46:29",Maxmiler Fernandes Silva,"2026-09-10 23:36:46",2026-09-10 20:11:00.000,2026-09-11 03:51:00.000
MATRIZ,2026-09-10,2026-09-10,PASTELANDIA,"7291001","000-7291001",13,10,3,OWV5H27,OWV5H27D3,235,MISTO,"38",D3,"04",Wallace Christian Gomes Esteves   ,"2026-09-10 22:05:21","2026-09-10 22:51:01",45.67,Wallace Christian Gomes Esteves   ,"2026-09-10 23:44:40","2026-09-10 23:44:49",Maxmiler Fernandes Silva,"2026-09-10 23:33:13",2026-09-10 20:11:00.000,2026-09-11 03:51:00.000
MATRIZ,2026-09-10,2026-09-10,PASTELANDIA,"7291001","000-7291001",13,10,3,OWV5H27,OWV5H27E3,291,MISTO,"36",E3,"04",Felipe Rogerio Estevam Da Silva ,"2026-09-10 21:57:30","2026-09-10 22:31:38",34.13,Wallace Christian Gomes Esteves   ,"2026-09-10 23:42:58","2026-09-10 23:44:37",Maxmiler Fernandes Silva,"2026-09-10 23:35:47",2026-09-10 20:11:00.000,2026-09-11 03:51:00.000
MATRIZ,2026-09-10,2026-09-10,PASTELANDIA,"7291001","000-7291001",13,10,3,OWV5H27,OWV5H27E6,62,MISTO,"43",E6,"04",Marcos Vinicio Alves Pessoa,"2026-09-10 22:24:31","2026-09-10 22:56:35",32.07,Wallace Christian Gomes Esteves   ,"2026-09-10 23:45:21","2026-09-10 23:45:24",Maxmiler Fernandes Silva,"2026-09-10 23:34:56",2026-09-10 20:11:00.000,2026-09-11 03:51:00.000
MATRIZ,2026-09-10,2026-09-10,PASTELANDIA,"7291001","000-7291001",13,10,3,OWV5H27,OWV5H27E2,74,MISTO,"42",E2,"04",Pedro Lucas Procópio dos Santos,"2026-09-10 22:23:27","2026-09-10 22:37:59",14.53,Wallace Christian Gomes Esteves   ,"2026-09-10 23:44:55","2026-09-10 23:44:59",Maxmiler Fernandes Silva,"2026-09-10 23:34:07",2026-09-10 20:11:00.000,2026-09-11 03:51:00.000
MATRIZ,2026-09-10,2026-09-10,PASTELANDIA,"7291001","000-7291001",13,10,3,OWV5H27,OWV5H27E4,152,MISTO,"39",E4,"04",Leonardo Caetano Rodrigues,"2026-09-10 22:07:45","2026-09-10 22:31:11",23.43,Wallace Christian Gomes Esteves   ,"2026-09-10 23:45:02","2026-09-10 23:45:04",Maxmiler Fernandes Silva,"2026-09-10 23:31:55",2026-09-10 20:11:00.000,2026-09-11 03:51:00.000
MATRIZ,2026-09-10,2026-09-10,SUP JUJU,"7241001","000-7241001",11,9,2,TCB7I34,TCB7I34D5,160,MISTO,"29",D5,"05",Felipe Rogerio Estevam Da Silva ,"2026-09-10 21:28:01","2026-09-10 21:47:21",19.33,Wallace Christian Gomes Esteves   ,"2026-09-10 23:33:07","2026-09-10 23:33:12",Maxmiler Fernandes Silva,"2026-09-10 23:19:24",2026-09-10 20:11:00.000,2026-09-11 03:51:00.000
MATRIZ,2026-09-10,2026-09-10,SUP JUJU,"7241001","000-7241001",11,9,2,TCB7I34,TCB7I34E3,93,MISTO,"31",E3,"05",Pedro Lucas Procópio dos Santos,"2026-09-10 21:45:44","2026-09-10 22:15:55",30.18,Wallace Christian Gomes Esteves   ,"2026-09-10 23:33:41","2026-09-10 23:33:45",Maxmiler Fernandes Silva,"2026-09-10 23:20:52",2026-09-10 20:11:00.000,2026-09-11 03:51:00.000
MATRIZ,2026-09-10,2026-09-10,SUP JUJU,"7241001","000-7241001",11,9,2,TCB7I34,TCB7I34E5,30,MISTO,"33",E5,"05",Wallace Christian Gomes Esteves   ,"2026-09-10 21:46:16","2026-09-10 22:02:36",16.33,Wallace Christian Gomes Esteves   ,"2026-09-10 23:33:22","2026-09-10 23:33:24",Maxmiler Fernandes Silva,"2026-09-10 23:16:12",2026-09-10 20:11:00.000,2026-09-11 03:51:00.000
MATRIZ,2026-09-10,2026-09-10,SUP JUJU,"7241001","000-7241001",11,9,2,TCB7I34,TCB7I34E4,28,MISTO,"34",E4,"05",Felipe Rogerio Estevam Da Silva ,"2026-09-10 21:48:43","2026-09-10 21:57:02",8.32,Wallace Christian Gomes Esteves   ,"2026-09-10 23:33:32","2026-09-10 23:33:35",Maxmiler Fernandes Silva,"2026-09-10 23:17:27",2026-09-10 20:11:00.000,2026-09-11 03:51:00.000
MATRIZ,2026-09-10,2026-09-10,SUP JUJU,"7241001","000-7241001",11,9,2,TCB7I34,TCB7I34D1,75,COMPLETO,,D1,"05",,,,,Wallace Christian Gomes Esteves   ,"2026-09-10 23:34:11","2026-09-10 23:34:14",Maxmiler Fernandes Silva,"2026-09-10 23:14:24",2026-09-10 20:11:00.000,2026-09-11 03:51:00.000
MATRIZ,2026-09-10,2026-09-10,SUP JUJU,"7241001","000-7241001",11,9,2,TCB7I34,TCB7I34E2,119,MISTO,"30",E2,"05",Marcos Vinicio Alves Pessoa,"2026-09-10 21:43:03","2026-09-10 22:21:35",38.53,Wallace Christian Gomes Esteves   ,"2026-09-10 23:30:48","2026-09-10 23:30:56",Maxmiler Fernandes Silva,"2026-09-10 23:20:06",2026-09-10 20:11:00.000,2026-09-11 03:51:00.000
MATRIZ,2026-09-10,2026-09-10,SUP JUJU,"7241001","000-7241001",11,9,2,TCB7I34,TCB7I34E1,75,COMPLETO,,E1,"05",,,,,Wallace Christian Gomes Esteves   ,"2026-09-10 23:30:32","2026-09-10 23:30:42",Maxmiler Fernandes Silva,"2026-09-10 23:14:19",2026-09-10 20:11:00.000,2026-09-11 03:51:00.000
MATRIZ,2026-09-10,2026-09-10,SUP JUJU,"7241001","000-7241001",11,9,2,TCB7I34,TCB7I34D4,170,MISTO,"37",D4,"05",Gianmiller Moraes,"2026-09-10 22:04:08","2026-09-10 22:37:33",33.42,Wallace Christian Gomes Esteves   ,"2026-09-10 23:32:49","2026-09-10 23:32:52",Maxmiler Fernandes Silva,"2026-09-10 23:23:06",2026-09-10 20:11:00.000,2026-09-11 03:51:00.000
MATRIZ,2026-09-10,2026-09-10,SUP JUJU,"7241001","000-7241001",11,9,2,TCB7I34,TCB7I34D2,52,MISTO,"32",D2,"05",Leonardo Caetano Rodrigues,"2026-09-10 21:46:09","2026-09-10 22:06:48",20.65,Wallace Christian Gomes Esteves   ,"2026-09-10 23:32:27","2026-09-10 23:32:33",Maxmiler Fernandes Silva,"2026-09-10 23:18:22",2026-09-10 20:11:00.000,2026-09-11 03:51:00.000
MATRIZ,2026-09-10,2026-09-10,SUP JUJU,"7241001","000-7241001",11,9,2,TCB7I34,TCB7I34D3,26,MISTO,"35",D3,"05",Denilton Batista Dos Santos,"2026-09-10 21:54:46","2026-09-10 22:06:04",11.30,Wallace Christian Gomes Esteves   ,"2026-09-10 23:32:40","2026-09-10 23:32:44",Maxmiler Fernandes Silva,"2026-09-10 23:21:57",2026-09-10 20:11:00.000,2026-09-11 03:51:00.000
MATRIZ,2026-09-10,2026-09-10,SUPERMERCADO BOA PRA,"7411001","000-7411001",7,7,0,OWQ4406,OWQ4406D1,54,MISTO,"49",D1,"03",Leonardo Caetano Rodrigues,"2026-09-10 22:41:46","2026-09-10 22:50:57",9.18,Wallace Christian Gomes Esteves   ,"2026-09-11 00:00:51","2026-09-11 00:00:55",Maxmiler Fernandes Silva,"2026-09-10 23:46:47",2026-09-10 20:11:00.000,2026-09-11 03:51:00.000
MATRIZ,2026-09-10,2026-09-10,SUPERMERCADO BOA PRA,"7411001","000-7411001",7,7,0,OWQ4406,OWQ4406D3,31,MISTO,"47",D3,"03",Gianmiller Moraes,"2026-09-10 22:42:14","2026-09-10 23:02:09",19.92,Wallace Christian Gomes Esteves   ,"2026-09-11 00:01:09","2026-09-11 00:01:11",Maxmiler Fernandes Silva,"2026-09-10 23:43:46",2026-09-10 20:11:00.000,2026-09-11 03:51:00.000
MATRIZ,2026-09-10,2026-09-10,SUPERMERCADO BOA PRA,"7411001","000-7411001",7,7,0,OWQ4406,OWQ4406D2,20,MISTO,"50",D2,"03",Pedro Lucas Procópio dos Santos,"2026-09-10 22:45:39","2026-09-10 22:52:32",6.88,Wallace Christian Gomes Esteves   ,"2026-09-11 00:01:01","2026-09-11 00:01:05",Maxmiler Fernandes Silva,"2026-09-10 23:45:43",2026-09-10 20:11:00.000,2026-09-11 03:51:00.000
MATRIZ,2026-09-10,2026-09-10,SUPERMERCADO BOA PRA,"7411001","000-7411001",7,7,0,OWQ4406,OWQ4406E2,149,MISTO,"46",E2,"03",Felipe Rogerio Estevam Da Silva ,"2026-09-10 22:37:48","2026-09-10 23:29:36",51.80,Wallace Christian Gomes Esteves   ,"2026-09-11 00:01:32","2026-09-11 00:01:35",Maxmiler Fernandes Silva,"2026-09-11 00:00:28",2026-09-10 20:11:00.000,2026-09-11 03:51:00.000
MATRIZ,2026-09-10,2026-09-10,SUPERMERCADO BOA PRA,"7411001","000-7411001",7,7,0,OWQ4406,OWQ4406E3,14,MISTO,"14",E3,"03",Pedro Lucas Procópio dos Santos,"2026-09-10 22:55:08","2026-09-10 22:59:03",3.92,Wallace Christian Gomes Esteves   ,"2026-09-11 00:01:22","2026-09-11 00:01:25",Maxmiler Fernandes Silva,"2026-09-10 23:44:54",2026-09-10 20:11:00.000,2026-09-11 03:51:00.000
MATRIZ,2026-09-10,2026-09-10,SUPERMERCADO BOA PRA,"7411001","000-7411001",7,7,0,OWQ4406,OWQ4406E1,146,MISTO,"48",E1,"03",Denilton Batista Dos Santos,"2026-09-10 22:40:01","2026-09-10 23:24:30",44.48,Wallace Christian Gomes Esteves   ,"2026-09-11 00:01:41","2026-09-11 00:01:43",Maxmiler Fernandes Silva,"2026-09-10 23:41:52",2026-09-10 20:11:00.000,2026-09-11 03:51:00.000
MATRIZ,2026-09-11,2026-09-11,ALTAIR TAVARES GARCIA,"7191101","000-7191101",9,7,2,KZX0905,KZX0905D4,19,MISTO,"9",D4,"2",Pedro Lucas Procópio dos Santos,"2026-09-12 01:03:00","2026-09-12 01:19:42",16.70,Wallace Christian Gomes Esteves   ,"2026-09-12 03:57:29","2026-09-12 03:57:32",Maxmiler Fernandes Silva,"2026-09-12 03:50:53",2026-09-11 18:36:00.000,2026-09-12 04:20:00.000
MATRIZ,2026-09-11,2026-09-11,ALTAIR TAVARES GARCIA,"7191101","000-7191101",9,7,2,KZX0905,KZX0905D2,72,MISTO,"114",D2,"2",Wanderson Felipe De Almeida Santos,"2026-09-12 00:52:27","2026-09-12 01:23:15",30.80,Wallace Christian Gomes Esteves   ,"2026-09-12 03:57:17","2026-09-12 03:57:22",Maxmiler Fernandes Silva,"2026-09-12 03:52:06",2026-09-11 18:36:00.000,2026-09-12 04:20:00.000
MATRIZ,2026-09-11,2026-09-11,ALTAIR TAVARES GARCIA,"7191101","000-7191101",9,7,2,KZX0905,KZX0905D1,50,COMPLETO,,D1,"2",,,,,Wallace Christian Gomes Esteves   ,"2026-09-12 03:57:39","2026-09-12 03:57:43",Maxmiler Fernandes Silva,"2026-09-12 03:50:15",2026-09-11 18:36:00.000,2026-09-12 04:20:00.000
MATRIZ,2026-09-11,2026-09-11,ALTAIR TAVARES GARCIA,"7191101","000-7191101",9,7,2,KZX0905,KZX0905E4,215,MISTO,"21",E4,"2",Leonardo Caetano Rodrigues,"2026-09-12 00:24:57","2026-09-12 00:58:56",33.98,Wallace Christian Gomes Esteves   ,"2026-09-12 03:56:17","2026-09-12 03:56:21",Maxmiler Fernandes Silva,"2026-09-12 03:53:46",2026-09-11 18:36:00.000,2026-09-12 04:20:00.000
MATRIZ,2026-09-11,2026-09-11,ALTAIR TAVARES GARCIA,"7191101","000-7191101",9,7,2,KZX0905,KZX0905E3,48,MISTO,"8",E3,"2",Leonardo Caetano Rodrigues,"2026-09-12 01:01:49","2026-09-12 01:26:59",25.17,Wallace Christian Gomes Esteves   ,"2026-09-12 03:57:09","2026-09-12 03:57:11",Maxmiler Fernandes Silva,"2026-09-12 03:54:58",2026-09-11 18:36:00.000,2026-09-12 04:20:00.000
MATRIZ,2026-09-11,2026-09-11,ALTAIR TAVARES GARCIA,"7191101","000-7191101",9,7,2,KZX0905,KZX0905E2,40,MISTO,"10",E2,"2",Pedro Lucas Procópio dos Santos,"2026-09-12 01:01:54","2026-09-12 01:02:36",0.70,Wallace Christian Gomes Esteves   ,"2026-09-12 03:56:33","2026-09-12 03:56:35",Maxmiler Fernandes Silva,"2026-09-12 03:55:55",2026-09-11 18:36:00.000,2026-09-12 04:20:00.000
MATRIZ,2026-09-11,2026-09-11,ALTAIR TAVARES GARCIA,"7191101","000-7191101",9,7,2,KZX0905,KZX0905E1,50,COMPLETO,,E1,"2",,,,,Wallace Christian Gomes Esteves   ,"2026-09-12 03:56:42","2026-09-12 03:56:45",Maxmiler Fernandes Silva,"2026-09-12 03:50:11",2026-09-11 18:36:00.000,2026-09-12 04:20:00.000
MATRIZ,2026-09-11,2026-09-11,ALTAIR TAVARES GARCIA,"7191101","000-7191101",9,7,2,KZX0905,KZX0905D3,144,MISTO,"113",D3,"2",Marcos Vinicio Alves Pessoa,"2026-09-12 00:49:55","2026-09-12 01:43:19",53.40,Wallace Christian Gomes Esteves   ,"2026-09-12 03:56:51","2026-09-12 03:56:54",Maxmiler Fernandes Silva,"2026-09-12 03:53:13",2026-09-11 18:36:00.000,2026-09-12 04:20:00.000
MATRIZ,2026-09-11,2026-09-11,HORTIFRUT CALCADAO,"7181101","000-7181101",7,6,1,RFP8G80,RFP8G80D1,50,COMPLETO,,D1,"3",,,,,João Victor Silva Leal,"2026-09-12 03:10:16","2026-09-12 03:10:30",Maxmiler Fernandes Silva,"2026-09-12 02:56:57",2026-09-11 18:36:00.000,2026-09-12 04:20:00.000
MATRIZ,2026-09-11,2026-09-11,HORTIFRUT CALCADAO,"7181101","000-7181101",7,6,1,RFP8G80,RFP8G80E1,45,MISTO,"110",E1,"3",Pedro Lucas Procópio dos Santos,"2026-09-12 00:20:08","2026-09-12 01:01:34",41.43,João Victor Silva Leal,"2026-09-12 03:10:41","2026-09-12 03:10:57",Maxmiler Fernandes Silva,"2026-09-12 03:05:45",2026-09-11 18:36:00.000,2026-09-12 04:20:00.000
MATRIZ,2026-09-11,2026-09-11,HORTIFRUT CALCADAO,"7181101","000-7181101",7,6,1,RFP8G80,RFP8G80D3,38,MISTO,"109",D3,"3",Marcos Vinicio Alves Pessoa,"2026-09-12 00:18:40","2026-09-12 00:48:19",29.65,João Victor Silva Leal,"2026-09-12 03:11:10","2026-09-12 03:11:42",Maxmiler Fernandes Silva,"2026-09-12 03:00:56",2026-09-11 18:36:00.000,2026-09-12 04:20:00.000
MATRIZ,2026-09-11,2026-09-11,HORTIFRUT CALCADAO,"7181101","000-7181101",7,6,1,RFP8G80,RFP8G80E3,128,MISTO,"106",E3,"3",Felipe Rogerio Estevam Da Silva ,"2026-09-12 00:16:05","2026-09-12 01:12:10",56.08,João Victor Silva Leal,"2026-09-12 03:09:22","2026-09-12 03:10:07",Maxmiler Fernandes Silva,"2026-09-12 03:03:27",2026-09-11 18:36:00.000,2026-09-12 04:20:00.000
MATRIZ,2026-09-11,2026-09-11,HORTIFRUT CALCADAO,"7181101","000-7181101",7,6,1,RFP8G80,RFP8G80D2,72,MISTO,"111",D2,"3",Wanderson Felipe De Almeida Santos,"2026-09-12 00:26:01","2026-09-12 00:52:05",26.07,João Victor Silva Leal,"2026-09-12 03:11:52","2026-09-12 03:12:37",Maxmiler Fernandes Silva,"2026-09-12 02:58:55",2026-09-11 18:36:00.000,2026-09-12 04:20:00.000
MATRIZ,2026-09-11,2026-09-11,HORTIFRUT CALCADAO,"7181101","000-7181101",7,6,1,RFP8G80,RFP8G80E2,129,MISTO,"112",E2,"3",Denilton Batista Dos Santos,"2026-09-12 00:47:57","2026-09-12 01:41:27",53.50,João Victor Silva Leal,"2026-09-12 03:12:42","2026-09-12 03:13:15",Maxmiler Fernandes Silva,"2026-09-12 03:02:19",2026-09-11 18:36:00.000,2026-09-12 04:20:00.000
MATRIZ,2026-09-11,2026-09-11,THALLES BAR,"7231101","000-7231101",11,10,1,TCB7H85,TCB7H85E5,27,MISTO,"33",E5,"3",Leonardo Caetano Rodrigues,"2026-09-11 21:19:07","2026-09-11 21:24:18",5.18,Wallace Christian Gomes Esteves   ,"2026-09-11 23:37:10","2026-09-11 23:37:13",Maxmiler Fernandes Silva,"2026-09-11 23:36:59",2026-09-11 18:36:00.000,2026-09-12 04:20:00.000
MATRIZ,2026-09-11,2026-09-11,THALLES BAR,"7231101","000-7231101",11,10,1,TCB7H85,TCB7H85E2,71,MISTO,"27",E2,"3",Marcos Vinicio Alves Pessoa,"2026-09-11 20:55:05","2026-09-11 21:19:55",24.83,Wallace Christian Gomes Esteves   ,"2026-09-11 23:37:28","2026-09-11 23:37:31",Maxmiler Fernandes Silva,"2026-09-11 23:37:15",2026-09-11 18:36:00.000,2026-09-12 04:20:00.000
MATRIZ,2026-09-11,2026-09-11,THALLES BAR,"7231101","000-7231101",11,10,1,TCB7H85,TCB7H85D3,84,MISTO,"28",D3,"3",Wanderson Felipe De Almeida Santos,"2026-09-11 20:59:37","2026-09-11 21:18:20",18.72,Wallace Christian Gomes Esteves   ,"2026-09-11 23:33:23","2026-09-11 23:33:26",Maxmiler Fernandes Silva,"2026-09-11 23:33:21",2026-09-11 18:36:00.000,2026-09-12 04:20:00.000
MATRIZ,2026-09-11,2026-09-11,THALLES BAR,"7231101","000-7231101",11,10,1,TCB7H85,TCB7H85E1,28,MISTO,"32",E1,"3",Gianmiller Moraes,"2026-09-11 21:13:51","2026-09-11 21:28:12",14.35,Wallace Christian Gomes Esteves   ,"2026-09-11 23:33:42","2026-09-11 23:33:46",Maxmiler Fernandes Silva,"2026-09-11 23:33:03",2026-09-11 18:36:00.000,2026-09-12 04:20:00.000
MATRIZ,2026-09-11,2026-09-11,THALLES BAR,"7231101","000-7231101",11,10,1,TCB7H85,TCB7H85D5,60,MISTO,"30",D5,"3",Leonardo Caetano Rodrigues,"2026-09-11 21:07:45","2026-09-11 21:14:14",6.48,Wallace Christian Gomes Esteves   ,"2026-09-11 23:47:24","2026-09-11 23:47:27",Maxmiler Fernandes Silva,"2026-09-11 23:46:30",2026-09-11 18:36:00.000,2026-09-12 04:20:00.000
MATRIZ,2026-09-11,2026-09-11,THALLES BAR,"7231101","000-7231101",11,10,1,TCB7H85,TCB7H85E3,44,MISTO,"31",E3,"3",Natan Silva Medeiros Júnior,"2026-09-11 21:10:35","2026-09-11 21:19:32",8.95,Wallace Christian Gomes Esteves   ,"2026-09-11 23:36:26","2026-09-11 23:36:29",Maxmiler Fernandes Silva,"2026-09-11 23:34:34",2026-09-11 18:36:00.000,2026-09-12 04:20:00.000
MATRIZ,2026-09-11,2026-09-11,THALLES BAR,"7231101","000-7231101",11,10,1,TCB7H85,TCB7H85E4,61,MISTO,"29",E4,"3",Wallace Christian Gomes Esteves   ,"2026-09-11 21:04:27","2026-09-11 21:18:03",13.60,Wallace Christian Gomes Esteves   ,"2026-09-11 23:36:34","2026-09-11 23:36:37",Maxmiler Fernandes Silva,"2026-09-11 23:34:43",2026-09-11 18:36:00.000,2026-09-12 04:20:00.000
MATRIZ,2026-09-11,2026-09-11,THALLES BAR,"7231101","000-7231101",11,10,1,TCB7H85,TCB7H85D1,264,COMPLETO,,D1,"3",,,,,Wallace Christian Gomes Esteves   ,"2026-09-11 23:36:53","2026-09-11 23:37:00",Maxmiler Fernandes Silva,"2026-09-11 23:36:26",2026-09-11 18:36:00.000,2026-09-12 04:20:00.000
MATRIZ,2026-09-11,2026-09-11,THALLES BAR,"7231101","000-7231101",11,10,1,TCB7H85,TCB7H85D4,23,MISTO,"34",D4,"3",Felipe Rogerio Estevam Da Silva ,"2026-09-11 21:17:02","2026-09-11 21:25:00",7.97,Wallace Christian Gomes Esteves   ,"2026-09-11 23:46:53","2026-09-11 23:46:55",Maxmiler Fernandes Silva,"2026-09-11 23:46:35",2026-09-11 18:36:00.000,2026-09-12 04:20:00.000
MATRIZ,2026-09-11,2026-09-11,THALLES BAR,"7231101","000-7231101",11,10,1,TCB7H85,TCB7H85D2,22,MISTO,"35",D2,"3",Denilton Batista Dos Santos,"2026-09-11 21:17:20","2026-09-11 21:28:42",11.37,Wallace Christian Gomes Esteves   ,"2026-09-11 23:36:07","2026-09-11 23:36:10",Maxmiler Fernandes Silva,"2026-09-11 23:34:19",2026-09-11 18:36:00.000,2026-09-12 04:20:00.000
MATRIZ,2026-09-11,2026-09-11,AÇOUGUE 2 IRMÃOS,"7131101","000-7131101",7,7,0,JXS4C69,JXS4C69D2,155,MISTO,"79",D2,"1",Gianmiller Moraes,"2026-09-11 23:07:05","2026-09-12 01:08:31",121.43,João Victor Silva Leal,"2026-09-12 03:27:54","2026-09-12 03:28:32",Maxmiler Fernandes Silva,"2026-09-12 03:20:23",2026-09-11 18:36:00.000,2026-09-12 04:20:00.000
MATRIZ,2026-09-11,2026-09-11,AÇOUGUE 2 IRMÃOS,"7131101","000-7131101",7,7,0,JXS4C69,JXS4C69E2,81,MISTO,"82",E2,"1",Wanderson Felipe De Almeida Santos,"2026-09-11 23:07:46","2026-09-11 23:30:40",22.90,João Victor Silva Leal,"2026-09-12 03:28:41","2026-09-12 03:29:36",Maxmiler Fernandes Silva,"2026-09-12 03:15:15",2026-09-11 18:36:00.000,2026-09-12 04:20:00.000
MATRIZ,2026-09-11,2026-09-11,AÇOUGUE 2 IRMÃOS,"7131101","000-7131101",7,7,0,JXS4C69,JXS4C69E3,40,MISTO,"85",E3,"1",Leonardo Caetano Rodrigues,"2026-09-11 23:11:58","2026-09-11 23:29:50",17.87,João Victor Silva Leal,"2026-09-12 03:30:05","2026-09-12 03:30:28",Maxmiler Fernandes Silva,"2026-09-12 03:13:51",2026-09-11 18:36:00.000,2026-09-12 04:20:00.000
MATRIZ,2026-09-11,2026-09-11,AÇOUGUE 2 IRMÃOS,"7131101","000-7131101",7,7,0,JXS4C69,JXS4C69E1,52,MISTO,"83",E1,"1",Felipe Rogerio Estevam Da Silva ,"2026-09-11 23:08:23","2026-09-11 23:23:04",14.68,João Victor Silva Leal,"2026-09-12 03:26:53","2026-09-12 03:27:21",Maxmiler Fernandes Silva,"2026-09-12 03:16:37",2026-09-11 18:36:00.000,2026-09-12 04:20:00.000
MATRIZ,2026-09-11,2026-09-11,AÇOUGUE 2 IRMÃOS,"7131101","000-7131101",7,7,0,JXS4C69,JXS4C69D3,207,MISTO,"81",D3,"1",Natan Silva Medeiros Júnior,"2026-09-11 23:03:04","2026-09-11 23:55:16",52.20,João Victor Silva Leal,"2026-09-12 03:24:52","2026-09-12 03:26:41",Maxmiler Fernandes Silva,"2026-09-12 03:21:34",2026-09-11 18:36:00.000,2026-09-12 04:20:00.000
MATRIZ,2026-09-11,2026-09-11,AÇOUGUE 2 IRMÃOS,"7131101","000-7131101",7,7,0,JXS4C69,JXS4C69D1,40,MISTO,"84",D1,"1",Marcos Vinicio Alves Pessoa,"2026-09-11 23:10:52","2026-09-11 23:16:02",5.17,João Victor Silva Leal,"2026-09-12 03:29:43","2026-09-12 03:29:50",Maxmiler Fernandes Silva,"2026-09-12 03:18:56",2026-09-11 18:36:00.000,2026-09-12 04:20:00.000
MATRIZ,2026-09-11,2026-09-11,SUPERMERCADOS AMARAL LTDA,"7271101","000-7271101",10,8,2,TCX9E62,TCX9E62E4,43,MISTO,"49",E4,"5",Leonardo Caetano Rodrigues,"2026-09-11 21:36:13","2026-09-11 21:48:35",12.37,Wallace Christian Gomes Esteves   ,"2026-09-12 01:24:21","2026-09-12 01:24:48",João Victor Silva Leal,"2026-09-12 01:02:46",2026-09-11 18:36:00.000,2026-09-12 04:20:00.000
MATRIZ,2026-09-11,2026-09-11,SUPERMERCADOS AMARAL LTDA,"7271101","000-7271101",10,8,2,TCX9E62,TCX9E62E2,202,MISTO,"45",E2,"5",Pedro Lucas Procópio dos Santos,"2026-09-11 21:30:09","2026-09-11 22:11:27",41.30,Wallace Christian Gomes Esteves   ,"2026-09-12 01:27:32","2026-09-12 01:27:46",João Victor Silva Leal,"2026-09-12 01:14:58",2026-09-11 18:36:00.000,2026-09-12 04:20:00.000
MATRIZ,2026-09-11,2026-09-11,SUPERMERCADOS AMARAL LTDA,"7271101","000-7271101",10,8,2,TCX9E62,TCX9E62E5,75,MISTO,"44",E5,"5",Gianmiller Moraes,"2026-09-11 21:36:22","2026-09-11 21:47:38",11.27,Wallace Christian Gomes Esteves   ,"2026-09-12 01:23:59","2026-09-12 01:24:16",João Victor Silva Leal,"2026-09-12 01:04:27",2026-09-11 18:36:00.000,2026-09-12 04:20:00.000
MATRIZ,2026-09-11,2026-09-11,SUPERMERCADOS AMARAL LTDA,"7271101","000-7271101",10,8,2,TCX9E62,TCX9E62E1,50,COMPLETO,,E1,"5",,,,,Wallace Christian Gomes Esteves   ,"2026-09-12 01:25:08","2026-09-12 01:25:13",João Victor Silva Leal,"2026-09-12 01:13:41",2026-09-11 18:36:00.000,2026-09-12 04:20:00.000
MATRIZ,2026-09-11,2026-09-11,SUPERMERCADOS AMARAL LTDA,"7271101","000-7271101",10,8,2,TCX9E62,TCX9E62D1,120,COMPLETO,,D1,"5",,,,,Wallace Christian Gomes Esteves   ,"2026-09-12 01:25:21","2026-09-12 01:25:27",João Victor Silva Leal,"2026-09-12 01:20:19",2026-09-11 18:36:00.000,2026-09-12 04:20:00.000
MATRIZ,2026-09-11,2026-09-11,SUPERMERCADOS AMARAL LTDA,"7271101","000-7271101",10,8,2,TCX9E62,TCX9E62E3,78,MISTO,"48",E3,"5",Natan Silva Medeiros Júnior,"2026-09-11 21:34:46","2026-09-11 22:13:29",38.72,Wallace Christian Gomes Esteves   ,"2026-09-12 01:27:16","2026-09-12 01:27:28",João Victor Silva Leal,"2026-09-12 00:54:41",2026-09-11 18:36:00.000,2026-09-12 04:20:00.000
MATRIZ,2026-09-11,2026-09-11,SUPERMERCADOS AMARAL LTDA,"7271101","000-7271101",10,8,2,TCX9E62,TCX9E62D5,324,MISTO,"43",D5,"5",Marcos Vinicio Alves Pessoa,"2026-09-11 21:29:38","2026-09-11 22:01:59",32.35,Wallace Christian Gomes Esteves   ,"2026-09-12 01:25:52","2026-09-12 01:26:47",João Victor Silva Leal,"2026-09-12 00:58:57",2026-09-11 18:36:00.000,2026-09-12 04:20:00.000
MATRIZ,2026-09-11,2026-09-11,SUPERMERCADOS AMARAL LTDA,"7271101","000-7271101",10,8,2,TCX9E62,TCX9E62D4,275,MISTO,"42",D4,"5",Denilton Batista Dos Santos,"2026-09-11 21:30:24","2026-09-11 22:46:00",75.60,Wallace Christian Gomes Esteves   ,"2026-09-12 01:28:49","2026-09-12 01:28:52",João Victor Silva Leal,"2026-09-12 01:22:39",2026-09-11 18:36:00.000,2026-09-12 04:20:00.000
MATRIZ,2026-09-11,2026-09-11,SUPERMERCADOS AMARAL LTDA,"7271101","000-7271101",10,8,2,TCX9E62,TCX9E62D2,112,MISTO,"46",D2,"5",Wallace Christian Gomes Esteves   ,"2026-09-11 21:30:42","2026-09-11 21:47:49",17.12,Wallace Christian Gomes Esteves   ,"2026-09-12 01:27:55","2026-09-12 01:28:43",João Victor Silva Leal,"2026-09-12 01:07:14",2026-09-11 18:36:00.000,2026-09-12 04:20:00.000
MATRIZ,2026-09-11,2026-09-11,SUPERMERCADOS AMARAL LTDA,"7271101","000-7271101",10,8,2,TCX9E62,TCX9E62D3,149,MISTO,"47",D3,"5",Felipe Rogerio Estevam Da Silva ,"2026-09-11 21:32:09","2026-09-11 22:11:35",39.43,Wallace Christian Gomes Esteves   ,"2026-09-12 01:28:58","2026-09-12 01:29:00",João Victor Silva Leal,"2026-09-12 01:22:33",2026-09-11 18:36:00.000,2026-09-12 04:20:00.000
MATRIZ,2026-09-11,2026-09-11,RESTAURANTE DA ROSILENE,"7251101","000-7251101",11,10,1,TCL0I17,TCL0I17D4,132,MISTO,"52",D4,"5",Gianmiller Moraes,"2026-09-11 21:59:35","2026-09-11 22:41:16",41.68,João Victor Silva Leal,"2026-09-12 03:30:44","2026-09-12 03:30:53",João Victor Silva Leal,"2026-09-12 01:30:10",2026-09-11 18:36:00.000,2026-09-12 04:20:00.000
MATRIZ,2026-09-11,2026-09-11,RESTAURANTE DA ROSILENE,"7251101","000-7251101",11,10,1,TCL0I17,TCL0I17E4,64,MISTO,"62",E4,"5",Marcos Vinicio Alves Pessoa,"2026-09-11 22:17:10","2026-09-11 22:35:58",18.80,Wallace Christian Gomes Esteves   ,"2026-09-12 03:35:36","2026-09-12 03:35:52",João Victor Silva Leal,"2026-09-12 01:24:37",2026-09-11 18:36:00.000,2026-09-12 04:20:00.000
MATRIZ,2026-09-11,2026-09-11,RESTAURANTE DA ROSILENE,"7251101","000-7251101",11,10,1,TCL0I17,TCL0I17D5,18,MISTO,"63",D5,"5",Felipe Rogerio Estevam Da Silva ,"2026-09-11 22:19:07","2026-09-11 22:22:42",3.58,Leonardo Miguel,"2026-09-12 03:14:51","2026-09-12 03:14:58",João Victor Silva Leal,"2026-09-12 01:25:25",2026-09-11 18:36:00.000,2026-09-12 04:20:00.000
MATRIZ,2026-09-11,2026-09-11,RESTAURANTE DA ROSILENE,"7251101","000-7251101",11,10,1,TCL0I17,TCL0I17D1,75,COMPLETO,,D1,"5",,,,,Leonardo Miguel,"2026-09-12 03:13:32","2026-09-12 03:13:54",João Victor Silva Leal,"2026-09-12 01:35:49",2026-09-11 18:36:00.000,2026-09-12 04:20:00.000
MATRIZ,2026-09-11,2026-09-11,RESTAURANTE DA ROSILENE,"7251101","000-7251101",11,10,1,TCL0I17,TCL0I17E3,17,MISTO,"64",E3,"5",Wanderson Felipe De Almeida Santos,"2026-09-11 22:22:26","2026-09-11 22:36:44",14.30,Leonardo Miguel,"2026-09-12 03:14:08","2026-09-12 03:14:21",João Victor Silva Leal,"2026-09-12 01:31:43",2026-09-11 18:36:00.000,2026-09-12 04:20:00.000
MATRIZ,2026-09-11,2026-09-11,RESTAURANTE DA ROSILENE,"7251101","000-7251101",11,10,1,TCL0I17,TCL0I17E5,74,MISTO,"67",E5,"5",Wallace Christian Gomes Esteves   ,"2026-09-11 22:25:13","2026-09-11 22:33:37",8.40,Leonardo Miguel,"2026-09-12 03:14:31","2026-09-12 03:14:39",João Victor Silva Leal,"2026-09-12 01:39:28",2026-09-11 18:36:00.000,2026-09-12 04:20:00.000
MATRIZ,2026-09-11,2026-09-11,RESTAURANTE DA ROSILENE,"7251101","000-7251101",11,10,1,TCL0I17,TCL0I17E1,71,MISTO,"60",E1,"5",Leonardo Caetano Rodrigues,"2026-09-11 22:16:19","2026-09-11 22:36:19",20.00,Leonardo Miguel,"2026-09-12 03:15:29","2026-09-12 03:15:38",João Victor Silva Leal,"2026-09-12 01:38:33",2026-09-11 18:36:00.000,2026-09-12 04:20:00.000
MATRIZ,2026-09-11,2026-09-11,RESTAURANTE DA ROSILENE,"7251101","000-7251101",11,10,1,TCL0I17,TCL0I17D2,141,MISTO,"50",D2,"5",Wanderson Felipe De Almeida Santos,"2026-09-11 21:39:57","2026-09-11 22:17:27",37.50,Wallace Christian Gomes Esteves   ,"2026-09-12 04:01:37","2026-09-12 04:01:39",Maxmiler Fernandes Silva,"2026-09-12 04:00:00",2026-09-11 18:36:00.000,2026-09-12 04:20:00.000
MATRIZ,2026-09-11,2026-09-11,RESTAURANTE DA ROSILENE,"7251101","000-7251101",11,10,1,TCL0I17,TCL0I17E2,136,MISTO,"51",E2,"5",Leonardo Caetano Rodrigues,"2026-09-11 21:55:38","2026-09-11 22:10:23",14.75,Wallace Christian Gomes Esteves   ,"2026-09-12 04:01:42","2026-09-12 04:01:45",Maxmiler Fernandes Silva,"2026-09-12 04:00:05",2026-09-11 18:36:00.000,2026-09-12 04:20:00.000
MATRIZ,2026-09-11,2026-09-11,RESTAURANTE DA ROSILENE,"7251101","000-7251101",11,10,1,TCL0I17,TCL0I17D3,44,MISTO,"61",D3,"5",Natan Silva Medeiros Júnior,"2026-09-11 22:16:48","2026-09-11 22:34:17",17.48,Wallace Christian Gomes Esteves   ,"2026-09-12 04:03:06","2026-09-12 04:03:24",Maxmiler Fernandes Silva,"2026-09-12 03:57:40",2026-09-11 18:36:00.000,2026-09-12 04:20:00.000
MATRIZ,2026-09-11,2026-09-11,BAR DO ALAESSE,"7411101","000-7411101",7,7,0,OWQ4406,OWQ4406D3,130,MISTO,"75",D3,"3",Denilton Batista Dos Santos,"2026-09-11 22:46:51","2026-09-11 23:44:15",57.40,João Victor Silva Leal,"2026-09-12 03:34:13","2026-09-12 03:34:54",Maxmiler Fernandes Silva,"2026-09-12 02:33:31",2026-09-11 18:36:00.000,2026-09-12 04:20:00.000
MATRIZ,2026-09-11,2026-09-11,BAR DO ALAESSE,"7411101","000-7411101",7,7,0,OWQ4406,OWQ4406E1,135,MISTO,"13",E1,"3",Denilton Batista Dos Santos,"2026-09-11 20:29:10","2026-09-11 21:14:22",45.20,João Victor Silva Leal,"2026-09-12 03:35:42","2026-09-12 03:36:00",Maxmiler Fernandes Silva,"2026-09-12 03:23:18",2026-09-11 18:36:00.000,2026-09-12 04:20:00.000
MATRIZ,2026-09-11,2026-09-11,BAR DO ALAESSE,"7411101","000-7411101",7,7,0,OWQ4406,OWQ4406E2,68,MISTO,"77",E2,"3",Leonardo Caetano Rodrigues,"2026-09-11 22:53:13","2026-09-11 23:10:10",16.95,João Victor Silva Leal,"2026-09-12 03:36:11","2026-09-12 03:36:41",Maxmiler Fernandes Silva,"2026-09-12 03:24:26",2026-09-11 18:36:00.000,2026-09-12 04:20:00.000
MATRIZ,2026-09-11,2026-09-11,BAR DO ALAESSE,"7411101","000-7411101",7,7,0,OWQ4406,OWQ4406E3,201,MISTO,"15",E3,"3",Natan Silva Medeiros Júnior,"2026-09-11 20:28:19","2026-09-11 21:08:23",40.07,João Victor Silva Leal,"2026-09-12 03:37:50","2026-09-12 03:38:22",Maxmiler Fernandes Silva,"2026-09-12 03:29:40",2026-09-11 18:36:00.000,2026-09-12 04:20:00.000
MATRIZ,2026-09-11,2026-09-11,BAR DO ALAESSE,"7411101","000-7411101",7,7,0,OWQ4406,OWQ4406D2,50,MISTO,"78",D2,"3",Felipe Rogerio Estevam Da Silva ,"2026-09-11 22:56:26","2026-09-11 23:07:52",11.43,João Victor Silva Leal,"2026-09-12 03:35:13","2026-09-12 03:35:36",Maxmiler Fernandes Silva,"2026-09-12 03:25:55",2026-09-11 18:36:00.000,2026-09-12 04:20:00.000
MATRIZ,2026-09-11,2026-09-11,BAR DO ALAESSE,"7411101","000-7411101",7,7,0,OWQ4406,OWQ4406D1,60,MISTO,"76",D1,"3",Wallace Christian Gomes Esteves   ,"2026-09-11 22:53:02","2026-09-11 23:13:17",20.25,João Victor Silva Leal,"2026-09-12 03:36:57","2026-09-12 03:37:33",Maxmiler Fernandes Silva,"2026-09-12 03:29:36",2026-09-11 18:36:00.000,2026-09-12 04:20:00.000
MATRIZ,2026-09-11,2026-09-11,MERCEARIA DA ILZA,"7381101","000-7381101",7,7,0,KKJ5250,KKJ5250E2,35,MISTO,"35",E2,"1",Wanderson Felipe De Almeida Santos,"2026-09-12 01:26:55","2026-09-12 01:42:12",15.28,Wallace Christian Gomes Esteves   ,"2026-09-12 04:11:34","2026-09-12 04:11:36",Maxmiler Fernandes Silva,"2026-09-12 04:08:22",2026-09-11 18:36:00.000,2026-09-12 04:20:00.000
MATRIZ,2026-09-11,2026-09-11,MERCEARIA DA ILZA,"7381101","000-7381101",7,7,0,KKJ5250,KKJ5250D3,93,MISTO,"28",D3,"1",Gianmiller Moraes,"2026-09-12 01:12:47","2026-09-12 01:53:30",40.72,Wallace Christian Gomes Esteves   ,"2026-09-12 04:10:52","2026-09-12 04:10:54",Maxmiler Fernandes Silva,"2026-09-12 04:04:13",2026-09-11 18:36:00.000,2026-09-12 04:20:00.000
MATRIZ,2026-09-11,2026-09-11,MERCEARIA DA ILZA,"7381101","000-7381101",7,7,0,KKJ5250,KKJ5250D2,62,MISTO,"32",D2,"1",Felipe Rogerio Estevam Da Silva ,"2026-09-12 01:12:39","2026-09-12 01:29:23",16.73,Wallace Christian Gomes Esteves   ,"2026-09-12 04:11:14","2026-09-12 04:11:18",Maxmiler Fernandes Silva,"2026-09-12 04:09:05",2026-09-11 18:36:00.000,2026-09-12 04:20:00.000
MATRIZ,2026-09-11,2026-09-11,MERCEARIA DA ILZA,"7381101","000-7381101",7,7,0,KKJ5250,KKJ5250E1,47,MISTO,"115",E1,"1",Natan Silva Medeiros Júnior,"2026-09-12 01:12:42","2026-09-12 01:31:40",18.97,Wallace Christian Gomes Esteves   ,"2026-09-12 04:11:29","2026-09-12 04:11:31",Maxmiler Fernandes Silva,"2026-09-12 04:06:04",2026-09-11 18:36:00.000,2026-09-12 04:20:00.000
MATRIZ,2026-09-11,2026-09-11,MERCEARIA DA ILZA,"7381101","000-7381101",7,7,0,KKJ5250,KKJ5250D1,40,MISTO,"31",D1,"1",Pedro Lucas Procópio dos Santos,"2026-09-12 01:28:02","2026-09-12 01:28:26",0.40,Wallace Christian Gomes Esteves   ,"2026-09-12 04:11:10","2026-09-12 04:11:12",Maxmiler Fernandes Silva,"2026-09-12 04:01:48",2026-09-11 18:36:00.000,2026-09-12 04:20:00.000
MATRIZ,2026-09-11,2026-09-11,MERCEARIA DA ILZA,"7381101","000-7381101",7,7,0,KKJ5250,KKJ5250E3,35,MISTO,"36",E3,"1",Wanderson Felipe De Almeida Santos,"2026-09-12 01:23:40","2026-09-12 01:26:28",2.80,Wallace Christian Gomes Esteves   ,"2026-09-12 04:11:23","2026-09-12 04:11:25",Maxmiler Fernandes Silva,"2026-09-12 04:03:09",2026-09-11 18:36:00.000,2026-09-12 04:20:00.000
MATRIZ,2026-09-11,2026-09-11,ASSIM E ASSADO,"7121101","000-7121101",2,2,0,DJB5C58,DJB5C58D1,63,MISTO,"80",D1,"2",Pedro Lucas Procópio dos Santos,"2026-09-11 23:00:59","2026-09-11 23:36:47",35.80,Wallace Christian Gomes Esteves   ,"2026-09-12 03:39:06","2026-09-12 03:39:41",Maxmiler Fernandes Silva,"2026-09-12 03:36:23",2026-09-11 18:36:00.000,2026-09-12 04:20:00.000
MATRIZ,2026-09-11,2026-09-11,ACOUGUE SANTOS,"7341101","000-7341101",7,7,0,TYE8D59,TYE8D59D1,40,MISTO,"38",D1,"4",Marcos Vinicio Alves Pessoa,"2026-09-11 21:22:05","2026-09-11 21:27:13",5.13,Wallace Christian Gomes Esteves   ,"2026-09-11 23:50:58","2026-09-11 23:51:01",Maxmiler Fernandes Silva,"2026-09-11 23:35:14",2026-09-11 18:36:00.000,2026-09-12 04:20:00.000
MATRIZ,2026-09-11,2026-09-11,ACOUGUE SANTOS,"7341101","000-7341101",7,7,0,TYE8D59,TYE8D59E3,80,MISTO,"36",E3,"4",Wallace Christian Gomes Esteves   ,"2026-09-11 21:18:53","2026-09-11 21:29:18",10.42,Wallace Christian Gomes Esteves   ,"2026-09-11 23:35:13","2026-09-11 23:35:16",Maxmiler Fernandes Silva,"2026-09-11 23:34:00",2026-09-11 18:36:00.000,2026-09-12 04:20:00.000
MATRIZ,2026-09-11,2026-09-11,ACOUGUE SANTOS,"7341101","000-7341101",7,7,0,TYE8D59,TYE8D59D2,15,MISTO,"40",D2,"4",Felipe Rogerio Estevam Da Silva ,"2026-09-11 21:25:48","2026-09-11 21:31:38",5.83,Wallace Christian Gomes Esteves   ,"2026-09-11 23:40:58","2026-09-11 23:41:01",Maxmiler Fernandes Silva,"2026-09-11 23:37:45",2026-09-11 18:36:00.000,2026-09-12 04:20:00.000
MATRIZ,2026-09-11,2026-09-11,ACOUGUE SANTOS,"7341101","000-7341101",7,7,0,TYE8D59,TYE8D59D3,23,MISTO,"39",D3,"4",Natan Silva Medeiros Júnior,"2026-09-11 21:22:38","2026-09-11 21:30:35",7.95,Wallace Christian Gomes Esteves   ,"2026-09-11 23:49:42","2026-09-11 23:49:50",Maxmiler Fernandes Silva,"2026-09-11 23:35:38",2026-09-11 18:36:00.000,2026-09-12 04:20:00.000
MATRIZ,2026-09-11,2026-09-11,ACOUGUE SANTOS,"7341101","000-7341101",7,7,0,TYE8D59,TYE8D59E1,45,MISTO,"37",E1,"4",Wanderson Felipe De Almeida Santos,"2026-09-11 21:18:44","2026-09-11 21:39:44",21.00,Wallace Christian Gomes Esteves   ,"2026-09-11 23:49:55","2026-09-11 23:50:00",Maxmiler Fernandes Silva,"2026-09-11 23:35:43",2026-09-11 18:36:00.000,2026-09-12 04:20:00.000
MATRIZ,2026-09-11,2026-09-11,ACOUGUE SANTOS,"7341101","000-7341101",7,7,0,TYE8D59,TYE8D59E2,16,MISTO,"41",E2,"4",Leonardo Caetano Rodrigues,"2026-09-11 21:27:23","2026-09-11 21:35:55",8.53,Wallace Christian Gomes Esteves   ,"2026-09-11 23:50:06","2026-09-11 23:50:17",Maxmiler Fernandes Silva,"2026-09-11 23:35:26",2026-09-11 18:36:00.000,2026-09-12 04:20:00.000
MATRIZ,2026-09-11,2026-09-11,BARBEARIA GUDUCORTE,"7161101","000-7161101",7,7,0,MQL5679,MQL5679D1,30,MISTO,"16",D1,"1",Gianmiller Moraes,"2026-09-11 20:29:29","2026-09-11 20:49:00",19.52,Wallace Christian Gomes Esteves   ,"2026-09-11 23:44:13","2026-09-11 23:44:16",Maxmiler Fernandes Silva,"2026-09-11 23:39:14",2026-09-11 18:36:00.000,2026-09-12 04:20:00.000
MATRIZ,2026-09-11,2026-09-11,BARBEARIA GUDUCORTE,"7161101","000-7161101",7,7,0,MQL5679,MQL5679D3,21,MISTO,"19",D3,"1",Wanderson Felipe De Almeida Santos,"2026-09-11 20:33:29","2026-09-11 20:43:02",9.55,Wallace Christian Gomes Esteves   ,"2026-09-11 23:44:21","2026-09-11 23:44:24",Maxmiler Fernandes Silva,"2026-09-11 23:39:10",2026-09-11 18:36:00.000,2026-09-12 04:20:00.000
MATRIZ,2026-09-11,2026-09-11,BARBEARIA GUDUCORTE,"7161101","000-7161101",7,7,0,MQL5679,MQL5679E3,79,MISTO,"14",E3,"1",Marcos Vinicio Alves Pessoa,"2026-09-11 20:28:34","2026-09-11 20:50:53",22.32,Wallace Christian Gomes Esteves   ,"2026-09-11 23:45:28","2026-09-11 23:45:38",Maxmiler Fernandes Silva,"2026-09-11 23:39:38",2026-09-11 18:36:00.000,2026-09-12 04:20:00.000
MATRIZ,2026-09-11,2026-09-11,BARBEARIA GUDUCORTE,"7161101","000-7161101",7,7,0,MQL5679,MQL5679E1,45,MISTO,"17",E1,"1",Pedro Lucas Procópio dos Santos,"2026-09-11 20:28:44","2026-09-11 20:43:19",14.58,Wallace Christian Gomes Esteves   ,"2026-09-11 23:45:46","2026-09-11 23:45:49",Maxmiler Fernandes Silva,"2026-09-11 23:39:42",2026-09-11 18:36:00.000,2026-09-12 04:20:00.000
MATRIZ,2026-09-11,2026-09-11,BARBEARIA GUDUCORTE,"7161101","000-7161101",7,7,0,MQL5679,MQL5679D2,95,MISTO,"18",D2,"1",Wallace Christian Gomes Esteves   ,"2026-09-11 20:29:04","2026-09-11 20:44:50",15.77,Wallace Christian Gomes Esteves   ,"2026-09-11 23:41:16","2026-09-11 23:41:19",Maxmiler Fernandes Silva,"2026-09-11 23:37:59",2026-09-11 18:36:00.000,2026-09-12 04:20:00.000
MATRIZ,2026-09-11,2026-09-11,BARBEARIA GUDUCORTE,"7161101","000-7161101",7,7,0,MQL5679,MQL5679E2,134,MISTO,"11",E2,"1",Leonardo Caetano Rodrigues,"2026-09-11 20:27:54","2026-09-11 20:51:06",23.20,Wallace Christian Gomes Esteves   ,"2026-09-11 23:43:55","2026-09-11 23:43:59",Maxmiler Fernandes Silva,"2026-09-11 23:38:45",2026-09-11 18:36:00.000,2026-09-12 04:20:00.000
MATRIZ,2026-09-11,2026-09-11,MERCADINHO DO CANECO,"7141101","000-7141101",7,7,0,HAI2518,HAI2518D2,108,MISTO,"90",D2,"5",Felipe Rogerio Estevam Da Silva ,"2026-09-11 23:23:23","2026-09-11 23:59:12",35.82,Wallace Christian Gomes Esteves   ,"2026-09-12 03:40:46","2026-09-12 03:40:50",Maxmiler Fernandes Silva,"2026-09-12 03:38:41",2026-09-11 18:36:00.000,2026-09-12 04:20:00.000
MATRIZ,2026-09-11,2026-09-11,MERCADINHO DO CANECO,"7141101","000-7141101",7,7,0,HAI2518,HAI2518E1,54,MISTO,"100",E1,"5",Leonardo Caetano Rodrigues,"2026-09-11 23:37:33","2026-09-11 23:58:29",20.93,Wallace Christian Gomes Esteves   ,"2026-09-12 03:40:58","2026-09-12 03:41:00",João Victor Silva Leal,"2026-09-12 01:49:37",2026-09-11 18:36:00.000,2026-09-12 04:20:00.000
MATRIZ,2026-09-11,2026-09-11,MERCADINHO DO CANECO,"7141101","000-7141101",7,7,0,HAI2518,HAI2518D3,142,MISTO,"88",D3,"5",Marcos Vinicio Alves Pessoa,"2026-09-11 23:18:27","2026-09-11 23:56:45",38.30,Wallace Christian Gomes Esteves   ,"2026-09-12 03:41:20","2026-09-12 03:41:24",Maxmiler Fernandes Silva,"2026-09-12 02:37:12",2026-09-11 18:36:00.000,2026-09-12 04:20:00.000
MATRIZ,2026-09-11,2026-09-11,MERCADINHO DO CANECO,"7141101","000-7141101",7,7,0,HAI2518,HAI2518E3,51,MISTO,"101",E3,"5",Wallace Christian Gomes Esteves   ,"2026-09-11 23:37:39","2026-09-11 23:49:37",11.97,Wallace Christian Gomes Esteves   ,"2026-09-12 03:41:03","2026-09-12 03:41:05",Maxmiler Fernandes Silva,"2026-09-12 03:08:25",2026-09-11 18:36:00.000,2026-09-12 04:20:00.000
MATRIZ,2026-09-11,2026-09-11,MERCADINHO DO CANECO,"7141101","000-7141101",7,7,0,HAI2518,HAI2518D1,40,MISTO,"102",D1,"5",Wanderson Felipe De Almeida Santos,"2026-09-11 23:37:11","2026-09-11 23:42:51",5.67,Wallace Christian Gomes Esteves   ,"2026-09-12 03:41:27","2026-09-12 03:41:29",João Victor Silva Leal,"2026-09-12 01:51:05",2026-09-11 18:36:00.000,2026-09-12 04:20:00.000
MATRIZ,2026-09-11,2026-09-11,MERCADINHO DO CANECO,"7141101","000-7141101",7,7,0,HAI2518,HAI2518E2,40,MISTO,"117",E2,"5",Pedro Lucas Procópio dos Santos,"2026-09-11 23:37:00","2026-09-11 23:37:11",0.18,Wallace Christian Gomes Esteves   ,"2026-09-12 03:41:36","2026-09-12 03:41:39",Maxmiler Fernandes Silva,"2026-09-12 03:10:31",2026-09-11 18:36:00.000,2026-09-12 04:20:00.000
MATRIZ,2026-09-11,2026-09-11,"21.221.745 ANA PAULA GONCALVES COUTO","7171101","000-7171101",7,7,0,HOB4C81,HOB4C81D1,60,MISTO,"22",D1,"2",Gianmiller Moraes,"2026-09-11 20:50:00","2026-09-11 21:07:23",17.38,Wallace Christian Gomes Esteves   ,"2026-09-11 23:49:07","2026-09-11 23:49:10",Maxmiler Fernandes Silva,"2026-09-11 23:41:07",2026-09-11 18:36:00.000,2026-09-12 04:20:00.000
MATRIZ,2026-09-11,2026-09-11,"21.221.745 ANA PAULA GONCALVES COUTO","7171101","000-7171101",7,7,0,HOB4C81,HOB4C81D2,20,MISTO,"25",D2,"2",Marcos Vinicio Alves Pessoa,"2026-09-11 20:52:01","2026-09-11 20:52:56",0.92,Wallace Christian Gomes Esteves   ,"2026-09-11 23:38:52","2026-09-11 23:38:56",Maxmiler Fernandes Silva,"2026-09-11 23:35:58",2026-09-11 18:36:00.000,2026-09-12 04:20:00.000
MATRIZ,2026-09-11,2026-09-11,"21.221.745 ANA PAULA GONCALVES COUTO","7171101","000-7171101",7,7,0,HOB4C81,HOB4C81E3,27,MISTO,"26",E3,"2",Leonardo Caetano Rodrigues,"2026-09-11 20:53:15","2026-09-11 21:05:46",12.52,Wallace Christian Gomes Esteves   ,"2026-09-11 23:38:32","2026-09-11 23:38:36",Maxmiler Fernandes Silva,"2026-09-11 23:36:04",2026-09-11 18:36:00.000,2026-09-12 04:20:00.000
MATRIZ,2026-09-11,2026-09-11,"21.221.745 ANA PAULA GONCALVES COUTO","7171101","000-7171101",7,7,0,HOB4C81,HOB4C81D3,124,MISTO,"23",D3,"2",Wallace Christian Gomes Esteves   ,"2026-09-11 20:47:13","2026-09-11 21:02:59",15.77,Wallace Christian Gomes Esteves   ,"2026-09-11 23:48:51","2026-09-11 23:48:54",Maxmiler Fernandes Silva,"2026-09-11 23:40:54",2026-09-11 18:36:00.000,2026-09-12 04:20:00.000
MATRIZ,2026-09-11,2026-09-11,"21.221.745 ANA PAULA GONCALVES COUTO","7171101","000-7171101",7,7,0,HOB4C81,HOB4C81E2,117,MISTO,"24",E2,"2",Pedro Lucas Procópio dos Santos,"2026-09-11 20:48:47","2026-09-11 21:20:45",31.97,Wallace Christian Gomes Esteves   ,"2026-09-11 23:46:36","2026-09-11 23:46:38",Maxmiler Fernandes Silva,"2026-09-11 23:42:22",2026-09-11 18:36:00.000,2026-09-12 04:20:00.000
MATRIZ,2026-09-11,2026-09-11,"21.221.745 ANA PAULA GONCALVES COUTO","7171101","000-7171101",7,7,0,HOB4C81,HOB4C81E1,156,MISTO,"20",E1,"2",Felipe Rogerio Estevam Da Silva ,"2026-09-11 20:35:53","2026-09-11 21:16:33",40.67,Wallace Christian Gomes Esteves   ,"2026-09-11 23:47:42","2026-09-11 23:47:45",Maxmiler Fernandes Silva,"2026-09-11 23:42:52",2026-09-11 18:36:00.000,2026-09-12 04:20:00.000
MATRIZ,2026-09-11,2026-09-11,MINI MERC FRATERNIDADE,"7151101","000-7151101",7,7,0,MQU8E71,MQU8E71D1,40,MISTO,"107",D1,"4",Leonardo Caetano Rodrigues,"2026-09-12 00:23:02","2026-09-12 00:23:09",0.12,Wallace Christian Gomes Esteves   ,"2026-09-12 04:16:10","2026-09-12 04:16:13",Maxmiler Fernandes Silva,"2026-09-12 04:14:39",2026-09-11 18:36:00.000,2026-09-12 04:20:00.000
MATRIZ,2026-09-11,2026-09-11,MINI MERC FRATERNIDADE,"7151101","000-7151101",7,7,0,MQU8E71,MQU8E71D3,172,MISTO,"116",D3,"4",Pedro Lucas Procópio dos Santos,"2026-09-11 23:40:18","2026-09-12 00:08:56",28.63,Wallace Christian Gomes Esteves   ,"2026-09-12 04:15:49","2026-09-12 04:15:54",Maxmiler Fernandes Silva,"2026-09-12 04:14:54",2026-09-11 18:36:00.000,2026-09-12 04:20:00.000
MATRIZ,2026-09-11,2026-09-11,MINI MERC FRATERNIDADE,"7151101","000-7151101",7,7,0,MQU8E71,MQU8E71E2,47,MISTO,"105",E2,"4",Wallace Christian Gomes Esteves   ,"2026-09-11 23:52:12","2026-09-12 00:20:15",28.05,Wallace Christian Gomes Esteves   ,"2026-09-12 04:16:05","2026-09-12 04:16:07",Maxmiler Fernandes Silva,"2026-09-12 04:14:43",2026-09-11 18:36:00.000,2026-09-12 04:20:00.000
MATRIZ,2026-09-11,2026-09-11,MINI MERC FRATERNIDADE,"7151101","000-7151101",7,7,0,MQU8E71,MQU8E71E1,62,MISTO,"103",E1,"4",Denilton Batista Dos Santos,"2026-09-11 23:46:02","2026-09-12 00:13:31",27.48,Wallace Christian Gomes Esteves   ,"2026-09-12 04:15:44","2026-09-12 04:15:46",Maxmiler Fernandes Silva,"2026-09-12 04:14:47",2026-09-11 18:36:00.000,2026-09-12 04:20:00.000
MATRIZ,2026-09-11,2026-09-11,MINI MERC FRATERNIDADE,"7151101","000-7151101",7,7,0,MQU8E71,MQU8E71D2,166,MISTO,"104",D2,"4",Wanderson Felipe De Almeida Santos,"2026-09-11 23:43:17","2026-09-12 00:15:53",32.60,Wallace Christian Gomes Esteves   ,"2026-09-12 04:15:56","2026-09-12 04:16:03",Maxmiler Fernandes Silva,"2026-09-12 04:14:50",2026-09-11 18:36:00.000,2026-09-12 04:20:00.000
MATRIZ,2026-09-11,2026-09-11,MINI MERC FRATERNIDADE,"7151101","000-7151101",7,7,0,MQU8E71,MQU8E71E3,34,MISTO,"108",E3,"4",Pedro Lucas Procópio dos Santos,"2026-09-12 00:09:19","2026-09-12 00:19:23",10.07,Wallace Christian Gomes Esteves   ,"2026-09-12 04:15:37","2026-09-12 04:15:39",Maxmiler Fernandes Silva,"2026-09-12 04:14:35",2026-09-11 18:36:00.000,2026-09-12 04:20:00.000
MATRIZ,2026-09-11,2026-09-11,DROGARIA BELOFARMA,"7241101","000-7241101",11,10,1,TCB7I34,TCB7I34D1,75,COMPLETO,,D1,"4",,,,,João Victor Silva Leal,"2026-09-12 02:50:01","2026-09-12 02:50:07",João Victor Silva Leal,"2026-09-12 01:42:17",2026-09-11 18:36:00.000,2026-09-12 04:20:00.000
MATRIZ,2026-09-11,2026-09-11,DROGARIA BELOFARMA,"7241101","000-7241101",11,10,1,TCB7I34,TCB7I34E4,64,MISTO,"72",E4,"4",Leonardo Caetano Rodrigues,"2026-09-11 22:41:38","2026-09-11 22:50:18",8.67,João Victor Silva Leal,"2026-09-12 02:49:22","2026-09-12 02:49:53",Maxmiler Fernandes Silva,"2026-09-12 02:04:00",2026-09-11 18:36:00.000,2026-09-12 04:20:00.000
MATRIZ,2026-09-11,2026-09-11,DROGARIA BELOFARMA,"7241101","000-7241101",11,10,1,TCB7I34,TCB7I34D4,86,MISTO,"69",D4,"4",Natan Silva Medeiros Júnior,"2026-09-11 22:35:58","2026-09-11 22:58:24",22.43,João Victor Silva Leal,"2026-09-12 02:48:17","2026-09-12 02:49:17",Maxmiler Fernandes Silva,"2026-09-12 02:01:20",2026-09-11 18:36:00.000,2026-09-12 04:20:00.000
MATRIZ,2026-09-11,2026-09-11,DROGARIA BELOFARMA,"7241101","000-7241101",11,10,1,TCB7I34,TCB7I34E3,165,MISTO,"66",E3,"4",Pedro Lucas Procópio dos Santos,"2026-09-11 22:22:30","2026-09-11 22:51:55",29.42,João Victor Silva Leal,"2026-09-12 02:51:01","2026-09-12 02:52:16",Maxmiler Fernandes Silva,"2026-09-12 02:02:02",2026-09-11 18:36:00.000,2026-09-12 04:20:00.000
MATRIZ,2026-09-11,2026-09-11,DROGARIA BELOFARMA,"7241101","000-7241101",11,10,1,TCB7I34,TCB7I34E1,60,MISTO,"70",E1,"4",Wanderson Felipe De Almeida Santos,"2026-09-11 22:37:21","2026-09-11 23:07:29",30.13,João Victor Silva Leal,"2026-09-12 02:50:19","2026-09-12 02:50:53",Maxmiler Fernandes Silva,"2026-09-12 02:31:08",2026-09-11 18:36:00.000,2026-09-12 04:20:00.000
MATRIZ,2026-09-11,2026-09-11,DROGARIA BELOFARMA,"7241101","000-7241101",11,10,1,TCB7I34,TCB7I34D2,59,MISTO,"71",D2,"4",Marcos Vinicio Alves Pessoa,"2026-09-11 22:38:29","2026-09-11 23:09:44",31.25,João Victor Silva Leal,"2026-09-12 02:55:02","2026-09-12 02:56:03",Maxmiler Fernandes Silva,"2026-09-12 02:30:16",2026-09-11 18:36:00.000,2026-09-12 04:20:00.000
MATRIZ,2026-09-11,2026-09-11,DROGARIA BELOFARMA,"7241101","000-7241101",11,10,1,TCB7I34,TCB7I34E5,154,MISTO,"65",E5,"4",Felipe Rogerio Estevam Da Silva ,"2026-09-11 22:23:02","2026-09-11 22:43:28",20.43,João Victor Silva Leal,"2026-09-12 02:54:21","2026-09-12 02:54:51",Maxmiler Fernandes Silva,"2026-09-12 02:12:06",2026-09-11 18:36:00.000,2026-09-12 04:20:00.000
MATRIZ,2026-09-11,2026-09-11,DROGARIA BELOFARMA,"7241101","000-7241101",11,10,1,TCB7I34,TCB7I34D5,110,MISTO,"68",D5,"4",Wallace Christian Gomes Esteves   ,"2026-09-11 22:35:22","2026-09-11 22:51:24",16.03,João Victor Silva Leal,"2026-09-12 02:56:12","2026-09-12 02:57:58",Maxmiler Fernandes Silva,"2026-09-12 02:03:04",2026-09-11 18:36:00.000,2026-09-12 04:20:00.000
MATRIZ,2026-09-11,2026-09-11,DROGARIA BELOFARMA,"7241101","000-7241101",11,10,1,TCB7I34,TCB7I34D3,25,MISTO,"74",D3,"4",Felipe Rogerio Estevam Da Silva ,"2026-09-11 22:44:17","2026-09-11 22:56:01",11.73,João Victor Silva Leal,"2026-09-12 02:54:01","2026-09-12 02:54:15",Maxmiler Fernandes Silva,"2026-09-12 02:07:51",2026-09-11 18:36:00.000,2026-09-12 04:20:00.000
MATRIZ,2026-09-11,2026-09-11,DROGARIA BELOFARMA,"7241101","000-7241101",11,10,1,TCB7I34,TCB7I34E2,31,MISTO,"73",E2,"4",Gianmiller Moraes,"2026-09-11 22:42:59","2026-09-11 22:56:11",13.20,João Victor Silva Leal,"2026-09-12 02:53:11","2026-09-12 02:53:50",Maxmiler Fernandes Silva,"2026-09-12 02:05:23",2026-09-11 18:36:00.000,2026-09-12 04:20:00.000
MATRIZ,2026-09-29,2026-09-29,ACOUGUE TELES,"7162901","000-7162901",7,7,0,MQL5679,MQL5679E1,228,MISTO,"44",E1,"5",Geraldo Teixeira Baia Junior,"2026-09-29 22:58:47","2026-09-29 23:38:58",40.18,Leonardo Miguel,"2026-09-30 01:06:57","2026-09-30 01:07:01",Maxmiler Fernandes Silva,"2026-09-30 01:00:06",2026-09-29 19:30:00.000,2026-09-30 01:30:00.000
MATRIZ,2026-09-29,2026-09-29,ACOUGUE TELES,"7162901","000-7162901",7,7,0,MQL5679,MQL5679E3,260,MISTO,"38",E3,"5",Adilson José Gonçalves,"2026-09-29 23:00:04","2026-09-29 23:38:48",38.73,Leonardo Miguel,"2026-09-30 01:06:48","2026-09-30 01:06:50",Maxmiler Fernandes Silva,"2026-09-30 01:00:09",2026-09-29 19:30:00.000,2026-09-30 01:30:00.000
MATRIZ,2026-09-29,2026-09-29,ACOUGUE TELES,"7162901","000-7162901",7,7,0,MQL5679,MQL5679D3,84,MISTO,"43",D3,"5",Pedro Lucas Procópio dos Santos,"2026-09-29 23:00:50","2026-09-29 23:24:33",23.72,Leonardo Miguel,"2026-09-30 01:07:03","2026-09-30 01:07:05",Maxmiler Fernandes Silva,"2026-09-30 01:00:02",2026-09-29 19:30:00.000,2026-09-30 01:30:00.000
MATRIZ,2026-09-29,2026-09-29,ACOUGUE TELES,"7162901","000-7162901",7,7,0,MQL5679,MQL5679E2,69,MISTO,"26",E2,"5",Pedro Lucas Procópio dos Santos,"2026-09-29 23:32:27","2026-09-29 23:48:16",15.82,Leonardo Miguel,"2026-09-30 01:07:07","2026-09-30 01:07:09",Maxmiler Fernandes Silva,"2026-09-30 00:59:59",2026-09-29 19:30:00.000,2026-09-30 01:30:00.000
MATRIZ,2026-09-29,2026-09-29,ACOUGUE TELES,"7162901","000-7162901",7,7,0,MQL5679,MQL5679D1,69,MISTO,"45",D1,"5",Natan Silva Medeiros Júnior,"2026-09-29 23:01:57","2026-09-29 23:12:33",10.60,Leonardo Miguel,"2026-09-30 01:07:12","2026-09-30 01:07:14",Maxmiler Fernandes Silva,"2026-09-30 00:57:37",2026-09-29 19:30:00.000,2026-09-30 01:30:00.000
MATRIZ,2026-09-29,2026-09-29,ACOUGUE TELES,"7162901","000-7162901",7,7,0,MQL5679,MQL5679D2,46,MISTO,"46",D2,"5",Leonardo Caetano Rodrigues,"2026-09-29 23:02:41","2026-09-29 23:20:20",17.65,Leonardo Miguel,"2026-09-30 01:07:17","2026-09-30 01:07:19",Maxmiler Fernandes Silva,"2026-09-30 00:56:51",2026-09-29 19:30:00.000,2026-09-30 01:30:00.000
MATRIZ,2026-09-29,2026-09-29,OLIVEIRAS BAR,"7122901","000-7122901",7,7,0,DJB5C58,DJB5C58E1,61,MISTO,"30",E1,"3",Freelancer 02,"2026-09-29 20:46:45","2026-09-29 21:06:11",19.43,Wallace Christian Gomes Esteves   ,"2026-09-29 21:55:10","2026-09-29 21:55:12",Nordires Vieira Dos Santos,"2026-09-29 21:50:28",2026-09-29 19:30:00.000,2026-09-30 01:30:00.000
MATRIZ,2026-09-29,2026-09-29,OLIVEIRAS BAR,"7122901","000-7122901",7,7,0,DJB5C58,DJB5C58D2,109,MISTO,"28",D2,"3",Gianmiller Moraes,"2026-09-29 20:38:13","2026-09-29 21:14:43",36.50,Wallace Christian Gomes Esteves   ,"2026-09-29 21:55:03","2026-09-29 21:55:05",Nordires Vieira Dos Santos,"2026-09-29 21:48:45",2026-09-29 19:30:00.000,2026-09-30 01:30:00.000
MATRIZ,2026-09-29,2026-09-29,OLIVEIRAS BAR,"7122901","000-7122901",7,7,0,DJB5C58,DJB5C58E2,48,MISTO,"31",E2,"3",Natan Silva Medeiros Júnior,"2026-09-29 20:50:02","2026-09-29 20:57:49",7.78,Wallace Christian Gomes Esteves   ,"2026-09-29 21:55:18","2026-09-29 21:55:20",Nordires Vieira Dos Santos,"2026-09-29 21:55:05",2026-09-29 19:30:00.000,2026-09-30 01:30:00.000
MATRIZ,2026-09-29,2026-09-29,OLIVEIRAS BAR,"7122901","000-7122901",7,7,0,DJB5C58,DJB5C58D3,32,MISTO,"33",D3,"3",Adilson José Gonçalves,"2026-09-29 20:55:57","2026-09-29 21:05:09",9.20,Wallace Christian Gomes Esteves   ,"2026-09-29 21:55:52","2026-09-29 21:55:54",Nordires Vieira Dos Santos,"2026-09-29 21:51:27",2026-09-29 19:30:00.000,2026-09-30 01:30:00.000
MATRIZ,2026-09-29,2026-09-29,OLIVEIRAS BAR,"7122901","000-7122901",7,7,0,DJB5C58,DJB5C58D1,40,MISTO,"32",D1,"3",Felipe Rogerio Estevam Da Silva ,"2026-09-29 20:53:58","2026-09-29 20:57:04",3.10,Wallace Christian Gomes Esteves   ,"2026-09-29 21:55:30","2026-09-29 21:55:32",Nordires Vieira Dos Santos,"2026-09-29 21:52:22",2026-09-29 19:30:00.000,2026-09-30 01:30:00.000
MATRIZ,2026-09-29,2026-09-29,OLIVEIRAS BAR,"7122901","000-7122901",7,7,0,DJB5C58,DJB5C58E3,161,MISTO,"27",E3,"3",Geraldo Teixeira Baia Junior,"2026-09-29 20:37:05","2026-09-29 21:07:48",30.72,Wallace Christian Gomes Esteves   ,"2026-09-29 21:56:01","2026-09-29 21:56:04",Nordires Vieira Dos Santos,"2026-09-29 21:49:38",2026-09-29 19:30:00.000,2026-09-30 01:30:00.000
MATRIZ,2026-09-29,2026-09-29,DONA HERMINIA RESTAURANTE,"7342901","000-7342901",7,7,0,TYE8D59,TYE8D59E1,29,MISTO,"34",E1,"4",Leonardo Caetano Rodrigues,"2026-09-29 23:31:23","2026-09-29 23:49:00",17.62,Leonardo Miguel,"2026-09-30 01:07:53","2026-09-30 01:07:56",Maxmiler Fernandes Silva,"2026-09-30 00:50:20",2026-09-29 19:30:00.000,2026-09-30 01:30:00.000
MATRIZ,2026-09-29,2026-09-29,DONA HERMINIA RESTAURANTE,"7342901","000-7342901",7,7,0,TYE8D59,TYE8D59E3,37,MISTO,"1",E3,"4",Leonardo Caetano Rodrigues,"2026-09-29 23:21:52","2026-09-29 23:31:05",9.22,Leonardo Miguel,"2026-09-30 01:07:47","2026-09-30 01:07:49",Maxmiler Fernandes Silva,"2026-09-30 00:51:44",2026-09-29 19:30:00.000,2026-09-30 01:30:00.000
MATRIZ,2026-09-29,2026-09-29,DONA HERMINIA RESTAURANTE,"7342901","000-7342901",7,7,0,TYE8D59,TYE8D59E2,209,MISTO,"17",E2,"4",Felipe Rogerio Estevam Da Silva ,"2026-09-29 23:12:05","2026-09-29 23:37:20",25.25,Leonardo Miguel,"2026-09-30 01:07:29","2026-09-30 01:07:30",Maxmiler Fernandes Silva,"2026-09-30 00:41:56",2026-09-29 19:30:00.000,2026-09-30 01:30:00.000
MATRIZ,2026-09-29,2026-09-29,DONA HERMINIA RESTAURANTE,"7342901","000-7342901",7,7,0,TYE8D59,TYE8D59D2,189,MISTO,"35",D2,"4",Freelancer 02,"2026-09-29 23:13:00","2026-09-29 23:57:30",44.50,Leonardo Miguel,"2026-09-30 01:07:33","2026-09-30 01:07:35",Maxmiler Fernandes Silva,"2026-09-30 00:46:13",2026-09-29 19:30:00.000,2026-09-30 01:30:00.000
MATRIZ,2026-09-29,2026-09-29,DONA HERMINIA RESTAURANTE,"7342901","000-7342901",7,7,0,TYE8D59,TYE8D59D1,74,MISTO,"18",D1,"4",Gianmiller Moraes,"2026-09-29 23:17:24","2026-09-29 23:41:44",24.33,Leonardo Miguel,"2026-09-30 01:07:38","2026-09-30 01:07:39",Maxmiler Fernandes Silva,"2026-09-30 00:55:46",2026-09-29 19:30:00.000,2026-09-30 01:30:00.000
MATRIZ,2026-09-29,2026-09-29,DONA HERMINIA RESTAURANTE,"7342901","000-7342901",7,7,0,TYE8D59,TYE8D59D3,41,MISTO,"37",D3,"4",Natan Silva Medeiros Júnior,"2026-09-29 23:17:39","2026-09-29 23:31:51",14.20,Leonardo Miguel,"2026-09-30 01:07:42","2026-09-30 01:07:44",Maxmiler Fernandes Silva,"2026-09-30 00:42:57",2026-09-29 19:30:00.000,2026-09-30 01:30:00.000
MATRIZ,2026-09-29,2026-09-29,SABOR NATURAL,"7372901","000-7372901",7,7,0,KKJ5170,KKJ5170D1,53,MISTO,"28",D1,"3",Gianmiller Moraes,"2026-09-29 23:43:54","2026-09-29 23:51:10",7.27,Leonardo Miguel,"2026-09-30 01:08:15","2026-09-30 01:08:18",Maxmiler Fernandes Silva,"2026-09-30 00:52:38",2026-09-29 19:30:00.000,2026-09-30 01:30:00.000
MATRIZ,2026-09-29,2026-09-29,SABOR NATURAL,"7372901","000-7372901",7,7,0,KKJ5170,KKJ5170D3,44,MISTO,"2",D3,"3",Geraldo Teixeira Baia Junior,"2026-09-29 23:45:55","2026-09-30 00:05:05",19.17,Leonardo Miguel,"2026-09-30 01:08:21","2026-09-30 01:08:23",Maxmiler Fernandes Silva,"2026-09-30 00:48:37",2026-09-29 19:30:00.000,2026-09-30 01:30:00.000
MATRIZ,2026-09-29,2026-09-29,SABOR NATURAL,"7372901","000-7372901",7,7,0,KKJ5170,KKJ5170E2,38,MISTO,"22",E2,"3",Leonardo Caetano Rodrigues,"2026-09-29 23:52:37","2026-09-30 00:03:27",10.83,Leonardo Miguel,"2026-09-30 01:08:26","2026-09-30 01:08:28",Maxmiler Fernandes Silva,"2026-09-30 00:49:14",2026-09-29 19:30:00.000,2026-09-30 01:30:00.000
MATRIZ,2026-09-29,2026-09-29,SABOR NATURAL,"7372901","000-7372901",7,7,0,KKJ5170,KKJ5170E3,260,MISTO,"24",E3,"3",Felipe Rogerio Estevam Da Silva ,"2026-09-29 23:37:44","2026-09-30 00:11:49",34.08,Leonardo Miguel,"2026-09-30 01:08:03","2026-09-30 01:08:05",Maxmiler Fernandes Silva,"2026-09-30 00:46:05",2026-09-29 19:30:00.000,2026-09-30 01:30:00.000
MATRIZ,2026-09-29,2026-09-29,SABOR NATURAL,"7372901","000-7372901",7,7,0,KKJ5170,KKJ5170D2,179,MISTO,"23",D2,"3",Adilson José Gonçalves,"2026-09-29 23:48:05","2026-09-30 00:20:48",32.72,Leonardo Miguel,"2026-09-30 01:08:07","2026-09-30 01:08:09",Maxmiler Fernandes Silva,"2026-09-30 00:47:38",2026-09-29 19:30:00.000,2026-09-30 01:30:00.000
MATRIZ,2026-09-29,2026-09-29,SABOR NATURAL,"7372901","000-7372901",7,7,0,KKJ5170,KKJ5170E1,67,MISTO,"25",E1,"3",Natan Silva Medeiros Júnior,"2026-09-29 23:40:17","2026-09-29 23:54:45",14.47,Leonardo Miguel,"2026-09-30 01:08:11","2026-09-30 01:08:13",Maxmiler Fernandes Silva,"2026-09-30 00:53:52",2026-09-29 19:30:00.000,2026-09-30 01:30:00.000
MATRIZ,2026-09-29,2026-09-29,RAINHA LANCHES,"7242901","000-7242901",11,10,1,TCB7I34,TCB7I34D2,113,MISTO,"17",D2,"5",Leonardo Caetano Rodrigues,"2026-09-29 20:11:30","2026-09-29 20:25:45",14.25,Wallace Christian Gomes Esteves   ,"2026-09-29 21:00:55","2026-09-29 21:00:58",Nordires Vieira Dos Santos,"2026-09-29 20:59:56",2026-09-29 19:30:00.000,2026-09-30 01:30:00.000
MATRIZ,2026-09-29,2026-09-29,RAINHA LANCHES,"7242901","000-7242901",11,10,1,TCB7I34,TCB7I34D4,73,MISTO,"29",D4,"5",Felipe Rogerio Estevam Da Silva ,"2026-09-29 20:40:28","2026-09-29 20:52:40",12.20,Wallace Christian Gomes Esteves   ,"2026-09-29 21:01:28","2026-09-29 21:01:31",Nordires Vieira Dos Santos,"2026-09-29 20:57:20",2026-09-29 19:30:00.000,2026-09-30 01:30:00.000
MATRIZ,2026-09-29,2026-09-29,RAINHA LANCHES,"7242901","000-7242901",11,10,1,TCB7I34,TCB7I34D3,155,MISTO,"19",D3,"5",Natan Silva Medeiros Júnior,"2026-09-29 20:11:47","2026-09-29 20:43:19",31.53,Wallace Christian Gomes Esteves   ,"2026-09-29 21:01:09","2026-09-29 21:01:11",Nordires Vieira Dos Santos,"2026-09-29 20:57:58",2026-09-29 19:30:00.000,2026-09-30 01:30:00.000
MATRIZ,2026-09-29,2026-09-29,RAINHA LANCHES,"7242901","000-7242901",11,10,1,TCB7I34,TCB7I34E3,56,MISTO,"18",E3,"5",Gianmiller Moraes,"2026-09-29 20:12:17","2026-09-29 20:32:56",20.65,Wallace Christian Gomes Esteves   ,"2026-09-29 21:00:38","2026-09-29 21:00:40",Nordires Vieira Dos Santos,"2026-09-29 20:58:41",2026-09-29 19:30:00.000,2026-09-30 01:30:00.000
MATRIZ,2026-09-29,2026-09-29,RAINHA LANCHES,"7242901","000-7242901",11,10,1,TCB7I34,TCB7I34D1,75,COMPLETO,,D1,"5",,,,,Wallace Christian Gomes Esteves   ,"2026-09-29 21:01:35","2026-09-29 21:01:37",Nordires Vieira Dos Santos,"2026-09-29 20:52:51",2026-09-29 19:30:00.000,2026-09-30 01:30:00.000
MATRIZ,2026-09-29,2026-09-29,RAINHA LANCHES,"7242901","000-7242901",11,10,1,TCB7I34,TCB7I34D5,14,MISTO,"22",D5,"5",Felipe Rogerio Estevam Da Silva ,"2026-09-29 20:25:01","2026-09-29 20:31:01",6.00,Wallace Christian Gomes Esteves   ,"2026-09-29 21:01:53","2026-09-29 21:01:55",Nordires Vieira Dos Santos,"2026-09-29 20:59:20",2026-09-29 19:30:00.000,2026-09-30 01:30:00.000
MATRIZ,2026-09-29,2026-09-29,RAINHA LANCHES,"7242901","000-7242901",11,10,1,TCB7I34,TCB7I34E4,56,MISTO,"16",E4,"5",Freelancer 02,"2026-09-29 20:11:25","2026-09-29 20:23:14",11.82,Wallace Christian Gomes Esteves   ,"2026-09-29 21:02:55","2026-09-29 21:02:58",Nordires Vieira Dos Santos,"2026-09-29 21:02:09",2026-09-29 19:30:00.000,2026-09-30 01:30:00.000
MATRIZ,2026-09-29,2026-09-29,RAINHA LANCHES,"7242901","000-7242901",11,10,1,TCB7I34,TCB7I34E5,63,MISTO,"15",E5,"5",Adilson José Gonçalves,"2026-09-29 20:12:12","2026-09-29 20:24:49",12.62,Wallace Christian Gomes Esteves   ,"2026-09-29 21:03:06","2026-09-29 21:03:08",Maxmiler Fernandes Silva,"2026-09-29 21:01:55",2026-09-29 19:30:00.000,2026-09-30 01:30:00.000
MATRIZ,2026-09-29,2026-09-29,RAINHA LANCHES,"7242901","000-7242901",11,10,1,TCB7I34,TCB7I34E2,38,MISTO,"21",E2,"5",Felipe Rogerio Estevam Da Silva ,"2026-09-29 20:18:03","2026-09-29 20:23:47",5.73,Wallace Christian Gomes Esteves   ,"2026-09-29 21:03:19","2026-09-29 21:03:22",Nordires Vieira Dos Santos,"2026-09-29 21:01:35",2026-09-29 19:30:00.000,2026-09-30 01:30:00.000
MATRIZ,2026-09-29,2026-09-29,RAINHA LANCHES,"7242901","000-7242901",11,10,1,TCB7I34,TCB7I34E1,74,MISTO,"14",E1,"5",Felipe Rogerio Estevam Da Silva ,"2026-09-29 20:11:22","2026-09-29 20:16:12",4.83,Wallace Christian Gomes Esteves   ,"2026-09-29 21:03:27","2026-09-29 21:03:30",Nordires Vieira Dos Santos,"2026-09-29 21:02:43",2026-09-29 19:30:00.000,2026-09-30 01:30:00.000
MATRIZ,2026-09-29,2026-09-29,DAIANA LAGOA SINUCA,"7192901","000-7192901",9,8,1,KZX0905,KZX0905E4,79,MISTO,"27",E4,"8",Leonardo Caetano Rodrigues,"2026-09-29 22:25:03","2026-09-29 22:41:13",16.17,Leonardo Miguel,"2026-09-30 01:06:07","2026-09-30 01:06:09",Maxmiler Fernandes Silva,"2026-09-29 23:50:56",2026-09-29 19:30:00.000,2026-09-30 01:30:00.000
MATRIZ,2026-09-29,2026-09-29,DAIANA LAGOA SINUCA,"7192901","000-7192901",9,8,1,KZX0905,KZX0905D2,179,MISTO,"30",D2,"8",Adilson José Gonçalves,"2026-09-29 22:22:38","2026-09-29 22:49:18",26.67,Leonardo Miguel,"2026-09-30 01:06:01","2026-09-30 01:06:03",Maxmiler Fernandes Silva,"2026-09-29 23:49:47",2026-09-29 19:30:00.000,2026-09-30 01:30:00.000
MATRIZ,2026-09-29,2026-09-29,DAIANA LAGOA SINUCA,"7192901","000-7192901",9,8,1,KZX0905,KZX0905E2,94,MISTO,"32",E2,"8",Geraldo Teixeira Baia Junior,"2026-09-29 22:29:21","2026-09-29 22:53:55",24.57,Leonardo Miguel,"2026-09-30 01:06:19","2026-09-30 01:06:21",Maxmiler Fernandes Silva,"2026-09-29 23:59:14",2026-09-29 19:30:00.000,2026-09-30 01:30:00.000
MATRIZ,2026-09-29,2026-09-29,DAIANA LAGOA SINUCA,"7192901","000-7192901",9,8,1,KZX0905,KZX0905D1,50,COMPLETO,,D1,"8",,,,,Leonardo Miguel,"2026-09-30 01:06:24","2026-09-30 01:06:27",Maxmiler Fernandes Silva,"2026-09-29 23:33:26",2026-09-29 19:30:00.000,2026-09-30 01:30:00.000
MATRIZ,2026-09-29,2026-09-29,DAIANA LAGOA SINUCA,"7192901","000-7192901",9,8,1,KZX0905,KZX0905D4,102,MISTO,"31",D4,"8",Freelancer 02,"2026-09-29 22:18:08","2026-09-29 22:40:43",22.58,Leonardo Miguel,"2026-09-30 01:05:56","2026-09-30 01:05:58",Maxmiler Fernandes Silva,"2026-09-30 00:01:18",2026-09-29 19:30:00.000,2026-09-30 01:30:00.000
MATRIZ,2026-09-29,2026-09-29,DAIANA LAGOA SINUCA,"7192901","000-7192901",9,8,1,KZX0905,KZX0905E1,73,MISTO,"4",E1,"8",Felipe Rogerio Estevam Da Silva ,"2026-09-29 22:31:35","2026-09-29 22:44:27",12.87,Leonardo Miguel,"2026-09-30 01:05:50","2026-09-30 01:05:51",Maxmiler Fernandes Silva,"2026-09-29 23:48:06",2026-09-29 19:30:00.000,2026-09-30 01:30:00.000
MATRIZ,2026-09-29,2026-09-29,DAIANA LAGOA SINUCA,"7192901","000-7192901",9,8,1,KZX0905,KZX0905E3,185,MISTO,"33",E3,"8",Pedro Lucas Procópio dos Santos,"2026-09-29 22:22:56","2026-09-29 22:52:12",29.27,Leonardo Miguel,"2026-09-30 01:05:41","2026-09-30 01:05:43",Maxmiler Fernandes Silva,"2026-09-29 23:53:16",2026-09-29 19:30:00.000,2026-09-30 01:30:00.000
MATRIZ,2026-09-29,2026-09-29,DAIANA LAGOA SINUCA,"7192901","000-7192901",9,8,1,KZX0905,KZX0905D3,24,MISTO,"42",D3,"8",Leonardo Caetano Rodrigues,"2026-09-29 22:41:42","2026-09-29 22:50:53",9.18,Leonardo Miguel,"2026-09-30 01:06:13","2026-09-30 01:06:15",Maxmiler Fernandes Silva,"2026-09-29 23:57:19",2026-09-29 19:30:00.000,2026-09-30 01:30:00.000
MATRIZ,2026-09-29,2026-09-29,GULA GULA,"7142901","000-7142901",7,7,0,HAI2518,HAI2518D3,259,MISTO,"19",D3,"1",Adilson José Gonçalves,"2026-09-29 21:20:30","2026-09-29 22:00:02",39.53,Wallace Christian Gomes Esteves   ,"2026-09-29 23:01:10","2026-09-29 23:01:12",Maxmiler Fernandes Silva,"2026-09-29 22:58:02",2026-09-29 19:30:00.000,2026-09-30 01:30:00.000
MATRIZ,2026-09-29,2026-09-29,GULA GULA,"7142901","000-7142901",7,7,0,HAI2518,HAI2518E2,37,MISTO,"21",E2,"1",Geraldo Teixeira Baia Junior,"2026-09-29 21:35:24","2026-09-29 21:43:48",8.40,Wallace Christian Gomes Esteves   ,"2026-09-29 23:02:15","2026-09-29 23:02:17",Maxmiler Fernandes Silva,"2026-09-29 23:00:14",2026-09-29 19:30:00.000,2026-09-30 01:30:00.000
MATRIZ,2026-09-29,2026-09-29,GULA GULA,"7142901","000-7142901",7,7,0,HAI2518,HAI2518D2,140,MISTO,"22",D2,"1",Freelancer 02,"2026-09-29 21:19:53","2026-09-29 21:53:18",33.42,Wallace Christian Gomes Esteves   ,"2026-09-29 23:01:17","2026-09-29 23:01:21",Maxmiler Fernandes Silva,"2026-09-29 22:59:01",2026-09-29 19:30:00.000,2026-09-30 01:30:00.000
MATRIZ,2026-09-29,2026-09-29,GULA GULA,"7142901","000-7142901",7,7,0,HAI2518,HAI2518E1,57,MISTO,"29",E1,"1",Gianmiller Moraes,"2026-09-29 21:19:53","2026-09-29 21:33:49",13.93,Wallace Christian Gomes Esteves   ,"2026-09-29 23:03:09","2026-09-29 23:03:11",Maxmiler Fernandes Silva,"2026-09-29 23:03:06",2026-09-29 19:30:00.000,2026-09-30 01:30:00.000
MATRIZ,2026-09-29,2026-09-29,GULA GULA,"7142901","000-7142901",7,7,0,HAI2518,HAI2518E3,40,MISTO,"16",E3,"1",Leonardo Caetano Rodrigues,"2026-09-29 21:25:08","2026-09-29 21:38:07",12.98,Wallace Christian Gomes Esteves   ,"2026-09-29 23:02:23","2026-09-29 23:02:30",Maxmiler Fernandes Silva,"2026-09-29 23:01:29",2026-09-29 19:30:00.000,2026-09-30 01:30:00.000
MATRIZ,2026-09-29,2026-09-29,GULA GULA,"7142901","000-7142901",7,7,0,HAI2518,HAI2518D1,40,MISTO,"15",D1,"1",Geraldo Teixeira Baia Junior,"2026-09-29 21:29:51","2026-09-29 21:30:59",1.13,Wallace Christian Gomes Esteves   ,"2026-09-29 23:03:20","2026-09-29 23:03:22",Maxmiler Fernandes Silva,"2026-09-29 23:03:14",2026-09-29 19:30:00.000,2026-09-30 01:30:00.000
MATRIZ,2026-09-29,2026-09-29,MANCHAS BAR,"7232901","000-7232901",11,5,6,JJB9B08,TCB7H85E5,242,MISTO,"23",E5,"4",Adilson José Gonçalves,"2026-09-29 20:25:32","2026-09-29 20:54:10",28.63,Wallace Christian Gomes Esteves   ,"2026-09-29 21:51:10","2026-09-29 21:51:13",Maxmiler Fernandes Silva,"2026-09-29 21:21:10",2026-09-29 19:30:00.000,2026-09-30 01:30:00.000
MATRIZ,2026-09-29,2026-09-29,MANCHAS BAR,"7232901","000-7232901",11,5,6,JJB9B08,TCB7H85D5,216,MISTO,"25",D5,"4",Leonardo Caetano Rodrigues,"2026-09-29 20:30:05","2026-09-29 21:01:20",31.25,Wallace Christian Gomes Esteves   ,"2026-09-29 21:52:09","2026-09-29 21:52:11",Maxmiler Fernandes Silva,"2026-09-29 21:17:25",2026-09-29 19:30:00.000,2026-09-30 01:30:00.000
MATRIZ,2026-09-29,2026-09-29,MANCHAS BAR,"7232901","000-7232901",11,5,6,JJB9B08,TCB7H85D1,264,COMPLETO,,D1,"4",,,,,Wallace Christian Gomes Esteves   ,"2026-09-29 21:52:30","2026-09-29 21:52:44",Maxmiler Fernandes Silva,"2026-09-29 21:52:03",2026-09-29 19:30:00.000,2026-09-30 01:30:00.000
MATRIZ,2026-09-29,2026-09-29,MANCHAS BAR,"7232901","000-7232901",11,5,6,JJB9B08,TCB7H85D3,75,COMPLETO,,D3,"4",,,,,Wallace Christian Gomes Esteves   ,"2026-09-29 21:53:29","2026-09-29 21:53:45",Maxmiler Fernandes Silva,"2026-09-29 21:52:06",2026-09-29 19:30:00.000,2026-09-30 01:30:00.000
MATRIZ,2026-09-29,2026-09-29,MANCHAS BAR,"7232901","000-7232901",11,5,6,JJB9B08,TCB7H85E2,75,COMPLETO,,E2,"4",,,,,Wallace Christian Gomes Esteves   ,"2026-09-29 21:53:48","2026-09-29 21:53:53",Maxmiler Fernandes Silva,"2026-09-29 21:52:10",2026-09-29 19:30:00.000,2026-09-30 01:30:00.000
MATRIZ,2026-09-29,2026-09-29,MANCHAS BAR,"7232901","000-7232901",11,5,6,JJB9B08,TCB7H85E3,50,COMPLETO,,E3,"4",,,,,Wallace Christian Gomes Esteves   ,"2026-09-29 21:51:54","2026-09-29 21:51:57",Maxmiler Fernandes Silva,"2026-09-29 21:37:42",2026-09-29 19:30:00.000,2026-09-30 01:30:00.000
MATRIZ,2026-09-29,2026-09-29,MANCHAS BAR,"7232901","000-7232901",11,5,6,JJB9B08,TCB7H85E4,53,MISTO,"24",E4,"4",Freelancer 02,"2026-09-29 20:26:11","2026-09-29 20:43:44",17.55,Wallace Christian Gomes Esteves   ,"2026-09-29 21:51:31","2026-09-29 21:51:36",Maxmiler Fernandes Silva,"2026-09-29 21:22:49",2026-09-29 19:30:00.000,2026-09-30 01:30:00.000
MATRIZ,2026-09-29,2026-09-29,MANCHAS BAR,"7232901","000-7232901",11,5,6,JJB9B08,TCB7H85D4,41,MISTO,"26",D4,"4",Felipe Rogerio Estevam Da Silva ,"2026-09-29 20:31:30","2026-09-29 20:40:08",8.63,Wallace Christian Gomes Esteves   ,"2026-09-29 21:52:19","2026-09-29 21:52:24",Maxmiler Fernandes Silva,"2026-09-29 21:22:44",2026-09-29 19:30:00.000,2026-09-30 01:30:00.000
MATRIZ,2026-09-29,2026-09-29,MANCHAS BAR,"7232901","000-7232901",11,5,6,JJB9B08,TCB7H85D2,75,COMPLETO,,D2,"4",,,,,Wallace Christian Gomes Esteves   ,"2026-09-29 21:53:56","2026-09-29 21:53:58",Maxmiler Fernandes Silva,"2026-09-29 21:52:13",2026-09-29 19:30:00.000,2026-09-30 01:30:00.000
MATRIZ,2026-09-29,2026-09-29,MANCHAS BAR,"7232901","000-7232901",11,5,6,JJB9B08,TCB7H85E1,75,COMPLETO,,E1,"4",,,,,Wallace Christian Gomes Esteves   ,"2026-09-29 21:54:09","2026-09-29 21:54:15",Maxmiler Fernandes Silva,"2026-09-29 21:52:16",2026-09-29 19:30:00.000,2026-09-30 01:30:00.000
MATRIZ,2026-09-29,2026-09-29,PADARIA PONTO FINAL,"7152901","000-7152901",7,7,0,MQU8E71,MQU8E71D2,121,MISTO,"14",D2,"6",Gianmiller Moraes,"2026-09-29 21:40:04","2026-09-29 22:38:44",58.67,Wallace Christian Gomes Esteves   ,"2026-09-29 23:05:27","2026-09-29 23:05:32",Maxmiler Fernandes Silva,"2026-09-29 23:05:18",2026-09-29 19:30:00.000,2026-09-30 01:30:00.000
MATRIZ,2026-09-29,2026-09-29,PADARIA PONTO FINAL,"7152901","000-7152901",7,7,0,MQU8E71,MQU8E71E2,102,MISTO,"38",E2,"6",Leonardo Caetano Rodrigues,"2026-09-29 21:40:03","2026-09-29 21:58:41",18.63,Wallace Christian Gomes Esteves   ,"2026-09-29 22:30:57","2026-09-29 22:30:59",Nordires Vieira Dos Santos,"2026-09-29 22:29:13",2026-09-29 19:30:00.000,2026-09-30 01:30:00.000
MATRIZ,2026-09-29,2026-09-29,PADARIA PONTO FINAL,"7152901","000-7152901",7,7,0,MQU8E71,MQU8E71E3,40,MISTO,"40",E3,"6",Felipe Rogerio Estevam Da Silva ,"2026-09-29 21:47:57","2026-09-29 21:59:24",11.45,Wallace Christian Gomes Esteves   ,"2026-09-29 22:33:33","2026-09-29 22:33:36",Nordires Vieira Dos Santos,"2026-09-29 22:28:18",2026-09-29 19:30:00.000,2026-09-30 01:30:00.000
MATRIZ,2026-09-29,2026-09-29,PADARIA PONTO FINAL,"7152901","000-7152901",7,7,0,MQU8E71,MQU8E71D3,37,MISTO,"42",D3,"6",Freelancer 02,"2026-09-29 21:55:33","2026-09-29 22:13:06",17.55,Wallace Christian Gomes Esteves   ,"2026-09-29 22:33:24","2026-09-29 22:33:27",Nordires Vieira Dos Santos,"2026-09-29 22:26:02",2026-09-29 19:30:00.000,2026-09-30 01:30:00.000
MATRIZ,2026-09-29,2026-09-29,PADARIA PONTO FINAL,"7152901","000-7152901",7,7,0,MQU8E71,MQU8E71D1,40,MISTO,"41",D1,"6",Natan Silva Medeiros Júnior,"2026-09-29 21:55:07","2026-09-29 21:58:04",2.95,Wallace Christian Gomes Esteves   ,"2026-09-29 22:33:46","2026-09-29 22:33:48",Nordires Vieira Dos Santos,"2026-09-29 22:29:24",2026-09-29 19:30:00.000,2026-09-30 01:30:00.000
MATRIZ,2026-09-29,2026-09-29,PADARIA PONTO FINAL,"7152901","000-7152901",7,7,0,MQU8E71,MQU8E71E1,62,MISTO,"39",E1,"6",Geraldo Teixeira Baia Junior,"2026-09-29 21:47:31","2026-09-29 22:04:09",16.63,Wallace Christian Gomes Esteves   ,"2026-09-29 22:33:54","2026-09-29 22:33:56",Nordires Vieira Dos Santos,"2026-09-29 22:27:01",2026-09-29 19:30:00.000,2026-09-30 01:30:00.000
MATRIZ,2026-09-29,2026-09-29,BAR DO WILTON,"7382901","000-7382901",7,7,0,KKJ5250,KKJ5250E2,59,MISTO,"40",E2,"1",Gianmiller Moraes,"2026-09-29 22:46:58","2026-09-29 23:12:36",25.63,Leonardo Miguel,"2026-09-30 01:01:25","2026-09-30 01:01:27",Maxmiler Fernandes Silva,"2026-09-30 00:04:26",2026-09-29 19:30:00.000,2026-09-30 01:30:00.000
MATRIZ,2026-09-29,2026-09-29,BAR DO WILTON,"7382901","000-7382901",7,7,0,KKJ5250,KKJ5250E1,50,MISTO,"5",E1,"1",Adilson José Gonçalves,"2026-09-29 22:49:52","2026-09-29 22:54:32",4.67,Leonardo Miguel,"2026-09-30 01:01:17","2026-09-30 01:01:18",Maxmiler Fernandes Silva,"2026-09-30 00:04:30",2026-09-29 19:30:00.000,2026-09-30 01:30:00.000
MATRIZ,2026-09-29,2026-09-29,BAR DO WILTON,"7382901","000-7382901",7,7,0,KKJ5250,KKJ5250D2,92,MISTO,"41",D2,"1",Freelancer 02,"2026-09-29 22:44:41","2026-09-29 23:07:36",22.92,Leonardo Miguel,"2026-09-30 01:01:05","2026-09-30 01:01:09",Maxmiler Fernandes Silva,"2026-09-30 00:14:04",2026-09-29 19:30:00.000,2026-09-30 01:30:00.000
MATRIZ,2026-09-29,2026-09-29,BAR DO WILTON,"7382901","000-7382901",7,7,0,KKJ5250,KKJ5250D3,35,MISTO,"7",D3,"1",Leonardo Caetano Rodrigues,"2026-09-29 22:51:09","2026-09-29 23:02:13",11.07,Leonardo Miguel,"2026-09-30 01:03:43","2026-09-30 01:03:48",Maxmiler Fernandes Silva,"2026-09-30 00:09:27",2026-09-29 19:30:00.000,2026-09-30 01:30:00.000
MATRIZ,2026-09-29,2026-09-29,BAR DO WILTON,"7382901","000-7382901",7,7,0,KKJ5250,KKJ5250D1,40,MISTO,"6",D1,"1",Natan Silva Medeiros Júnior,"2026-09-29 22:51:16","2026-09-29 22:55:43",4.45,Leonardo Miguel,"2026-09-30 01:02:00","2026-09-30 01:02:02",Maxmiler Fernandes Silva,"2026-09-30 00:06:28",2026-09-29 19:30:00.000,2026-09-30 01:30:00.000
MATRIZ,2026-09-29,2026-09-29,BAR DO WILTON,"7382901","000-7382901",7,7,0,KKJ5250,KKJ5250E3,179,MISTO,"39",E3,"1",Felipe Rogerio Estevam Da Silva ,"2026-09-29 22:45:02","2026-09-29 23:11:43",26.68,Leonardo Miguel,"2026-09-30 01:02:14","2026-09-30 01:02:16",Maxmiler Fernandes Silva,"2026-09-30 00:12:05",2026-09-29 19:30:00.000,2026-09-30 01:30:00.000
MATRIZ,2026-09-29,2026-09-29,JUSCILENE APARECIDA BRITO DE S,"7132901","000-7132901",7,7,0,JXS4C69,JXS4C69E2,40,MISTO,"17",E2,"2",Geraldo Teixeira Baia Junior,"2026-09-29 21:12:33","2026-09-29 21:26:44",14.18,Wallace Christian Gomes Esteves   ,"2026-09-29 23:00:07","2026-09-29 23:00:10",Nordires Vieira Dos Santos,"2026-09-29 22:34:01",2026-09-29 19:30:00.000,2026-09-30 01:30:00.000
MATRIZ,2026-09-29,2026-09-29,JUSCILENE APARECIDA BRITO DE S,"7132901","000-7132901",7,7,0,JXS4C69,JXS4C69D1,46,MISTO,"18",D1,"2",Freelancer 02,"2026-09-29 21:09:11","2026-09-29 21:15:00",5.82,Wallace Christian Gomes Esteves   ,"2026-09-29 23:00:25","2026-09-29 23:00:33",Nordires Vieira Dos Santos,"2026-09-29 22:24:29",2026-09-29 19:30:00.000,2026-09-30 01:30:00.000
MATRIZ,2026-09-29,2026-09-29,JUSCILENE APARECIDA BRITO DE S,"7132901","000-7132901",7,7,0,JXS4C69,JXS4C69D2,129,MISTO,"35",D2,"2",Natan Silva Medeiros Júnior,"2026-09-29 21:00:40","2026-09-29 21:51:36",50.93,Wallace Christian Gomes Esteves   ,"2026-09-29 22:59:46","2026-09-29 22:59:54",Nordires Vieira Dos Santos,"2026-09-29 22:56:43",2026-09-29 19:30:00.000,2026-09-30 01:30:00.000
MATRIZ,2026-09-29,2026-09-29,JUSCILENE APARECIDA BRITO DE S,"7132901","000-7132901",7,7,0,JXS4C69,JXS4C69E1,72,MISTO,"37",E1,"2",Leonardo Caetano Rodrigues,"2026-09-29 21:01:41","2026-09-29 21:24:24",22.72,Wallace Christian Gomes Esteves   ,"2026-09-29 23:00:36","2026-09-29 23:00:38",Nordires Vieira Dos Santos,"2026-09-29 22:36:02",2026-09-29 19:30:00.000,2026-09-30 01:30:00.000
MATRIZ,2026-09-29,2026-09-29,JUSCILENE APARECIDA BRITO DE S,"7132901","000-7132901",7,7,0,JXS4C69,JXS4C69D3,45,MISTO,"1",D3,"2",Adilson José Gonçalves,"2026-09-29 21:07:32","2026-09-29 21:17:17",9.75,Wallace Christian Gomes Esteves   ,"2026-09-29 23:00:47","2026-09-29 23:00:52",Nordires Vieira Dos Santos,"2026-09-29 22:36:55",2026-09-29 19:30:00.000,2026-09-30 01:30:00.000
MATRIZ,2026-09-29,2026-09-29,JUSCILENE APARECIDA BRITO DE S,"7132901","000-7132901",7,7,0,JXS4C69,JXS4C69E3,273,MISTO,"34",E3,"2",Felipe Rogerio Estevam Da Silva ,"2026-09-29 20:57:40","2026-09-29 21:47:33",49.88,Leonardo Miguel,"2026-09-29 23:14:44","2026-09-29 23:14:50",Leonardo Miguel,"2026-09-29 23:14:00",2026-09-29 19:30:00.000,2026-09-30 01:30:00.000
MATRIZ,2026-09-29,2026-09-29,BRANCA BUTIQUIM,"7182901","000-7182901",7,7,0,RFP8G80,RFP8G80E2,193,MISTO,"23",E2,"7",Felipe Rogerio Estevam Da Silva ,"2026-09-29 22:00:21","2026-09-29 22:31:10",30.82,Leonardo Miguel,"2026-09-29 23:22:49","2026-09-29 23:22:51",Maxmiler Fernandes Silva,"2026-09-29 23:06:46",2026-09-29 19:30:00.000,2026-09-30 01:30:00.000
MATRIZ,2026-09-29,2026-09-29,BRANCA BUTIQUIM,"7182901","000-7182901",7,7,0,RFP8G80,RFP8G80D2,47,MISTO,"26",D2,"7",Geraldo Teixeira Baia Junior,"2026-09-29 22:05:10","2026-09-29 22:19:21",14.18,Leonardo Miguel,"2026-09-29 23:22:29","2026-09-29 23:22:33",Maxmiler Fernandes Silva,"2026-09-29 23:16:57",2026-09-29 19:30:00.000,2026-09-30 01:30:00.000
MATRIZ,2026-09-29,2026-09-29,BRANCA BUTIQUIM,"7182901","000-7182901",7,7,0,RFP8G80,RFP8G80E3,48,MISTO,"24",E3,"7",Adilson José Gonçalves,"2026-09-29 22:04:14","2026-09-29 22:16:30",12.27,Leonardo Miguel,"2026-09-29 23:22:42","2026-09-29 23:22:44",Maxmiler Fernandes Silva,"2026-09-29 23:20:06",2026-09-29 19:30:00.000,2026-09-30 01:30:00.000
MATRIZ,2026-09-29,2026-09-29,BRANCA BUTIQUIM,"7182901","000-7182901",7,7,0,RFP8G80,RFP8G80D3,138,MISTO,"2",D3,"7",Natan Silva Medeiros Júnior,"2026-09-29 22:00:04","2026-09-29 22:37:45",37.68,Leonardo Miguel,"2026-09-29 23:23:56","2026-09-29 23:23:58",Maxmiler Fernandes Silva,"2026-09-29 23:23:45",2026-09-29 19:30:00.000,2026-09-30 01:30:00.000
MATRIZ,2026-09-29,2026-09-29,BRANCA BUTIQUIM,"7182901","000-7182901",7,7,0,RFP8G80,RFP8G80D1,45,MISTO,"28",D1,"7",Pedro Lucas Procópio dos Santos,"2026-09-29 22:13:47","2026-09-29 22:18:42",4.92,Leonardo Miguel,"2026-09-29 23:23:15","2026-09-29 23:23:17",Maxmiler Fernandes Silva,"2026-09-29 23:20:02",2026-09-29 19:30:00.000,2026-09-30 01:30:00.000
MATRIZ,2026-09-29,2026-09-29,BRANCA BUTIQUIM,"7182901","000-7182901",7,7,0,RFP8G80,RFP8G80E1,187,MISTO,"25",E1,"7",Leonardo Caetano Rodrigues,"2026-09-29 22:01:51","2026-09-29 22:22:35",20.73,Leonardo Miguel,"2026-09-29 23:23:05","2026-09-29 23:23:07",Maxmiler Fernandes Silva,"2026-09-29 23:16:45",2026-09-29 19:30:00.000,2026-09-30 01:30:00.000
MATRIZ,2026-09-30,2026-09-02,BAR DA MARILENE,"7130201","000-7130201",7,7,0,JXS4C69,JXS4C69E3,117,MISTO,"1",E3,,José Montador,"2026-09-30 10:51:42","2026-09-30 10:51:56",0.23,José Conferente,"2026-09-30 11:02:15","2026-09-30 11:02:20",José Empilhador,"2026-09-30 11:03:36",2026-09-30 10:48:00.000,2026-09-30 18:11:00.000
MATRIZ,2026-09-30,2026-09-02,BAR DA MARILENE,"7130201","000-7130201",7,7,0,JXS4C69,JXS4C69D2,117,MISTO,"2",D2,,José Montador,"2026-09-30 10:51:17","2026-09-30 10:51:33",0.27,José Conferente,"2026-09-30 10:54:57","2026-09-30 10:57:32",José Empilhador,"2026-09-30 11:03:34",2026-09-30 10:48:00.000,2026-09-30 18:11:00.000
MATRIZ,2026-09-30,2026-09-02,BAR DA MARILENE,"7130201","000-7130201",7,7,0,JXS4C69,JXS4C69E2,41,MISTO,"6",E2,,José Montador,"2026-09-30 10:52:53","2026-09-30 10:52:59",0.10,,"2026-09-30 10:59:01","2026-09-30 10:59:22",José Empilhador,"2026-09-30 11:03:22",2026-09-30 10:48:00.000,2026-09-30 18:11:00.000
MATRIZ,2026-09-30,2026-09-02,BAR DA MARILENE,"7130201","000-7130201",7,7,0,JXS4C69,JXS4C69D1,46,MISTO,"4",D1,,José Montador,"2026-09-30 10:52:23","2026-09-30 10:52:26",0.05,José Conferente,"2026-09-30 11:04:16","2026-09-30 11:04:20",José Empilhador,"2026-09-30 11:04:32",2026-09-30 10:48:00.000,2026-09-30 18:11:00.000
MATRIZ,2026-09-30,2026-09-02,BAR DA MARILENE,"7130201","000-7130201",7,7,0,JXS4C69,JXS4C69E1,68,MISTO,"3",E1,,José Montador,"2026-09-30 10:52:07","2026-09-30 10:52:13",0.10,José Conferente,"2026-09-30 11:02:23","2026-09-30 11:02:32",José Empilhador,"2026-09-30 11:03:31",2026-09-30 10:48:00.000,2026-09-30 18:11:00.000
MATRIZ,2026-09-30,2026-09-02,BAR DA MARILENE,"7130201","000-7130201",7,7,0,JXS4C69,JXS4C69D3,44,MISTO,"5",D3,,José Montador,"2026-09-30 10:52:35","2026-09-30 10:52:42",0.12,José Conferente,"2026-09-30 11:03:51","2026-09-30 11:02:46",José Empilhador,"2026-09-30 11:03:25",2026-09-30 10:48:00.000,2026-09-30 18:11:00.000
MATRIZ,2026-09-30,2026-09-30,CHURRAS. DA CLAUDIA,"7193001","000-7193001",9,8,1,KZX0905,KZX0905E3,15,MISTO,"29",E3,"3",Pedro Lucas Procópio dos Santos,"2026-10-01 02:41:29","2026-10-01 02:47:45",6.27,Alexsander Campos Silva,"2026-10-01 03:50:26","2026-10-01 03:50:31",Maxmiler Fernandes Silva,"2026-10-01 03:46:45",2026-09-30 18:11:00.000,2026-10-01 18:19:00.000
MATRIZ,2026-09-30,2026-09-30,CHURRAS. DA CLAUDIA,"7193001","000-7193001",9,8,1,KZX0905,KZX0905E2,239,MISTO,"112",E2,"3",Freelancer 04,"2026-10-01 02:08:09","2026-10-01 02:51:16",43.12,Alexsander Campos Silva,"2026-10-01 03:51:05","2026-10-01 03:51:10",Maxmiler Fernandes Silva,"2026-10-01 03:45:16",2026-09-30 18:11:00.000,2026-10-01 18:19:00.000
MATRIZ,2026-09-30,2026-09-30,CHURRAS. DA CLAUDIA,"7193001","000-7193001",9,8,1,KZX0905,KZX0905D2,59,MISTO,"13",D2,"3",Freelancer 02,"2026-10-01 02:16:53","2026-10-01 02:40:44",23.85,Alexsander Campos Silva,"2026-10-01 03:51:59","2026-10-01 03:52:05",Maxmiler Fernandes Silva,"2026-10-01 03:51:52",2026-09-30 18:11:00.000,2026-10-01 18:19:00.000
MATRIZ,2026-09-30,2026-09-30,CHURRAS. DA CLAUDIA,"7193001","000-7193001",9,8,1,KZX0905,KZX0905D3,82,MISTO,"91",D3,"3",Marcos Vinicio Alves Pessoa,"2026-10-01 02:10:12","2026-10-01 02:34:06",23.90,Alexsander Campos Silva,"2026-10-01 03:50:44","2026-10-01 03:50:48",Maxmiler Fernandes Silva,"2026-10-01 03:49:15",2026-09-30 18:11:00.000,2026-10-01 18:19:00.000
MATRIZ,2026-09-30,2026-09-30,CHURRAS. DA CLAUDIA,"7193001","000-7193001",9,8,1,KZX0905,KZX0905D4,77,MISTO,"10",D4,"3",Leonardo Caetano Rodrigues,"2026-10-01 02:15:50","2026-10-01 02:32:21",16.52,Alexsander Campos Silva,"2026-10-01 03:51:21","2026-10-01 03:51:25",Maxmiler Fernandes Silva,"2026-10-01 03:50:15",2026-09-30 18:11:00.000,2026-10-01 18:19:00.000
MATRIZ,2026-09-30,2026-09-30,CHURRAS. DA CLAUDIA,"7193001","000-7193001",9,8,1,KZX0905,KZX0905E1,46,MISTO,"82",E1,"3",Gianmiller Moraes,"2026-10-01 02:20:00","2026-10-01 02:29:42",9.70,Alexsander Campos Silva,"2026-10-01 03:54:20","2026-10-01 03:54:24",Maxmiler Fernandes Silva,"2026-10-01 03:53:04",2026-09-30 18:11:00.000,2026-10-01 18:19:00.000
MATRIZ,2026-09-30,2026-09-30,CHURRAS. DA CLAUDIA,"7193001","000-7193001",9,8,1,KZX0905,KZX0905E4,39,MISTO,"87",E4,"3",Adilson José Gonçalves,"2026-10-01 02:20:12","2026-10-01 02:32:12",12.00,Alexsander Campos Silva,"2026-10-01 03:52:25","2026-10-01 03:52:52",Maxmiler Fernandes Silva,"2026-10-01 03:52:08",2026-09-30 18:11:00.000,2026-10-01 18:19:00.000
MATRIZ,2026-09-30,2026-09-30,CHURRAS. DA CLAUDIA,"7193001","000-7193001",9,8,1,KZX0905,KZX0905D1,50,COMPLETO,,D1,"3",,,,,Alexsander Campos Silva,"2026-10-01 03:53:27","2026-10-01 03:54:01",Leonardo Miguel,"2026-10-01 03:42:40",2026-09-30 18:11:00.000,2026-10-01 18:19:00.000
MATRIZ,2026-09-30,2026-09-30,REST PLANALTO,"7403001","000-7403001",11,10,1,PUN0E10,PUN0E10E2,142,MISTO,"38",E2,"1",Paulo Rozani Lopes Da Silva,"2026-10-01 02:50:49","2026-10-01 03:38:47",47.97,Wallace Christian Gomes Esteves   ,"2026-10-01 04:54:30","2026-10-01 04:54:32",Leonardo Miguel,"2026-10-01 04:10:12",2026-09-30 18:11:00.000,2026-10-01 18:19:00.000
MATRIZ,2026-09-30,2026-09-30,REST PLANALTO,"7403001","000-7403001",11,10,1,PUN0E10,PUN0E10D4,78,MISTO,"19",D4,"1",Adilson José Gonçalves,"2026-10-01 03:03:34","2026-10-01 03:20:09",16.58,Wallace Christian Gomes Esteves   ,"2026-10-01 04:54:49","2026-10-01 04:54:51",Leonardo Miguel,"2026-10-01 03:41:43",2026-09-30 18:11:00.000,2026-10-01 18:19:00.000
MATRIZ,2026-09-30,2026-09-30,REST PLANALTO,"7403001","000-7403001",11,10,1,PUN0E10,PUN0E10E4,23,MISTO,"28",E4,"1",Pedro Lucas Procópio dos Santos,"2026-10-01 03:08:47","2026-10-01 03:16:43",7.93,Wallace Christian Gomes Esteves   ,"2026-10-01 04:55:22","2026-10-01 04:55:27",Leonardo Miguel,"2026-10-01 03:36:12",2026-09-30 18:11:00.000,2026-10-01 18:19:00.000
MATRIZ,2026-09-30,2026-09-30,REST PLANALTO,"7403001","000-7403001",11,10,1,PUN0E10,PUN0E10D1,50,COMPLETO,,D1,"1",,,,,Wallace Christian Gomes Esteves   ,"2026-10-01 04:55:16","2026-10-01 04:55:18",Leonardo Miguel,"2026-10-01 03:53:24",2026-09-30 18:11:00.000,2026-10-01 18:19:00.000
MATRIZ,2026-09-30,2026-09-30,REST PLANALTO,"7403001","000-7403001",11,10,1,PUN0E10,PUN0E10E3,117,MISTO,"18",E3,"1",Leonardo Caetano Rodrigues,"2026-10-01 03:09:14","2026-10-01 03:12:28",3.23,Wallace Christian Gomes Esteves   ,"2026-10-01 04:53:17","2026-10-01 04:53:20",Maxmiler Fernandes Silva,"2026-10-01 03:57:10",2026-09-30 18:11:00.000,2026-10-01 18:19:00.000
MATRIZ,2026-09-30,2026-09-30,REST PLANALTO,"7403001","000-7403001",11,10,1,PUN0E10,PUN0E10D2,261,MISTO,"17",D2,"1",Freelancer 02,"2026-10-01 02:44:01","2026-10-01 02:56:36",12.58,Wallace Christian Gomes Esteves   ,"2026-10-01 04:53:42","2026-10-01 04:53:47",Maxmiler Fernandes Silva,"2026-10-01 04:13:33",2026-09-30 18:11:00.000,2026-10-01 18:19:00.000
MATRIZ,2026-09-30,2026-09-30,REST PLANALTO,"7403001","000-7403001",11,10,1,PUN0E10,PUN0E10D3,45,MISTO,"120",D3,"1",Freelancer 04,"2026-10-01 02:59:52","2026-10-01 03:11:44",11.87,Wallace Christian Gomes Esteves   ,"2026-10-01 04:53:54","2026-10-01 04:53:56",Leonardo Miguel,"2026-10-01 04:11:37",2026-09-30 18:11:00.000,2026-10-01 18:19:00.000
MATRIZ,2026-09-30,2026-09-30,REST PLANALTO,"7403001","000-7403001",11,10,1,PUN0E10,PUN0E10E1,47,MISTO,"102",E1,"1",Pedro Lucas Procópio dos Santos,"2026-10-01 02:56:26","2026-10-01 03:04:34",8.13,Wallace Christian Gomes Esteves   ,"2026-10-01 04:54:21","2026-10-01 04:54:24",Leonardo Miguel,"2026-10-01 04:12:34",2026-09-30 18:11:00.000,2026-10-01 18:19:00.000
MATRIZ,2026-09-30,2026-09-30,REST PLANALTO,"7403001","000-7403001",11,10,1,PUN0E10,PUN0E10E5,32,MISTO,"22",E5,"1",Freelancer 02,"2026-10-01 03:03:14","2026-10-01 03:06:15",3.02,Wallace Christian Gomes Esteves   ,"2026-10-01 04:54:12","2026-10-01 04:54:14",Maxmiler Fernandes Silva,"2026-10-01 04:12:32",2026-09-30 18:11:00.000,2026-10-01 18:19:00.000
MATRIZ,2026-09-30,2026-09-30,REST PLANALTO,"7403001","000-7403001",11,10,1,PUN0E10,PUN0E10D5,178,MISTO,"107",D5,"1",Felipe Rogerio Estevam Da Silva ,"2026-10-01 02:46:11","2026-10-01 03:09:58",23.78,Wallace Christian Gomes Esteves   ,"2026-10-01 04:54:39","2026-10-01 04:54:42",Leonardo Miguel,"2026-10-01 04:06:34",2026-09-30 18:11:00.000,2026-10-01 18:19:00.000
MATRIZ,2026-09-30,2026-09-30,SUPERMERCADO PAGA PO,"7323001","000-7323001",12,9,3,QXO9C83,QXO9C83E4,325,MISTO,"4",E4,"5",Geraldo Teixeira Baia Junior,"2026-09-30 19:13:19","2026-09-30 21:02:05",108.77,João Victor Silva Leal,"2026-09-30 22:30:48","2026-09-30 22:31:51",Nordires Vieira Dos Santos,"2026-09-30 22:18:39",2026-09-30 18:11:00.000,2026-10-01 18:19:00.000
MATRIZ,2026-09-30,2026-09-30,SUPERMERCADO PAGA PO,"7323001","000-7323001",12,9,3,QXO9C83,QXO9C83E3,353,MISTO,"2",E3,"5",Geraldo Teixeira Baia Junior,"2026-09-30 18:53:19","2026-09-30 19:10:05",16.77,João Victor Silva Leal,"2026-09-30 22:30:18","2026-09-30 22:30:34",Nordires Vieira Dos Santos,"2026-09-30 22:17:58",2026-09-30 18:11:00.000,2026-10-01 18:19:00.000
MATRIZ,2026-09-30,2026-09-30,SUPERMERCADO PAGA PO,"7323001","000-7323001",12,9,3,QXO9C83,QXO9C83D5,140,MISTO,"8",D5,"5",Felipe Rogerio Estevam Da Silva ,"2026-09-30 20:16:43","2026-09-30 20:33:33",16.83,João Victor Silva Leal,"2026-09-30 22:32:08","2026-09-30 22:32:33",Nordires Vieira Dos Santos,"2026-09-30 22:21:26",2026-09-30 18:11:00.000,2026-10-01 18:19:00.000
MATRIZ,2026-09-30,2026-09-30,SUPERMERCADO PAGA PO,"7323001","000-7323001",12,9,3,QXO9C83,QXO9C83D4,174,MISTO,"6",D4,"5",Leonardo Caetano Rodrigues,"2026-09-30 20:16:25","2026-09-30 20:46:49",30.40,João Victor Silva Leal,"2026-09-30 22:32:50","2026-09-30 22:33:41",Nordires Vieira Dos Santos,"2026-09-30 22:19:10",2026-09-30 18:11:00.000,2026-10-01 18:19:00.000
MATRIZ,2026-09-30,2026-09-30,SUPERMERCADO PAGA PO,"7323001","000-7323001",12,9,3,QXO9C83,QXO9C83E5,86,MISTO,"51",E5,"5",Natan Silva Medeiros Júnior,"2026-09-30 20:16:48","2026-09-30 20:28:22",11.57,João Victor Silva Leal,"2026-09-30 22:33:52","2026-09-30 22:34:17",Nordires Vieira Dos Santos,"2026-09-30 22:22:03",2026-09-30 18:11:00.000,2026-10-01 18:19:00.000
MATRIZ,2026-09-30,2026-09-30,SUPERMERCADO PAGA PO,"7323001","000-7323001",12,9,3,QXO9C83,QXO9C83D2,75,COMPLETO,,D2,"5",,,,,João Victor Silva Leal,"2026-09-30 22:34:39","2026-09-30 22:34:48",Nordires Vieira Dos Santos,"2026-09-30 22:13:45",2026-09-30 18:11:00.000,2026-10-01 18:19:00.000
MATRIZ,2026-09-30,2026-09-30,SUPERMERCADO PAGA PO,"7323001","000-7323001",12,9,3,QXO9C83,QXO9C83E1,75,COMPLETO,,E1,"5",,,,,João Victor Silva Leal,"2026-09-30 22:34:55","2026-09-30 22:35:00",Nordires Vieira Dos Santos,"2026-09-30 22:13:50",2026-09-30 18:11:00.000,2026-10-01 18:19:00.000
MATRIZ,2026-09-30,2026-09-30,SUPERMERCADO PAGA PO,"7323001","000-7323001",12,9,3,QXO9C83,QXO9C83D1,75,COMPLETO,,D1,"5",,,,,João Victor Silva Leal,"2026-09-30 22:35:04","2026-09-30 22:35:16",Nordires Vieira Dos Santos,"2026-09-30 22:13:55",2026-09-30 18:11:00.000,2026-10-01 18:19:00.000
MATRIZ,2026-09-30,2026-09-30,SUPERMERCADO PAGA PO,"7323001","000-7323001",12,9,3,QXO9C83,QXO9C83D3,43,MISTO,"111",D3,"5",Freelancer 02,"2026-09-30 20:16:59","2026-09-30 20:26:59",10.00,João Victor Silva Leal,"2026-09-30 22:36:01","2026-09-30 22:37:23",Nordires Vieira Dos Santos,"2026-09-30 22:22:46",2026-09-30 18:11:00.000,2026-10-01 18:19:00.000
MATRIZ,2026-09-30,2026-09-30,SUPERMERCADO PAGA PO,"7323001","000-7323001",12,9,3,QXO9C83,QXO9C83E2,81,MISTO,"60",E2,"5",Paulo Rozani Lopes Da Silva,"2026-09-30 20:16:55","2026-09-30 20:47:34",30.65,João Victor Silva Leal,"2026-09-30 22:37:58","2026-09-30 22:38:45",Nordires Vieira Dos Santos,"2026-09-30 22:19:57",2026-09-30 18:11:00.000,2026-10-01 18:19:00.000
MATRIZ,2026-09-30,2026-09-30,SUPERMERCADO PAGA PO,"7323001","000-7323001",12,9,3,QXO9C83,QXO9C83D6,45,MISTO,"53",D6,"5",Marcos Vinicio Alves Pessoa,"2026-09-30 20:17:05","2026-09-30 20:40:24",23.32,João Victor Silva Leal,"2026-09-30 22:38:56","2026-09-30 22:39:27",Nordires Vieira Dos Santos,"2026-09-30 22:20:39",2026-09-30 18:11:00.000,2026-10-01 18:19:00.000
MATRIZ,2026-09-30,2026-10-01,SUP COIMBRA,"7883003","000-7883003",5,5,0,PICK-UP,PICK-UPD1,62,MISTO,"112",D1,"3",Freelancer 02,"2026-10-01 04:19:25","2026-10-01 04:40:47",21.37,Wallace Christian Gomes Esteves   ,"2026-10-01 05:44:17","2026-10-01 05:44:20",Maxmiler Fernandes Silva,"2026-10-01 05:43:39",2026-09-30 18:11:00.000,2026-10-01 18:19:00.000
MATRIZ,2026-09-30,2026-10-01,SUP COIMBRA,"7883003","000-7883003",5,5,0,PICK-UP,PICK-UPE1,85,MISTO,"109",E1,"3",Leonardo Caetano Rodrigues,"2026-10-01 04:47:51","2026-10-01 04:57:34",9.72,Wallace Christian Gomes Esteves   ,"2026-10-01 05:47:54","2026-10-01 05:47:56",Maxmiler Fernandes Silva,"2026-10-01 05:46:59",2026-09-30 18:11:00.000,2026-10-01 18:19:00.000
MATRIZ,2026-09-30,2026-10-01,SUP COIMBRA,"7883003","000-7883003",5,5,0,PICK-UP,PICK-UPD2,32,MISTO,"89",D2,"3",Felipe Rogerio Estevam Da Silva ,"2026-10-01 04:22:41","2026-10-01 04:40:46",18.08,Wallace Christian Gomes Esteves   ,"2026-10-01 05:48:00","2026-10-01 05:48:03",Maxmiler Fernandes Silva,"2026-10-01 05:47:51",2026-09-30 18:11:00.000,2026-10-01 18:19:00.000
MATRIZ,2026-09-30,2026-10-01,SUP COIMBRA,"7883003","000-7883003",5,5,0,PICK-UP,PICK-UPE2,143,MISTO,"106",E2,"3",Adilson José Gonçalves,"2026-10-01 04:17:59","2026-10-01 04:41:45",23.77,Wallace Christian Gomes Esteves   ,"2026-10-01 05:48:39","2026-10-01 05:48:41",Leonardo Miguel,"2026-10-01 05:44:24",2026-09-30 18:11:00.000,2026-10-01 18:19:00.000
MATRIZ,2026-09-30,2026-09-30,MARCOS,"7233001","000-7233001",10,8,2,JJB9B08,TCB7H85D1,264,MISTO,"93",D1,"5",Geraldo Teixeira Baia Junior,"2026-09-30 22:10:49","2026-09-30 22:40:41",29.87,Wallace Christian Gomes Esteves   ,"2026-10-01 01:41:51","2026-10-01 01:41:56",Maxmiler Fernandes Silva,"2026-10-01 01:32:45",2026-09-30 18:11:00.000,2026-10-01 18:19:00.000
MATRIZ,2026-09-30,2026-09-30,MARCOS,"7233001","000-7233001",10,8,2,JJB9B08,TCB7H85E3,124,MISTO,"122",E3,"5",Freelancer 02,"2026-09-30 22:16:04","2026-09-30 22:54:48",38.73,Wallace Christian Gomes Esteves   ,"2026-10-01 01:41:32","2026-10-01 01:41:33",Leonardo Miguel,"2026-10-01 01:28:49",2026-09-30 18:11:00.000,2026-10-01 18:19:00.000
MATRIZ,2026-09-30,2026-09-30,MARCOS,"7233001","000-7233001",10,8,2,JJB9B08,TCB7H85E2,131,MISTO,"94",E2,"5",Gianmiller Moraes,"2026-09-30 22:26:28","2026-09-30 22:42:33",16.08,Wallace Christian Gomes Esteves   ,"2026-10-01 01:41:20","2026-10-01 01:41:24",Leonardo Miguel,"2026-10-01 01:34:49",2026-09-30 18:11:00.000,2026-10-01 18:19:00.000
MATRIZ,2026-09-30,2026-09-30,MARCOS,"7233001","000-7233001",10,8,2,JJB9B08,TCB7H85E5,124,MISTO,"97",E5,"5",Felipe Rogerio Estevam Da Silva ,"2026-09-30 22:14:43","2026-09-30 22:45:44",31.02,Wallace Christian Gomes Esteves   ,"2026-10-01 01:41:42","2026-10-01 01:41:45",Leonardo Miguel,"2026-10-01 01:37:18",2026-09-30 18:11:00.000,2026-10-01 18:19:00.000
MATRIZ,2026-09-30,2026-09-30,MARCOS,"7233001","000-7233001",10,8,2,JJB9B08,TCB7H85D4,235,MISTO,"91",D4,"5",Natan Silva Medeiros Júnior,"2026-09-30 22:09:42","2026-09-30 22:51:48",42.10,Wallace Christian Gomes Esteves   ,"2026-10-01 01:42:54","2026-10-01 01:43:03",Maxmiler Fernandes Silva,"2026-10-01 01:32:37",2026-09-30 18:11:00.000,2026-10-01 18:19:00.000
MATRIZ,2026-09-30,2026-09-30,MARCOS,"7233001","000-7233001",10,8,2,JJB9B08,TCB7H85E4,49,MISTO,"10",E4,"5",Adilson José Gonçalves,"2026-09-30 22:27:05","2026-09-30 22:40:18",13.22,Wallace Christian Gomes Esteves   ,"2026-10-01 01:42:45","2026-10-01 01:42:51",Leonardo Miguel,"2026-10-01 01:36:17",2026-09-30 18:11:00.000,2026-10-01 18:19:00.000
MATRIZ,2026-09-30,2026-09-30,MARCOS,"7233001","000-7233001",10,8,2,JJB9B08,TCB7H85D3,147,MISTO,"95",D3,"5",Freelancer 01,"2026-09-30 22:13:09","2026-09-30 22:39:29",26.33,Wallace Christian Gomes Esteves   ,"2026-10-01 01:42:22","2026-10-01 01:42:24",Leonardo Miguel,"2026-10-01 01:36:09",2026-09-30 18:11:00.000,2026-10-01 18:19:00.000
MATRIZ,2026-09-30,2026-09-30,MARCOS,"7233001","000-7233001",10,8,2,JJB9B08,TCB7H85D5,226,MISTO,"96",D5,"5",Leonardo Caetano Rodrigues,"2026-09-30 22:11:21","2026-09-30 22:43:52",32.52,Wallace Christian Gomes Esteves   ,"2026-10-01 01:42:05","2026-10-01 01:42:07",Leonardo Miguel,"2026-10-01 01:31:48",2026-09-30 18:11:00.000,2026-10-01 18:19:00.000
MATRIZ,2026-09-30,2026-09-30,MARCOS,"7233001","000-7233001",10,8,2,JJB9B08,TCB7H85D2,75,COMPLETO,,D2,"5",,,,,Wallace Christian Gomes Esteves   ,"2026-10-01 01:43:15","2026-10-01 01:43:17",Nordires Vieira Dos Santos,"2026-10-01 01:26:35",2026-09-30 18:11:00.000,2026-10-01 18:19:00.000
MATRIZ,2026-09-30,2026-09-30,MARCOS,"7233001","000-7233001",10,8,2,JJB9B08,TCB7H85E1,75,COMPLETO,,E1,"5",,,,,Wallace Christian Gomes Esteves   ,"2026-10-01 01:43:20","2026-10-01 01:43:22",Leonardo Miguel,"2026-10-01 01:27:15",2026-09-30 18:11:00.000,2026-10-01 18:19:00.000
MATRIZ,2026-09-30,2026-09-30,SUPERMERCADO XERETA,"7303001","000-7303001",13,13,0,OWV8A20,OWV8A20D1,264,MISTO,"7",D1,"1",Geraldo Teixeira Baia Junior,"2026-09-30 23:17:19","2026-09-30 23:44:03",26.73,Wallace Christian Gomes Esteves   ,"2026-10-01 02:07:13","2026-10-01 02:07:17",Leonardo Miguel,"2026-10-01 01:57:35",2026-09-30 18:11:00.000,2026-10-01 18:19:00.000
MATRIZ,2026-09-30,2026-09-30,SUPERMERCADO XERETA,"7303001","000-7303001",13,13,0,OWV8A20,OWV8A20E3,84,MISTO,"67",E3,"1",Leonardo Caetano Rodrigues,"2026-09-30 23:29:36","2026-09-30 23:31:03",1.45,Wallace Christian Gomes Esteves   ,"2026-10-01 02:07:21","2026-10-01 02:07:23",Leonardo Miguel,"2026-10-01 01:51:21",2026-09-30 18:11:00.000,2026-10-01 18:19:00.000
MATRIZ,2026-09-30,2026-09-30,SUPERMERCADO XERETA,"7303001","000-7303001",13,13,0,OWV8A20,OWV8A20D2,84,MISTO,"66",D2,"1",Leonardo Caetano Rodrigues,"2026-09-30 23:35:53","2026-09-30 23:47:15",11.37,Wallace Christian Gomes Esteves   ,"2026-10-01 02:07:28","2026-10-01 02:07:30",Leonardo Miguel,"2026-10-01 01:47:23",2026-09-30 18:11:00.000,2026-10-01 18:19:00.000
MATRIZ,2026-09-30,2026-09-30,SUPERMERCADO XERETA,"7303001","000-7303001",13,13,0,OWV8A20,OWV8A20D3,84,MISTO,"69",D3,"1",Felipe Rogerio Estevam Da Silva ,"2026-09-30 23:29:04","2026-09-30 23:31:41",2.62,Wallace Christian Gomes Esteves   ,"2026-10-01 02:09:41","2026-10-01 02:09:43",Leonardo Miguel,"2026-10-01 01:57:49",2026-09-30 18:11:00.000,2026-10-01 18:19:00.000
MATRIZ,2026-09-30,2026-09-30,SUPERMERCADO XERETA,"7303001","000-7303001",13,13,0,OWV8A20,OWV8A20E1,84,MISTO,"71",E1,"1",Felipe Rogerio Estevam Da Silva ,"2026-09-30 23:34:45","2026-09-30 23:35:06",0.35,Wallace Christian Gomes Esteves   ,"2026-10-01 02:09:57","2026-10-01 02:09:58",Leonardo Miguel,"2026-10-01 01:45:05",2026-09-30 18:11:00.000,2026-10-01 18:19:00.000
MATRIZ,2026-09-30,2026-09-30,SUPERMERCADO XERETA,"7303001","000-7303001",13,13,0,OWV8A20,OWV8A20D6,260,MISTO,"62",D6,"1",Freelancer 01,"2026-09-30 23:19:01","2026-09-30 23:44:25",25.40,Wallace Christian Gomes Esteves   ,"2026-10-01 02:10:03","2026-10-01 02:10:05",Leonardo Miguel,"2026-10-01 01:52:55",2026-09-30 18:11:00.000,2026-10-01 18:19:00.000
MATRIZ,2026-09-30,2026-09-30,SUPERMERCADO XERETA,"7303001","000-7303001",13,13,0,OWV8A20,OWV8A20E6,203,MISTO,"70",E6,"1",Adilson José Gonçalves,"2026-09-30 23:29:00","2026-10-01 00:07:04",38.07,Wallace Christian Gomes Esteves   ,"2026-10-01 02:10:33","2026-10-01 02:10:35",Leonardo Miguel,"2026-10-01 01:59:16",2026-09-30 18:11:00.000,2026-10-01 18:19:00.000
MATRIZ,2026-09-30,2026-09-30,SUPERMERCADO XERETA,"7303001","000-7303001",13,13,0,OWV8A20,OWV8A20E4,205,MISTO,"120",E4,"1",Freelancer 04,"2026-09-30 23:26:08","2026-09-30 23:48:11",22.05,Wallace Christian Gomes Esteves   ,"2026-10-01 02:10:40","2026-10-01 02:10:42",Leonardo Miguel,"2026-10-01 02:07:55",2026-09-30 18:11:00.000,2026-10-01 18:19:00.000
MATRIZ,2026-09-30,2026-09-30,SUPERMERCADO XERETA,"7303001","000-7303001",13,13,0,OWV8A20,OWV8A20E2,69,MISTO,"102",E2,"1",Freelancer 02,"2026-09-30 23:39:51","2026-09-30 23:55:04",15.22,Wallace Christian Gomes Esteves   ,"2026-10-01 02:10:47","2026-10-01 02:10:48",Leonardo Miguel,"2026-10-01 02:07:48",2026-09-30 18:11:00.000,2026-10-01 18:19:00.000
MATRIZ,2026-09-30,2026-09-30,SUPERMERCADO XERETA,"7303001","000-7303001",13,13,0,OWV8A20,OWV8A20E5,75,MISTO,"65",E5,"1",Felipe Rogerio Estevam Da Silva ,"2026-09-30 23:39:59","2026-10-01 00:56:27",76.47,Wallace Christian Gomes Esteves   ,"2026-10-01 02:10:54","2026-10-01 02:10:58",Leonardo Miguel,"2026-10-01 02:00:33",2026-09-30 18:11:00.000,2026-10-01 18:19:00.000
MATRIZ,2026-09-30,2026-09-30,SUPERMERCADO XERETA,"7303001","000-7303001",13,13,0,OWV8A20,OWV8A20D5,53,MISTO,"31",D5,"1",Freelancer 01,"2026-09-30 23:47:25","2026-09-30 23:54:58",7.55,Wallace Christian Gomes Esteves   ,"2026-10-01 02:11:17","2026-10-01 02:11:20",Leonardo Miguel,"2026-10-01 02:10:43",2026-09-30 18:11:00.000,2026-10-01 18:19:00.000
MATRIZ,2026-09-30,2026-09-30,SUPERMERCADO XERETA,"7303001","000-7303001",13,13,0,OWV8A20,OWV8A20D4,64,MISTO,"15",D4,"1",Marcos Vinicio Alves Pessoa,"2026-09-30 23:40:17","2026-10-01 00:09:58",29.68,Wallace Christian Gomes Esteves   ,"2026-10-01 02:11:45","2026-10-01 02:11:46",Leonardo Miguel,"2026-10-01 02:10:48",2026-09-30 18:11:00.000,2026-10-01 18:19:00.000
MATRIZ,2026-09-30,2026-10-01,WIPLIS,"7883007","000-7883007",3,3,0,PICK-UP,PICK-UPD2,250,MISTO,"95",D2,"7",Freelancer 04,"2026-10-01 05:02:17","2026-10-01 05:27:24",25.12,Wallace Christian Gomes Esteves   ,"2026-10-01 05:52:14","2026-10-01 05:52:38",Maxmiler Fernandes Silva,"2026-10-01 05:49:20",2026-09-30 18:11:00.000,2026-10-01 18:19:00.000
MATRIZ,2026-09-30,2026-10-01,WIPLIS,"7883007","000-7883007",3,3,0,PICK-UP,PICK-UPE1,225,MISTO,"42",E1,"7",Adilson José Gonçalves,"2026-10-01 05:04:09","2026-10-01 05:28:00",23.85,Wallace Christian Gomes Esteves   ,"2026-10-01 05:52:07","2026-10-01 05:52:10",Maxmiler Fernandes Silva,"2026-10-01 05:49:52",2026-09-30 18:11:00.000,2026-10-01 18:19:00.000
MATRIZ,2026-09-30,2026-10-01,WIPLIS,"7883007","000-7883007",3,3,0,PICK-UP,PICK-UPD1,150,MISTO,"119",D1,"7",Natan Silva Medeiros Júnior,"2026-10-01 05:03:02","2026-10-01 05:24:28",21.43,Wallace Christian Gomes Esteves   ,"2026-10-01 05:51:58","2026-10-01 05:52:00",Maxmiler Fernandes Silva,"2026-10-01 05:51:04",2026-09-30 18:11:00.000,2026-10-01 18:19:00.000
MATRIZ,2026-09-30,2026-10-01,CRICARE,"7883006","000-7883006",3,3,0,PICK-UP,PICK-UPE1,312,MISTO,"62",E1,"8",Freelancer 02,"2026-10-01 04:46:27","2026-10-01 05:31:54",45.45,Wallace Christian Gomes Esteves   ,"2026-10-01 06:16:11","2026-10-01 06:16:17",Nordires Vieira Dos Santos,"2026-10-01 06:15:38",2026-09-30 18:11:00.000,2026-10-01 18:19:00.000
MATRIZ,2026-09-30,2026-10-01,CRICARE,"7883006","000-7883006",3,3,0,PICK-UP,PICK-UPD1,308,MISTO,"82",D1,"8",Gianmiller Moraes,"2026-10-01 04:53:34","2026-10-01 05:15:31",21.95,Wallace Christian Gomes Esteves   ,"2026-10-01 06:07:18","2026-10-01 06:07:20",Maxmiler Fernandes Silva,"2026-10-01 05:58:03",2026-09-30 18:11:00.000,2026-10-01 18:19:00.000
MATRIZ,2026-09-30,2026-10-01,CRICARE,"7883006","000-7883006",3,3,0,PICK-UP,PICK-UPD2,160,MISTO,"91",D2,"8",Leonardo Caetano Rodrigues,"2026-10-01 04:59:56","2026-10-01 05:20:01",20.08,Wallace Christian Gomes Esteves   ,"2026-10-01 06:07:40","2026-10-01 06:07:44",Maxmiler Fernandes Silva,"2026-10-01 05:57:59",2026-09-30 18:11:00.000,2026-10-01 18:19:00.000
MATRIZ,2026-09-30,2026-10-01,SUPERMERCADOS AMARAL LTDA,"7883002","000-7883002",2,2,0,PICK-UP,PICK-UPD1,115,MISTO,"57",D1,"4",Natan Silva Medeiros Júnior,"2026-10-01 04:19:52","2026-10-01 05:00:05",40.22,Wallace Christian Gomes Esteves   ,"2026-10-01 05:43:14","2026-10-01 05:43:17",Maxmiler Fernandes Silva,"2026-10-01 05:42:03",2026-09-30 18:11:00.000,2026-10-01 18:19:00.000
MATRIZ,2026-09-30,2026-10-01,SUPERMERCADOS AMARAL LTDA,"7883002","000-7883002",2,2,0,PICK-UP,PICK-UPE1,86,MISTO,"99",E1,"4",Freelancer 04,"2026-10-01 04:16:57","2026-10-01 04:41:24",24.45,Wallace Christian Gomes Esteves   ,"2026-10-01 05:43:47","2026-10-01 05:43:48",Leonardo Miguel,"2026-10-01 05:42:59",2026-09-30 18:11:00.000,2026-10-01 18:19:00.000
MATRIZ,2026-09-30,2026-09-30,BORRACHARIA DO ADEMI,"7323002","000-7323002",2,2,0,QXO9C83,QXO9C83E6,168,MISTO,"5",E6,"5",Freelancer 04,"2026-09-30 20:16:32","2026-09-30 21:33:07",76.58,João Victor Silva Leal,"2026-09-30 22:29:18","2026-09-30 22:29:39",Nordires Vieira Dos Santos,"2026-09-30 22:16:59",2026-09-30 18:11:00.000,2026-10-01 18:19:00.000
MATRIZ,2026-09-30,2026-09-30,BAR E MERCEARIA DO G,"7273001","000-7273001",11,10,1,TCX9E62,TCX9E62E3,161,MISTO,"121",E3,"8",Leonardo Caetano Rodrigues,"2026-10-01 03:23:56","2026-10-01 03:29:56",6.00,Wallace Christian Gomes Esteves   ,"2026-10-01 05:18:32","2026-10-01 05:18:35",Maxmiler Fernandes Silva,"2026-10-01 05:00:54",2026-09-30 18:11:00.000,2026-10-01 18:19:00.000
MATRIZ,2026-09-30,2026-09-30,BAR E MERCEARIA DO G,"7273001","000-7273001",11,10,1,TCX9E62,TCX9E62D1,120,COMPLETO,,D1,"8",,,,,Wallace Christian Gomes Esteves   ,"2026-10-01 05:19:09","2026-10-01 05:19:12",Maxmiler Fernandes Silva,"2026-10-01 04:38:09",2026-09-30 18:11:00.000,2026-10-01 18:19:00.000
MATRIZ,2026-09-30,2026-09-30,BAR E MERCEARIA DO G,"7273001","000-7273001",11,10,1,TCX9E62,TCX9E62D3,247,MISTO,"118",D3,"8",Felipe Rogerio Estevam Da Silva ,"2026-10-01 03:10:28","2026-10-01 03:44:04",33.60,Wallace Christian Gomes Esteves   ,"2026-10-01 05:18:15","2026-10-01 05:18:17",Maxmiler Fernandes Silva,"2026-10-01 05:01:01",2026-09-30 18:11:00.000,2026-10-01 18:19:00.000
MATRIZ,2026-09-30,2026-09-30,BAR E MERCEARIA DO G,"7273001","000-7273001",11,10,1,TCX9E62,TCX9E62D4,165,MISTO,"74",D4,"8",Gianmiller Moraes,"2026-10-01 03:14:52","2026-10-01 04:22:51",67.98,Wallace Christian Gomes Esteves   ,"2026-10-01 05:18:28","2026-10-01 05:18:30",Maxmiler Fernandes Silva,"2026-10-01 04:41:04",2026-09-30 18:11:00.000,2026-10-01 18:19:00.000
MATRIZ,2026-09-30,2026-09-30,BAR E MERCEARIA DO G,"7273001","000-7273001",11,10,1,TCX9E62,TCX9E62E5,66,MISTO,"93",E5,"8",Marcos Vinicio Alves Pessoa,"2026-10-01 03:17:49","2026-10-01 03:57:31",39.70,Wallace Christian Gomes Esteves   ,"2026-10-01 05:18:51","2026-10-01 05:18:53",Maxmiler Fernandes Silva,"2026-10-01 05:00:45",2026-09-30 18:11:00.000,2026-10-01 18:19:00.000
MATRIZ,2026-09-30,2026-09-30,BAR E MERCEARIA DO G,"7273001","000-7273001",11,10,1,TCX9E62,TCX9E62D5,17,MISTO,"96",D5,"8",Freelancer 04,"2026-10-01 03:26:19","2026-10-01 03:30:41",4.37,Wallace Christian Gomes Esteves   ,"2026-10-01 05:19:04","2026-10-01 05:19:05",Maxmiler Fernandes Silva,"2026-10-01 05:00:39",2026-09-30 18:11:00.000,2026-10-01 18:19:00.000
MATRIZ,2026-09-30,2026-09-30,BAR E MERCEARIA DO G,"7273001","000-7273001",11,10,1,TCX9E62,TCX9E62D2,217,MISTO,"21",D2,"8",Natan Silva Medeiros Júnior,"2026-10-01 03:10:48","2026-10-01 03:58:08",47.33,Wallace Christian Gomes Esteves   ,"2026-10-01 05:18:20","2026-10-01 05:18:22",Maxmiler Fernandes Silva,"2026-10-01 05:00:57",2026-09-30 18:11:00.000,2026-10-01 18:19:00.000
MATRIZ,2026-09-30,2026-09-30,BAR E MERCEARIA DO G,"7273001","000-7273001",11,10,1,TCX9E62,TCX9E62E1,84,MISTO,"30",E1,"8",Pedro Lucas Procópio dos Santos,"2026-10-01 03:21:06","2026-10-01 03:35:10",14.07,Wallace Christian Gomes Esteves   ,"2026-10-01 05:18:38","2026-10-01 05:18:42",Maxmiler Fernandes Silva,"2026-10-01 05:00:51",2026-09-30 18:11:00.000,2026-10-01 18:19:00.000
MATRIZ,2026-09-30,2026-09-30,BAR E MERCEARIA DO G,"7273001","000-7273001",11,10,1,TCX9E62,TCX9E62E2,31,MISTO,"97",E2,"8",Adilson José Gonçalves,"2026-10-01 03:22:36","2026-10-01 03:29:59",7.38,Wallace Christian Gomes Esteves   ,"2026-10-01 05:18:59","2026-10-01 05:19:01",Maxmiler Fernandes Silva,"2026-10-01 05:00:42",2026-09-30 18:11:00.000,2026-10-01 18:19:00.000
MATRIZ,2026-09-30,2026-09-30,BAR E MERCEARIA DO G,"7273001","000-7273001",11,10,1,TCX9E62,TCX9E62E4,73,MISTO,"114",E4,"8",Freelancer 04,"2026-10-01 03:14:08","2026-10-01 03:21:28",7.33,Wallace Christian Gomes Esteves   ,"2026-10-01 05:18:46","2026-10-01 05:18:48",Maxmiler Fernandes Silva,"2026-10-01 05:00:48",2026-09-30 18:11:00.000,2026-10-01 18:19:00.000
MATRIZ,2026-09-30,2026-09-30,PAULO RODRIGUES DA SILVA,"7163001","000-7163001",7,7,0,MQL5679,MQL5679D1,74,MISTO,"54",D1,"4",Freelancer 01,"2026-09-30 22:39:44","2026-09-30 22:51:04",11.33,Wallace Christian Gomes Esteves   ,"2026-10-01 01:14:58","2026-10-01 01:15:01",Maxmiler Fernandes Silva,"2026-10-01 01:03:48",2026-09-30 18:11:00.000,2026-10-01 18:19:00.000
MATRIZ,2026-09-30,2026-09-30,PAULO RODRIGUES DA SILVA,"7163001","000-7163001",7,7,0,MQL5679,MQL5679D2,234,MISTO,"11",D2,"4",Marcos Vinicio Alves Pessoa,"2026-09-30 22:35:40","2026-09-30 23:35:01",59.35,Wallace Christian Gomes Esteves   ,"2026-10-01 01:14:53","2026-10-01 01:14:56",Maxmiler Fernandes Silva,"2026-10-01 01:01:37",2026-09-30 18:11:00.000,2026-10-01 18:19:00.000
MATRIZ,2026-09-30,2026-09-30,PAULO RODRIGUES DA SILVA,"7163001","000-7163001",7,7,0,MQL5679,MQL5679E3,320,MISTO,"13",E3,"4",Paulo Rozani Lopes Da Silva,"2026-09-30 22:37:14","2026-10-01 00:01:26",84.20,Wallace Christian Gomes Esteves   ,"2026-10-01 01:14:30","2026-10-01 01:14:34",Maxmiler Fernandes Silva,"2026-10-01 01:07:56",2026-09-30 18:11:00.000,2026-10-01 18:19:00.000
MATRIZ,2026-09-30,2026-09-30,PAULO RODRIGUES DA SILVA,"7163001","000-7163001",7,7,0,MQL5679,MQL5679E1,45,MISTO,"99",E1,"4",Leonardo Caetano Rodrigues,"2026-09-30 22:44:25","2026-09-30 22:55:26",11.02,Wallace Christian Gomes Esteves   ,"2026-10-01 01:15:13","2026-10-01 01:15:15",Maxmiler Fernandes Silva,"2026-10-01 01:10:52",2026-09-30 18:11:00.000,2026-10-01 18:19:00.000
MATRIZ,2026-09-30,2026-09-30,PAULO RODRIGUES DA SILVA,"7163001","000-7163001",7,7,0,MQL5679,MQL5679E2,49,MISTO,"58",E2,"4",Geraldo Teixeira Baia Junior,"2026-09-30 22:48:09","2026-09-30 23:16:56",28.78,Wallace Christian Gomes Esteves   ,"2026-10-01 01:15:08","2026-10-01 01:15:10",Maxmiler Fernandes Silva,"2026-10-01 00:56:54",2026-09-30 18:11:00.000,2026-10-01 18:19:00.000
MATRIZ,2026-09-30,2026-09-30,PAULO RODRIGUES DA SILVA,"7163001","000-7163001",7,7,0,MQL5679,MQL5679D3,64,MISTO,"63",D3,"4",Adilson José Gonçalves,"2026-09-30 22:41:32","2026-09-30 22:57:46",16.23,Wallace Christian Gomes Esteves   ,"2026-10-01 01:15:04","2026-10-01 01:15:06",Maxmiler Fernandes Silva,"2026-10-01 00:55:43",2026-09-30 18:11:00.000,2026-10-01 18:19:00.000
MATRIZ,2026-09-30,2026-09-30,TONIM BAR,"7373001","000-7373001",7,7,0,KKJ5170,KKJ5170E3,56,MISTO,"51",E3,"2",Leonardo Caetano Rodrigues,"2026-09-30 23:11:13","2026-09-30 23:28:24",17.18,Wallace Christian Gomes Esteves   ,"2026-10-01 00:59:55","2026-10-01 00:59:59",Maxmiler Fernandes Silva,"2026-10-01 00:47:36",2026-09-30 18:11:00.000,2026-10-01 18:19:00.000
MATRIZ,2026-09-30,2026-09-30,TONIM BAR,"7373001","000-7373001",7,7,0,KKJ5170,KKJ5170D1,40,MISTO,"72",D1,"2",Freelancer 01,"2026-09-30 23:13:01","2026-09-30 23:18:36",5.58,Wallace Christian Gomes Esteves   ,"2026-10-01 01:00:04","2026-10-01 01:00:06",Maxmiler Fernandes Silva,"2026-10-01 00:58:11",2026-09-30 18:11:00.000,2026-10-01 18:19:00.000
MATRIZ,2026-09-30,2026-09-30,TONIM BAR,"7373001","000-7373001",7,7,0,KKJ5170,KKJ5170D3,59,MISTO,"80",D3,"2",Freelancer 02,"2026-09-30 23:07:12","2026-09-30 23:34:27",27.25,Wallace Christian Gomes Esteves   ,"2026-10-01 00:59:48","2026-10-01 00:59:52",Maxmiler Fernandes Silva,"2026-10-01 00:52:01",2026-09-30 18:11:00.000,2026-10-01 18:19:00.000
MATRIZ,2026-09-30,2026-09-30,TONIM BAR,"7373001","000-7373001",7,7,0,KKJ5170,KKJ5170E2,276,MISTO,"5",E2,"2",Natan Silva Medeiros Júnior,"2026-09-30 22:57:51","2026-09-30 23:53:30",55.65,Wallace Christian Gomes Esteves   ,"2026-10-01 00:59:32","2026-10-01 00:59:34",Maxmiler Fernandes Silva,"2026-10-01 00:54:25",2026-09-30 18:11:00.000,2026-10-01 18:19:00.000
MATRIZ,2026-09-30,2026-09-30,TONIM BAR,"7373001","000-7373001",7,7,0,KKJ5170,KKJ5170D2,182,MISTO,"55",D2,"2",Adilson José Gonçalves,"2026-09-30 23:00:09","2026-09-30 23:27:15",27.10,Wallace Christian Gomes Esteves   ,"2026-10-01 00:59:37","2026-10-01 00:59:39",Maxmiler Fernandes Silva,"2026-10-01 00:48:29",2026-09-30 18:11:00.000,2026-10-01 18:19:00.000
MATRIZ,2026-09-30,2026-09-30,TONIM BAR,"7373001","000-7373001",7,7,0,KKJ5170,KKJ5170E1,60,MISTO,"106",E1,"2",Freelancer 04,"2026-09-30 23:03:41","2026-09-30 23:19:26",15.75,Wallace Christian Gomes Esteves   ,"2026-10-01 00:59:42","2026-10-01 00:59:44",Maxmiler Fernandes Silva,"2026-10-01 00:58:19",2026-09-30 18:11:00.000,2026-10-01 18:19:00.000
MATRIZ,2026-09-30,2026-10-01,CASA SANTO ANTONIO,"7883005","000-7883005",5,5,0,PICK-UP,PICK-UPE2,224,MISTO,"75",E2,"1",Marcos Vinicio Alves Pessoa,"2026-10-01 04:30:03","2026-10-01 05:29:34",59.52,Wallace Christian Gomes Esteves   ,"2026-10-01 06:03:04","2026-10-01 06:03:11",Maxmiler Fernandes Silva,"2026-10-01 05:57:52",2026-09-30 18:11:00.000,2026-10-01 18:19:00.000
MATRIZ,2026-09-30,2026-10-01,CASA SANTO ANTONIO,"7883005","000-7883005",5,5,0,PICK-UP,PICK-UPD2,44,MISTO,"122",D2,"1",Freelancer 04,"2026-10-01 04:46:23","2026-10-01 04:59:20",12.95,Leonardo Miguel,"2026-10-01 06:02:40","2026-10-01 05:50:24",Maxmiler Fernandes Silva,"2026-10-01 05:57:44",2026-09-30 18:11:00.000,2026-10-01 18:19:00.000
MATRIZ,2026-09-30,2026-10-01,CASA SANTO ANTONIO,"7883005","000-7883005",5,5,0,PICK-UP,PICK-UPD1,76,MISTO,"40",D1,"1",Adilson José Gonçalves,"2026-10-01 04:44:17","2026-10-01 04:59:33",15.27,Wallace Christian Gomes Esteves   ,"2026-10-01 06:03:16","2026-10-01 06:03:18",Maxmiler Fernandes Silva,"2026-10-01 05:57:48",2026-09-30 18:11:00.000,2026-10-01 18:19:00.000
MATRIZ,2026-09-30,2026-10-01,CASA SANTO ANTONIO,"7883005","000-7883005",5,5,0,PICK-UP,PICK-UPE1,155,MISTO,"72",E1,"1",Felipe Rogerio Estevam Da Silva ,"2026-10-01 04:41:09","2026-10-01 05:18:04",36.92,Wallace Christian Gomes Esteves   ,"2026-10-01 06:02:28","2026-10-01 06:02:48",Leonardo Miguel,"2026-10-01 06:02:24",2026-09-30 18:11:00.000,2026-10-01 18:19:00.000
MATRIZ,2026-09-30,2026-09-30,RESTAURANTE PEDRA QUENTE,"7163002","000-7163002",7,7,0,MQL5679,MQL5679E3,121,MISTO,"83",E3,"6",Felipe Rogerio Estevam Da Silva ,"2026-10-01 04:00:13","2026-10-01 04:22:17",22.07,Wallace Christian Gomes Esteves   ,"2026-10-01 05:37:11","2026-10-01 05:37:12",Maxmiler Fernandes Silva,"2026-10-01 05:35:05",2026-09-30 18:11:00.000,2026-10-01 18:19:00.000
MATRIZ,2026-09-30,2026-09-30,RESTAURANTE PEDRA QUENTE,"7163002","000-7163002",7,7,0,MQL5679,MQL5679D2,192,MISTO,"77",D2,"6",Leonardo Caetano Rodrigues,"2026-10-01 04:10:20","2026-10-01 04:17:21",7.02,Wallace Christian Gomes Esteves   ,"2026-10-01 05:37:00","2026-10-01 05:37:08",Maxmiler Fernandes Silva,"2026-10-01 05:34:46",2026-09-30 18:11:00.000,2026-10-01 18:19:00.000
MATRIZ,2026-09-30,2026-09-30,RESTAURANTE PEDRA QUENTE,"7163002","000-7163002",7,7,0,MQL5679,MQL5679E2,48,MISTO,"115",E2,"6",Marcos Vinicio Alves Pessoa,"2026-10-01 04:00:43","2026-10-01 04:27:04",26.35,Wallace Christian Gomes Esteves   ,"2026-10-01 05:37:14","2026-10-01 05:37:16",Leonardo Miguel,"2026-10-01 05:34:20",2026-09-30 18:11:00.000,2026-10-01 18:19:00.000
MATRIZ,2026-09-30,2026-09-30,RESTAURANTE PEDRA QUENTE,"7163002","000-7163002",7,7,0,MQL5679,MQL5679D1,40,MISTO,"52",D1,"6",Adilson José Gonçalves,"2026-10-01 04:03:30","2026-10-01 04:08:43",5.22,Wallace Christian Gomes Esteves   ,"2026-10-01 05:37:18","2026-10-01 05:37:20",Maxmiler Fernandes Silva,"2026-10-01 05:35:50",2026-09-30 18:11:00.000,2026-10-01 18:19:00.000
MATRIZ,2026-09-30,2026-09-30,RESTAURANTE PEDRA QUENTE,"7163002","000-7163002",7,7,0,MQL5679,MQL5679D3,39,MISTO,"13",D3,"6",Freelancer 02,"2026-10-01 04:04:12","2026-10-01 04:15:45",11.55,Wallace Christian Gomes Esteves   ,"2026-10-01 05:37:25","2026-10-01 05:37:27",Leonardo Miguel,"2026-10-01 05:35:36",2026-09-30 18:11:00.000,2026-10-01 18:19:00.000
MATRIZ,2026-09-30,2026-09-30,RESTAURANTE PEDRA QUENTE,"7163002","000-7163002",7,7,0,MQL5679,MQL5679E1,39,MISTO,"23",E1,"6",Adilson José Gonçalves,"2026-10-01 05:33:32","2026-10-01 05:37:25",3.88,Wallace Christian Gomes Esteves   ,"2026-10-01 05:38:58","2026-10-01 05:39:00",Maxmiler Fernandes Silva,"2026-10-01 05:38:53",2026-09-30 18:11:00.000,2026-10-01 18:19:00.000
MATRIZ,2026-09-30,2026-10-01,REST TRAD MINEIRA,"7883001","000-7883001",1,1,0,PICK-UP,PICK-UPD1,4,MISTO,"86",D1,"5",Adilson José Gonçalves,"2026-10-01 04:12:08","2026-10-01 04:15:42",3.57,Wallace Christian Gomes Esteves   ,"2026-10-01 05:53:13","2026-10-01 05:53:16",Maxmiler Fernandes Silva,"2026-10-01 05:53:00",2026-09-30 18:11:00.000,2026-10-01 18:19:00.000
MATRIZ,2026-09-30,2026-09-30,COPRIL SUPERMERCADO,"7263001","000-7263001",10,7,3,TCL0I22,TCL0I22E4,20,MISTO,"78",E4,"1",Leonardo Caetano Rodrigues,"2026-09-30 21:48:41","2026-09-30 21:51:59",3.30,Wallace Christian Gomes Esteves   ,"2026-09-30 23:24:24","2026-09-30 23:24:26",Nordires Vieira Dos Santos,"2026-09-30 23:04:43",2026-09-30 18:11:00.000,2026-10-01 18:19:00.000
MATRIZ,2026-09-30,2026-09-30,COPRIL SUPERMERCADO,"7263001","000-7263001",10,7,3,TCL0I22,TCL0I22E2,95,MISTO,"102",E2,"1",Natan Silva Medeiros Júnior,"2026-09-30 21:33:43","2026-09-30 21:53:04",19.35,Wallace Christian Gomes Esteves   ,"2026-09-30 23:24:09","2026-09-30 23:24:12",Nordires Vieira Dos Santos,"2026-09-30 23:01:20",2026-09-30 18:11:00.000,2026-10-01 18:19:00.000
MATRIZ,2026-09-30,2026-09-30,COPRIL SUPERMERCADO,"7263001","000-7263001",10,7,3,TCL0I22,TCL0I22D2,75,COMPLETO,,D2,"1",,,,,Wallace Christian Gomes Esteves   ,"2026-09-30 23:27:12","2026-09-30 23:27:16",Nordires Vieira Dos Santos,"2026-09-30 22:59:47",2026-09-30 18:11:00.000,2026-10-01 18:19:00.000
MATRIZ,2026-09-30,2026-09-30,COPRIL SUPERMERCADO,"7263001","000-7263001",10,7,3,TCL0I22,TCL0I22E1,120,COMPLETO,,E1,"1",,,,,Wallace Christian Gomes Esteves   ,"2026-09-30 23:26:46","2026-09-30 23:26:54",Nordires Vieira Dos Santos,"2026-09-30 22:58:26",2026-09-30 18:11:00.000,2026-10-01 18:19:00.000
MATRIZ,2026-09-30,2026-09-30,COPRIL SUPERMERCADO,"7263001","000-7263001",10,7,3,TCL0I22,TCL0I22E3,47,MISTO,"26",E3,"1",Gianmiller Moraes,"2026-09-30 21:39:01","2026-09-30 21:51:03",12.03,Wallace Christian Gomes Esteves   ,"2026-09-30 23:24:17","2026-09-30 23:24:20",Nordires Vieira Dos Santos,"2026-09-30 23:05:37",2026-09-30 18:11:00.000,2026-10-01 18:19:00.000
MATRIZ,2026-09-30,2026-09-30,COPRIL SUPERMERCADO,"7263001","000-7263001",10,7,3,TCL0I22,TCL0I22D4,66,MISTO,"75",D4,"1",Freelancer 01,"2026-09-30 21:35:22","2026-09-30 21:52:33",17.18,Wallace Christian Gomes Esteves   ,"2026-09-30 23:26:28","2026-09-30 23:26:30",Nordires Vieira Dos Santos,"2026-09-30 23:08:16",2026-09-30 18:11:00.000,2026-10-01 18:19:00.000
MATRIZ,2026-09-30,2026-09-30,COPRIL SUPERMERCADO,"7263001","000-7263001",10,7,3,TCL0I22,TCL0I22D5,32,MISTO,"76",D5,"1",Felipe Rogerio Estevam Da Silva ,"2026-09-30 21:44:09","2026-09-30 21:53:14",9.08,Wallace Christian Gomes Esteves   ,"2026-09-30 23:25:02","2026-09-30 23:25:12",Nordires Vieira Dos Santos,"2026-09-30 23:03:51",2026-09-30 18:11:00.000,2026-10-01 18:19:00.000
MATRIZ,2026-09-30,2026-09-30,COPRIL SUPERMERCADO,"7263001","000-7263001",10,7,3,TCL0I22,TCL0I22D3,89,MISTO,"92",D3,"1",Freelancer 04,"2026-09-30 21:33:43","2026-09-30 21:49:18",15.58,Wallace Christian Gomes Esteves   ,"2026-09-30 23:26:16","2026-09-30 23:26:19",Nordires Vieira Dos Santos,"2026-09-30 23:07:21",2026-09-30 18:11:00.000,2026-10-01 18:19:00.000
MATRIZ,2026-09-30,2026-09-30,COPRIL SUPERMERCADO,"7263001","000-7263001",10,7,3,TCL0I22,TCL0I22E5,27,MISTO,"77",E5,"1",Adilson José Gonçalves,"2026-09-30 21:49:55","2026-09-30 21:57:08",7.22,Wallace Christian Gomes Esteves   ,"2026-09-30 23:26:36","2026-09-30 23:26:39",Nordires Vieira Dos Santos,"2026-09-30 23:02:59",2026-09-30 18:11:00.000,2026-10-01 18:19:00.000
MATRIZ,2026-09-30,2026-09-30,COPRIL SUPERMERCADO,"7263001","000-7263001",10,7,3,TCL0I22,TCL0I22D1,120,COMPLETO,,D1,"1",,,,,Wallace Christian Gomes Esteves   ,"2026-09-30 23:26:57","2026-09-30 23:27:09",Nordires Vieira Dos Santos,"2026-09-30 22:58:31",2026-09-30 18:11:00.000,2026-10-01 18:19:00.000
MATRIZ,2026-09-30,2026-10-01,FRANCISCA MARIA LOPES PEREIRA,"7883004","000-7883004",2,2,0,PICK-UP,PICK-UPD1,37,MISTO,"117",D1,"2",Gianmiller Moraes,"2026-10-01 04:24:54","2026-10-01 04:49:17",24.38,Wallace Christian Gomes Esteves   ,"2026-10-01 05:55:23","2026-10-01 05:55:25",Maxmiler Fernandes Silva,"2026-10-01 05:54:58",2026-09-30 18:11:00.000,2026-10-01 18:19:00.000
MATRIZ,2026-09-30,2026-09-30,STOP RAPIDOS,"7293001","000-7293001",13,13,0,OWV5H27,OWV5H27D3,16,MISTO,"63",D3,"4",Marcos Vinicio Alves Pessoa,"2026-09-30 20:42:29","2026-09-30 20:51:41",9.20,Wallace Christian Gomes Esteves   ,"2026-09-30 22:19:03","2026-09-30 22:19:05",Maxmiler Fernandes Silva,"2026-09-30 21:17:18",2026-09-30 18:11:00.000,2026-10-01 18:19:00.000
MATRIZ,2026-09-30,2026-09-30,STOP RAPIDOS,"7293001","000-7293001",13,13,0,OWV5H27,OWV5H27E2,121,MISTO,"7",E2,"4",Adilson José Gonçalves,"2026-09-30 20:17:03","2026-09-30 20:31:07",14.07,Wallace Christian Gomes Esteves   ,"2026-09-30 22:20:04","2026-09-30 22:20:05",Maxmiler Fernandes Silva,"2026-09-30 21:26:48",2026-09-30 18:11:00.000,2026-10-01 18:19:00.000
MATRIZ,2026-09-30,2026-09-30,STOP RAPIDOS,"7293001","000-7293001",13,13,0,OWV5H27,OWV5H27E1,119,MISTO,"52",E1,"4",Gianmiller Moraes,"2026-09-30 20:18:45","2026-09-30 20:40:02",21.28,Wallace Christian Gomes Esteves   ,"2026-09-30 22:20:29","2026-09-30 22:20:31",Maxmiler Fernandes Silva,"2026-09-30 21:27:43",2026-09-30 18:11:00.000,2026-10-01 18:19:00.000
MATRIZ,2026-09-30,2026-09-30,STOP RAPIDOS,"7293001","000-7293001",13,13,0,OWV5H27,OWV5H27D5,71,MISTO,"55",D5,"4",Freelancer 01,"2026-09-30 20:20:32","2026-09-30 20:29:35",9.05,Wallace Christian Gomes Esteves   ,"2026-09-30 22:19:49","2026-09-30 22:19:51",Maxmiler Fernandes Silva,"2026-09-30 21:25:32",2026-09-30 18:11:00.000,2026-10-01 18:19:00.000
MATRIZ,2026-09-30,2026-09-30,STOP RAPIDOS,"7293001","000-7293001",13,13,0,OWV5H27,OWV5H27E4,56,MISTO,"57",E4,"4",Natan Silva Medeiros Júnior,"2026-09-30 20:32:07","2026-09-30 20:38:40",6.55,Wallace Christian Gomes Esteves   ,"2026-09-30 22:19:42","2026-09-30 22:19:44",Maxmiler Fernandes Silva,"2026-09-30 21:28:35",2026-09-30 18:11:00.000,2026-10-01 18:19:00.000
MATRIZ,2026-09-30,2026-09-30,STOP RAPIDOS,"7293001","000-7293001",13,13,0,OWV5H27,OWV5H27E6,9,MISTO,"59",E6,"4",Gianmiller Moraes,"2026-09-30 20:53:34","2026-09-30 20:57:50",4.27,Wallace Christian Gomes Esteves   ,"2026-09-30 22:19:34","2026-09-30 22:19:36",Maxmiler Fernandes Silva,"2026-09-30 21:33:17",2026-09-30 18:11:00.000,2026-10-01 18:19:00.000
MATRIZ,2026-09-30,2026-09-30,STOP RAPIDOS,"7293001","000-7293001",13,13,0,OWV5H27,OWV5H27D4,68,MISTO,"54",D4,"4",Freelancer 01,"2026-09-30 20:31:12","2026-09-30 20:55:11",23.98,Wallace Christian Gomes Esteves   ,"2026-09-30 22:18:53","2026-09-30 22:18:55",Maxmiler Fernandes Silva,"2026-09-30 21:17:09",2026-09-30 18:11:00.000,2026-10-01 18:19:00.000
MATRIZ,2026-09-30,2026-09-30,STOP RAPIDOS,"7293001","000-7293001",13,13,0,OWV5H27,OWV5H27D1,47,MISTO,"58",D1,"4",Felipe Rogerio Estevam Da Silva ,"2026-09-30 20:33:51","2026-09-30 20:42:04",8.22,Wallace Christian Gomes Esteves   ,"2026-09-30 22:19:20","2026-09-30 22:19:23",Maxmiler Fernandes Silva,"2026-09-30 21:29:11",2026-09-30 18:11:00.000,2026-10-01 18:19:00.000
MATRIZ,2026-09-30,2026-09-30,STOP RAPIDOS,"7293001","000-7293001",13,13,0,OWV5H27,OWV5H27D6,36,MISTO,"64",D6,"4",Felipe Rogerio Estevam Da Silva ,"2026-09-30 20:42:41","2026-09-30 20:47:47",5.10,Wallace Christian Gomes Esteves   ,"2026-09-30 22:19:11","2026-09-30 22:19:13",Maxmiler Fernandes Silva,"2026-09-30 21:18:08",2026-09-30 18:11:00.000,2026-10-01 18:19:00.000
MATRIZ,2026-09-30,2026-09-30,STOP RAPIDOS,"7293001","000-7293001",13,13,0,OWV5H27,OWV5H27E3,64,MISTO,"115",E3,"4",Freelancer 02,"2026-09-30 20:32:16","2026-09-30 20:46:50",14.57,Wallace Christian Gomes Esteves   ,"2026-09-30 22:20:21","2026-09-30 22:20:23",Maxmiler Fernandes Silva,"2026-09-30 21:21:02",2026-09-30 18:11:00.000,2026-10-01 18:19:00.000
MATRIZ,2026-09-30,2026-09-30,STOP RAPIDOS,"7293001","000-7293001",13,13,0,OWV5H27,OWV5H27D2,46,MISTO,"62",D2,"4",Natan Silva Medeiros Júnior,"2026-09-30 20:41:18","2026-09-30 20:49:08",7.83,Wallace Christian Gomes Esteves   ,"2026-09-30 22:20:14","2026-09-30 22:20:17",Maxmiler Fernandes Silva,"2026-09-30 21:18:59",2026-09-30 18:11:00.000,2026-10-01 18:19:00.000
MATRIZ,2026-09-30,2026-09-30,STOP RAPIDOS,"7293001","000-7293001",13,13,0,OWV5H27,OWV5H27E5,67,MISTO,"56",E5,"4",Adilson José Gonçalves,"2026-09-30 20:31:47","2026-09-30 20:42:18",10.52,Wallace Christian Gomes Esteves   ,"2026-09-30 22:20:34","2026-09-30 22:20:36",Maxmiler Fernandes Silva,"2026-09-30 21:23:07",2026-09-30 18:11:00.000,2026-10-01 18:19:00.000
MATRIZ,2026-09-30,2026-09-30,PADARIA SAO PEDRO,"7243001","000-7243001",11,11,0,TCB7I34,TCB7I34D3,224,MISTO,"31",D3,"3",Felipe Rogerio Estevam Da Silva ,"2026-09-30 20:48:22","2026-09-30 21:32:50",44.47,Wallace Christian Gomes Esteves   ,"2026-09-30 23:18:19","2026-09-30 23:18:22",Nordires Vieira Dos Santos,"2026-09-30 22:32:50",2026-09-30 18:11:00.000,2026-10-01 18:19:00.000
MATRIZ,2026-09-30,2026-09-30,PADARIA SAO PEDRO,"7243001","000-7243001",11,11,0,TCB7I34,TCB7I34D5,90,MISTO,"32",D5,"3",Natan Silva Medeiros Júnior,"2026-09-30 20:52:28","2026-09-30 21:23:45",31.28,Wallace Christian Gomes Esteves   ,"2026-09-30 21:28:59","2026-09-30 21:31:47",Nordires Vieira Dos Santos,"2026-09-30 22:35:18",2026-09-30 18:11:00.000,2026-10-01 18:19:00.000
MATRIZ,2026-09-30,2026-09-30,PADARIA SAO PEDRO,"7243001","000-7243001",11,11,0,TCB7I34,TCB7I34D2,150,MISTO,"113",D2,"3",Freelancer 02,"2026-09-30 20:48:41","2026-09-30 21:06:20",17.65,Wallace Christian Gomes Esteves   ,"2026-09-30 23:18:46","2026-09-30 23:18:47",Nordires Vieira Dos Santos,"2026-09-30 22:43:53",2026-09-30 18:11:00.000,2026-10-01 18:19:00.000
MATRIZ,2026-09-30,2026-09-30,PADARIA SAO PEDRO,"7243001","000-7243001",11,11,0,TCB7I34,TCB7I34E4,299,MISTO,"61",E4,"3",Adilson José Gonçalves,"2026-09-30 20:44:34","2026-09-30 21:16:59",32.42,Alexsander Campos Silva,"2026-09-30 21:26:42","2026-09-30 21:39:50",Nordires Vieira Dos Santos,"2026-09-30 22:36:23",2026-09-30 18:11:00.000,2026-10-01 18:19:00.000
MATRIZ,2026-09-30,2026-09-30,PADARIA SAO PEDRO,"7243001","000-7243001",11,11,0,TCB7I34,TCB7I34E1,84,MISTO,"35",E1,"3",Paulo Rozani Lopes Da Silva,"2026-09-30 20:53:52","2026-09-30 21:03:35",9.72,Wallace Christian Gomes Esteves   ,"2026-09-30 23:18:37","2026-09-30 23:18:38",Nordires Vieira Dos Santos,"2026-09-30 22:40:50",2026-09-30 18:11:00.000,2026-10-01 18:19:00.000
MATRIZ,2026-09-30,2026-09-30,PADARIA SAO PEDRO,"7243001","000-7243001",11,11,0,TCB7I34,TCB7I34E3,75,MISTO,"27",E3,"3",Gianmiller Moraes,"2026-09-30 21:01:23","2026-09-30 21:26:15",24.87,Wallace Christian Gomes Esteves   ,"2026-09-30 21:32:23","2026-09-30 21:33:06",Nordires Vieira Dos Santos,"2026-09-30 22:34:12",2026-09-30 18:11:00.000,2026-10-01 18:19:00.000
MATRIZ,2026-09-30,2026-09-30,PADARIA SAO PEDRO,"7243001","000-7243001",11,11,0,TCB7I34,TCB7I34D1,84,MISTO,"25",D1,"3",Freelancer 01,"2026-09-30 20:56:21","2026-09-30 21:02:07",5.77,Alexsander Campos Silva,"2026-09-30 21:06:50","2026-09-30 21:06:57",Nordires Vieira Dos Santos,"2026-09-30 22:41:55",2026-09-30 18:11:00.000,2026-10-01 18:19:00.000
MATRIZ,2026-09-30,2026-09-30,PADARIA SAO PEDRO,"7243001","000-7243001",11,11,0,TCB7I34,TCB7I34E5,43,MISTO,"23",E5,"3",Freelancer 01,"2026-09-30 21:02:27","2026-09-30 21:16:08",13.68,Wallace Christian Gomes Esteves   ,"2026-09-30 21:33:43","2026-09-30 21:35:45",Nordires Vieira Dos Santos,"2026-09-30 22:39:04",2026-09-30 18:11:00.000,2026-10-01 18:19:00.000
MATRIZ,2026-09-30,2026-09-30,PADARIA SAO PEDRO,"7243001","000-7243001",11,11,0,TCB7I34,TCB7I34E2,104,MISTO,"24",E2,"3",Marcos Vinicio Alves Pessoa,"2026-09-30 20:54:31","2026-09-30 21:16:41",22.17,Alexsander Campos Silva,"2026-09-30 21:22:17","2026-09-30 21:24:46",Nordires Vieira Dos Santos,"2026-09-30 22:37:33",2026-09-30 18:11:00.000,2026-10-01 18:19:00.000
MATRIZ,2026-09-30,2026-09-30,PADARIA SAO PEDRO,"7243001","000-7243001",11,11,0,TCB7I34,TCB7I34D4,232,MISTO,"1",D4,"3",Leonardo Caetano Rodrigues,"2026-09-30 20:47:48","2026-09-30 21:23:35",35.78,Wallace Christian Gomes Esteves   ,"2026-09-30 21:36:22","2026-09-30 21:42:18",Nordires Vieira Dos Santos,"2026-09-30 22:45:39",2026-09-30 18:11:00.000,2026-10-01 18:19:00.000
MATRIZ,2026-09-30,2026-09-30,BAR,"7343001","000-7343001",7,6,1,TYE8D59,TYE8D59E2,42,MISTO,"57",E2,"3",Leonardo Caetano Rodrigues,"2026-09-30 22:55:41","2026-09-30 23:10:42",15.02,Wallace Christian Gomes Esteves   ,"2026-10-01 01:16:10","2026-10-01 01:16:12",Maxmiler Fernandes Silva,"2026-10-01 01:09:16",2026-09-30 18:11:00.000,2026-10-01 18:19:00.000
MATRIZ,2026-09-30,2026-09-30,BAR,"7343001","000-7343001",7,6,1,TYE8D59,TYE8D59E1,86,MISTO,"116",E1,"3",Freelancer 04,"2026-09-30 22:51:12","2026-09-30 22:57:10",5.97,Wallace Christian Gomes Esteves   ,"2026-10-01 01:15:55","2026-10-01 01:15:57",Maxmiler Fernandes Silva,"2026-10-01 01:11:23",2026-09-30 18:11:00.000,2026-10-01 18:19:00.000
MATRIZ,2026-09-30,2026-09-30,BAR,"7343001","000-7343001",7,6,1,TYE8D59,TYE8D59D1,120,COMPLETO,,D1,"3",,,,,Wallace Christian Gomes Esteves   ,"2026-10-01 01:15:44","2026-10-01 01:15:47",Maxmiler Fernandes Silva,"2026-10-01 01:00:26",2026-09-30 18:11:00.000,2026-10-01 18:19:00.000
MATRIZ,2026-09-30,2026-09-30,BAR,"7343001","000-7343001",7,6,1,TYE8D59,TYE8D59D2,175,MISTO,"12",D2,"3",Gianmiller Moraes,"2026-09-30 22:48:29","2026-09-30 23:47:34",59.08,Wallace Christian Gomes Esteves   ,"2026-10-01 01:15:50","2026-10-01 01:15:52",Maxmiler Fernandes Silva,"2026-10-01 00:53:07",2026-09-30 18:11:00.000,2026-10-01 18:19:00.000
MATRIZ,2026-09-30,2026-09-30,BAR,"7343001","000-7343001",7,6,1,TYE8D59,TYE8D59D3,265,MISTO,"64",D3,"3",Felipe Rogerio Estevam Da Silva ,"2026-09-30 22:46:14","2026-09-30 23:28:43",42.48,Wallace Christian Gomes Esteves   ,"2026-10-01 01:16:00","2026-10-01 01:16:02",Maxmiler Fernandes Silva,"2026-10-01 00:51:01",2026-09-30 18:11:00.000,2026-10-01 18:19:00.000
MATRIZ,2026-09-30,2026-09-30,MERCEARIA SOARES,"7253001","000-7253001",11,9,2,TCL0I17,TCL0I17E4,32,MISTO,"74",E4,"2",Felipe Rogerio Estevam Da Silva ,"2026-09-30 21:34:02","2026-09-30 21:43:50",9.80,Wallace Christian Gomes Esteves   ,"2026-09-30 23:27:44","2026-09-30 23:28:02",Nordires Vieira Dos Santos,"2026-09-30 23:23:15",2026-09-30 18:11:00.000,2026-10-01 18:19:00.000
MATRIZ,2026-09-30,2026-09-30,MERCEARIA SOARES,"7253001","000-7253001",11,9,2,TCL0I17,TCL0I17D3,310,MISTO,"9",D3,"2",Geraldo Teixeira Baia Junior,"2026-09-30 21:11:12","2026-09-30 21:46:37",35.42,Wallace Christian Gomes Esteves   ,"2026-09-30 23:29:18","2026-09-30 23:29:20",Nordires Vieira Dos Santos,"2026-09-30 23:19:56",2026-09-30 18:11:00.000,2026-10-01 18:19:00.000
MATRIZ,2026-09-30,2026-09-30,MERCEARIA SOARES,"7253001","000-7253001",11,9,2,TCL0I17,TCL0I17E2,186,MISTO,"112",E2,"2",Freelancer 02,"2026-09-30 21:07:17","2026-09-30 22:01:25",54.13,Wallace Christian Gomes Esteves   ,"2026-09-30 23:29:34","2026-09-30 23:29:39",Nordires Vieira Dos Santos,"2026-09-30 23:15:50",2026-09-30 18:11:00.000,2026-10-01 18:19:00.000
MATRIZ,2026-09-30,2026-09-30,MERCEARIA SOARES,"7253001","000-7253001",11,9,2,TCL0I17,TCL0I17D4,89,MISTO,"21",D4,"2",Marcos Vinicio Alves Pessoa,"2026-09-30 21:22:32","2026-09-30 21:49:48",27.27,Wallace Christian Gomes Esteves   ,"2026-09-30 23:30:45","2026-09-30 23:30:47",Nordires Vieira Dos Santos,"2026-09-30 23:18:38",2026-09-30 18:11:00.000,2026-10-01 18:19:00.000
MATRIZ,2026-09-30,2026-09-30,MERCEARIA SOARES,"7253001","000-7253001",11,9,2,TCL0I17,TCL0I17E3,254,MISTO,"22",E3,"2",Paulo Rozani Lopes Da Silva,"2026-09-30 21:05:43","2026-09-30 21:45:56",40.22,Wallace Christian Gomes Esteves   ,"2026-09-30 23:31:07","2026-09-30 23:31:11",Nordires Vieira Dos Santos,"2026-09-30 23:24:15",2026-09-30 18:11:00.000,2026-10-01 18:19:00.000
MATRIZ,2026-09-30,2026-09-30,MERCEARIA SOARES,"7253001","000-7253001",11,9,2,TCL0I17,TCL0I17D2,112,MISTO,"28",D2,"2",Freelancer 01,"2026-09-30 21:16:22","2026-09-30 21:34:46",18.40,Wallace Christian Gomes Esteves   ,"2026-09-30 23:31:55","2026-09-30 23:31:57",Nordires Vieira Dos Santos,"2026-09-30 23:25:48",2026-09-30 18:11:00.000,2026-10-01 18:19:00.000
MATRIZ,2026-09-30,2026-09-30,MERCEARIA SOARES,"7253001","000-7253001",11,9,2,TCL0I17,TCL0I17D1,75,COMPLETO,,D1,"2",,,,,Wallace Christian Gomes Esteves   ,"2026-09-30 23:31:26","2026-09-30 23:31:43",Nordires Vieira Dos Santos,"2026-09-30 23:14:19",2026-09-30 18:11:00.000,2026-10-01 18:19:00.000
MATRIZ,2026-09-30,2026-09-30,MERCEARIA SOARES,"7253001","000-7253001",11,9,2,TCL0I17,TCL0I17E5,71,MISTO,"30",E5,"2",Leonardo Caetano Rodrigues,"2026-09-30 21:24:23","2026-09-30 21:48:17",23.90,Wallace Christian Gomes Esteves   ,"2026-09-30 23:32:13","2026-09-30 23:32:15",Nordires Vieira Dos Santos,"2026-09-30 23:21:36",2026-09-30 18:11:00.000,2026-10-01 18:19:00.000
MATRIZ,2026-09-30,2026-09-30,MERCEARIA SOARES,"7253001","000-7253001",11,9,2,TCL0I17,TCL0I17D5,76,MISTO,"29",D5,"2",Adilson José Gonçalves,"2026-09-30 21:26:19","2026-09-30 21:44:28",18.15,Wallace Christian Gomes Esteves   ,"2026-09-30 23:32:05","2026-09-30 23:32:08",Nordires Vieira Dos Santos,"2026-09-30 23:17:11",2026-09-30 18:11:00.000,2026-10-01 18:19:00.000
MATRIZ,2026-09-30,2026-09-30,MERCEARIA SOARES,"7253001","000-7253001",11,9,2,TCL0I17,TCL0I17E1,75,COMPLETO,,E1,"2",,,,,Wallace Christian Gomes Esteves   ,"2026-09-30 23:32:20","2026-09-30 23:32:23",Nordires Vieira Dos Santos,"2026-09-30 23:14:14",2026-09-30 18:11:00.000,2026-10-01 18:19:00.000
MATRIZ,2026-09-30,2026-10-01,WATILA VICENTE,"7883008","000-7883008",1,1,0,PICK-UP,PICK-UPD1,21,MISTO,"29",D1,"6",Gianmiller Moraes,"2026-10-01 05:22:27","2026-10-01 05:34:26",11.98,Wallace Christian Gomes Esteves   ,"2026-10-01 05:52:54","2026-10-01 05:52:59",Maxmiler Fernandes Silva,"2026-10-01 05:48:46",2026-09-30 18:11:00.000,2026-10-01 18:19:00.000
MATRIZ,2026-09-30,2026-10-01,MERCEARIA DOCES DELICIAS,"7103001","000-7103001",4,4,0,TCN5A63,TCN5A63E1,16,MISTO,"11",E1,"5",Leonardo Caetano Rodrigues,"2026-10-01 05:23:31","2026-10-01 05:25:00",1.48,Wallace Christian Gomes Esteves   ,"2026-10-01 06:05:00","2026-10-01 06:05:02",Maxmiler Fernandes Silva,"2026-10-01 05:58:10",2026-09-30 18:11:00.000,2026-10-01 18:19:00.000
MATRIZ,2026-09-30,2026-10-01,MERCEARIA DOCES DELICIAS,"7103001","000-7103001",4,4,0,TCN5A63,TCN5A63D1,23,MISTO,"87",D1,"5",Paulo Rozani Lopes Da Silva,"2026-10-01 05:22:19","2026-10-01 05:34:24",12.08,Wallace Christian Gomes Esteves   ,"2026-10-01 06:00:49","2026-10-01 06:00:51",Maxmiler Fernandes Silva,"2026-10-01 05:58:13",2026-09-30 18:11:00.000,2026-10-01 18:19:00.000
MATRIZ,2026-09-30,2026-10-01,MERCEARIA DOCES DELICIAS,"7103001","000-7103001",4,4,0,TCN5A63,TCN5A63D2,44,MISTO,"50",D2,"5",Felipe Rogerio Estevam Da Silva ,"2026-10-01 05:19:09","2026-10-01 05:31:52",12.72,Wallace Christian Gomes Esteves   ,"2026-10-01 06:00:57","2026-10-01 06:01:01",Maxmiler Fernandes Silva,"2026-10-01 05:58:17",2026-09-30 18:11:00.000,2026-10-01 18:19:00.000
MATRIZ,2026-09-30,2026-09-30,BAR DA MARILENE,"7133001","000-7133001",7,7,0,JXS4C69,JXS4C69E3,113,MISTO,"83",E3,"7",Felipe Rogerio Estevam Da Silva ,"2026-10-01 01:11:48","2026-10-01 01:29:18",17.50,Wallace Christian Gomes Esteves   ,"2026-10-01 03:42:47","2026-10-01 03:42:49",Maxmiler Fernandes Silva,"2026-10-01 03:15:40",2026-09-30 18:11:00.000,2026-10-01 18:19:00.000
MATRIZ,2026-09-30,2026-09-30,BAR DA MARILENE,"7133001","000-7133001",7,7,0,JXS4C69,JXS4C69D3,41,MISTO,"115",D3,"7",Freelancer 04,"2026-10-01 01:18:49","2026-10-01 01:32:22",13.55,Wallace Christian Gomes Esteves   ,"2026-10-01 03:42:42","2026-10-01 03:42:43",Maxmiler Fernandes Silva,"2026-10-01 03:14:42",2026-09-30 18:11:00.000,2026-10-01 18:19:00.000
MATRIZ,2026-09-30,2026-09-30,BAR DA MARILENE,"7133001","000-7133001",7,7,0,JXS4C69,JXS4C69D1,40,MISTO,"98",D1,"7",Natan Silva Medeiros Júnior,"2026-10-01 01:20:17","2026-10-01 01:25:49",5.53,Wallace Christian Gomes Esteves   ,"2026-10-01 03:43:18","2026-10-01 03:43:20",Maxmiler Fernandes Silva,"2026-10-01 03:19:06",2026-09-30 18:11:00.000,2026-10-01 18:19:00.000
MATRIZ,2026-09-30,2026-09-30,BAR DA MARILENE,"7133001","000-7133001",7,7,0,JXS4C69,JXS4C69D2,42,MISTO,"86",D2,"7",Adilson José Gonçalves,"2026-10-01 01:11:38","2026-10-01 01:20:43",9.08,Wallace Christian Gomes Esteves   ,"2026-10-01 03:43:08","2026-10-01 03:43:12",Maxmiler Fernandes Silva,"2026-10-01 03:19:58",2026-09-30 18:11:00.000,2026-10-01 18:19:00.000
MATRIZ,2026-09-30,2026-09-30,BAR DA MARILENE,"7133001","000-7133001",7,7,0,JXS4C69,JXS4C69E1,63,MISTO,"52",E1,"7",Freelancer 04,"2026-10-01 00:57:59","2026-10-01 01:16:51",18.87,Wallace Christian Gomes Esteves   ,"2026-10-01 03:42:56","2026-10-01 03:42:58",Maxmiler Fernandes Silva,"2026-10-01 03:23:12",2026-09-30 18:11:00.000,2026-10-01 18:19:00.000
MATRIZ,2026-09-30,2026-09-30,BAR DA MARILENE,"7133001","000-7133001",7,7,0,JXS4C69,JXS4C69E2,126,MISTO,"110",E2,"7",Marcos Vinicio Alves Pessoa,"2026-10-01 00:23:35","2026-10-01 01:29:40",66.08,Wallace Christian Gomes Esteves   ,"2026-10-01 03:43:26","2026-10-01 03:43:29",Maxmiler Fernandes Silva,"2026-10-01 03:23:15",2026-09-30 18:11:00.000,2026-10-01 18:19:00.000
MATRIZ,2026-09-30,2026-09-30,BAR ENCONTRO DOS AMI,"7303002","000-7303002",13,9,4,OWV8A20,OWV8A20E4,29,MISTO,"73",E4,"7",Pedro Lucas Procópio dos Santos,"2026-10-01 03:39:34","2026-10-01 03:59:15",19.68,Wallace Christian Gomes Esteves   ,"2026-10-01 05:23:02","2026-10-01 05:23:03",Leonardo Miguel,"2026-10-01 05:22:15",2026-09-30 18:11:00.000,2026-10-01 18:19:00.000
MATRIZ,2026-09-30,2026-09-30,BAR ENCONTRO DOS AMI,"7303002","000-7303002",13,9,4,OWV8A20,OWV8A20E6,96,MISTO,"54",E6,"7",Paulo Rozani Lopes Da Silva,"2026-10-01 03:45:55","2026-10-01 04:38:06",52.18,Wallace Christian Gomes Esteves   ,"2026-10-01 05:23:10","2026-10-01 05:23:12",Maxmiler Fernandes Silva,"2026-10-01 05:05:59",2026-09-30 18:11:00.000,2026-10-01 18:19:00.000
MATRIZ,2026-09-30,2026-09-30,BAR ENCONTRO DOS AMI,"7303002","000-7303002",13,9,4,OWV8A20,OWV8A20E3,221,MISTO,"66",E3,"7",Leonardo Caetano Rodrigues,"2026-10-01 03:48:04","2026-10-01 03:52:13",4.15,Wallace Christian Gomes Esteves   ,"2026-10-01 05:25:43","2026-10-01 05:25:45",Leonardo Miguel,"2026-10-01 05:21:50",2026-09-30 18:11:00.000,2026-10-01 18:19:00.000
MATRIZ,2026-09-30,2026-09-30,BAR ENCONTRO DOS AMI,"7303002","000-7303002",13,9,4,OWV8A20,OWV8A20D2,120,COMPLETO,,D2,"7",,,,,Wallace Christian Gomes Esteves   ,"2026-10-01 05:26:32","2026-10-01 05:26:35",Maxmiler Fernandes Silva,"2026-10-01 05:18:03",2026-09-30 18:11:00.000,2026-10-01 18:19:00.000
MATRIZ,2026-09-30,2026-09-30,BAR ENCONTRO DOS AMI,"7303002","000-7303002",13,9,4,OWV8A20,OWV8A20E2,75,COMPLETO,,E2,"7",,,,,Wallace Christian Gomes Esteves   ,"2026-10-01 05:26:38","2026-10-01 05:26:40",Maxmiler Fernandes Silva,"2026-10-01 05:18:06",2026-09-30 18:11:00.000,2026-10-01 18:19:00.000
MATRIZ,2026-09-30,2026-09-30,BAR ENCONTRO DOS AMI,"7303002","000-7303002",13,9,4,OWV8A20,OWV8A20E1,75,COMPLETO,,E1,"7",,,,,Wallace Christian Gomes Esteves   ,"2026-10-01 05:26:43","2026-10-01 05:26:45",Maxmiler Fernandes Silva,"2026-10-01 05:18:09",2026-09-30 18:11:00.000,2026-10-01 18:19:00.000
MATRIZ,2026-09-30,2026-09-30,BAR ENCONTRO DOS AMI,"7303002","000-7303002",13,9,4,OWV8A20,OWV8A20D1,75,COMPLETO,,D1,"7",,,,,Wallace Christian Gomes Esteves   ,"2026-10-01 05:26:47","2026-10-01 05:26:49",Maxmiler Fernandes Silva,"2026-10-01 05:18:12",2026-09-30 18:11:00.000,2026-10-01 18:19:00.000
MATRIZ,2026-09-30,2026-09-30,BAR ENCONTRO DOS AMI,"7303002","000-7303002",13,9,4,OWV8A20,OWV8A20D6,187,MISTO,"105",D6,"7",Freelancer 04,"2026-10-01 03:32:29","2026-10-01 04:12:52",40.38,Wallace Christian Gomes Esteves   ,"2026-10-01 05:22:50","2026-10-01 05:22:52",Leonardo Miguel,"2026-10-01 05:22:00",2026-09-30 18:11:00.000,2026-10-01 18:19:00.000
MATRIZ,2026-09-30,2026-09-30,BAR ENCONTRO DOS AMI,"7303002","000-7303002",13,9,4,OWV8A20,OWV8A20D5,206,MISTO,"81",D5,"7",Adilson José Gonçalves,"2026-10-01 03:34:47","2026-10-01 04:02:57",28.17,Wallace Christian Gomes Esteves   ,"2026-10-01 05:22:44","2026-10-01 05:22:45",Leonardo Miguel,"2026-10-01 05:22:07",2026-09-30 18:11:00.000,2026-10-01 18:19:00.000
MATRIZ,2026-09-30,2026-09-30,BAR ENCONTRO DOS AMI,"7303002","000-7303002",13,9,4,OWV8A20,OWV8A20D4,251,MISTO,"1",D4,"7",Freelancer 02,"2026-10-01 03:26:42","2026-10-01 03:59:39",32.95,Wallace Christian Gomes Esteves   ,"2026-10-01 05:22:38","2026-10-01 05:22:40",Leonardo Miguel,"2026-10-01 05:21:44",2026-09-30 18:11:00.000,2026-10-01 18:19:00.000
MATRIZ,2026-09-30,2026-09-30,BAR ENCONTRO DOS AMI,"7303002","000-7303002",13,9,4,OWV8A20,OWV8A20D3,76,MISTO,"58",D3,"7",Felipe Rogerio Estevam Da Silva ,"2026-10-01 03:44:29","2026-10-01 03:58:44",14.25,Wallace Christian Gomes Esteves   ,"2026-10-01 05:22:33","2026-10-01 05:22:34",Leonardo Miguel,"2026-10-01 05:21:56",2026-09-30 18:11:00.000,2026-10-01 18:19:00.000
MATRIZ,2026-09-30,2026-09-30,BAR ENCONTRO DOS AMI,"7303002","000-7303002",13,9,4,OWV8A20,OWV8A20E5,57,MISTO,"108",E5,"7",Paulo Rozani Lopes Da Silva,"2026-10-01 04:31:09","2026-10-01 05:13:57",42.80,Wallace Christian Gomes Esteves   ,"2026-10-01 05:26:27","2026-10-01 05:26:30",Leonardo Miguel,"2026-10-01 05:22:11",2026-09-30 18:11:00.000,2026-10-01 18:19:00.000
MATRIZ,2026-09-30,2026-09-30,BUTECO DO DANI LTDA,"7153001","000-7153001",7,7,0,MQU8E71,MQU8E71E1,31,MISTO,"35",E1,"5",Adilson José Gonçalves,"2026-10-01 01:59:36","2026-10-01 02:04:21",4.75,Wallace Christian Gomes Esteves   ,"2026-10-01 03:44:37","2026-10-01 03:44:39",Leonardo Miguel,"2026-10-01 03:39:31",2026-09-30 18:11:00.000,2026-10-01 18:19:00.000
MATRIZ,2026-09-30,2026-09-30,BUTECO DO DANI LTDA,"7153001","000-7153001",7,7,0,MQU8E71,MQU8E71E3,96,MISTO,"8",E3,"5",Natan Silva Medeiros Júnior,"2026-10-01 01:38:59","2026-10-01 02:18:41",39.70,Wallace Christian Gomes Esteves   ,"2026-10-01 03:44:08","2026-10-01 03:44:10",Leonardo Miguel,"2026-10-01 03:34:34",2026-09-30 18:11:00.000,2026-10-01 18:19:00.000
MATRIZ,2026-09-30,2026-09-30,BUTECO DO DANI LTDA,"7153001","000-7153001",7,7,0,MQU8E71,MQU8E71E2,41,MISTO,"94",E2,"5",Felipe Rogerio Estevam Da Silva ,"2026-10-01 01:53:59","2026-10-01 02:01:10",7.18,Wallace Christian Gomes Esteves   ,"2026-10-01 03:44:25","2026-10-01 03:44:27",Leonardo Miguel,"2026-10-01 03:37:35",2026-09-30 18:11:00.000,2026-10-01 18:19:00.000
MATRIZ,2026-09-30,2026-09-30,BUTECO DO DANI LTDA,"7153001","000-7153001",7,7,0,MQU8E71,MQU8E71D2,168,MISTO,"106",D2,"5",Freelancer 04,"2026-10-01 01:34:09","2026-10-01 02:00:33",26.40,Wallace Christian Gomes Esteves   ,"2026-10-01 03:45:26","2026-10-01 03:45:28",Leonardo Miguel,"2026-10-01 03:38:21",2026-09-30 18:11:00.000,2026-10-01 18:19:00.000
MATRIZ,2026-09-30,2026-09-30,BUTECO DO DANI LTDA,"7153001","000-7153001",7,7,0,MQU8E71,MQU8E71D1,67,MISTO,"57",D1,"5",Marcos Vinicio Alves Pessoa,"2026-10-01 01:53:36","2026-10-01 02:05:53",12.28,Wallace Christian Gomes Esteves   ,"2026-10-01 03:45:38","2026-10-01 03:45:40",Leonardo Miguel,"2026-10-01 03:36:30",2026-09-30 18:11:00.000,2026-10-01 18:19:00.000
MATRIZ,2026-09-30,2026-09-30,BUTECO DO DANI LTDA,"7153001","000-7153001",7,7,0,MQU8E71,MQU8E71D3,293,MISTO,"85",D3,"5",Leonardo Caetano Rodrigues,"2026-10-01 01:32:41","2026-10-01 02:15:25",42.73,Wallace Christian Gomes Esteves   ,"2026-10-01 03:45:45","2026-10-01 03:45:48",Leonardo Miguel,"2026-10-01 03:35:10",2026-09-30 18:11:00.000,2026-10-01 18:19:00.000
MATRIZ,2026-09-30,2026-09-30,GRELHADOS,"7123001","000-7123001",7,7,0,DJB5C58,DJB5C58D2,204,MISTO,"30",D2,"8",Gianmiller Moraes,"2026-10-01 01:22:45","2026-10-01 02:16:04",53.32,Wallace Christian Gomes Esteves   ,"2026-10-01 02:58:10","2026-10-01 02:58:12",Leonardo Miguel,"2026-10-01 02:53:05",2026-09-30 18:11:00.000,2026-10-01 18:19:00.000
MATRIZ,2026-09-30,2026-09-30,GRELHADOS,"7123001","000-7123001",7,7,0,DJB5C58,DJB5C58E1,69,MISTO,"121",E1,"8",Freelancer 04,"2026-09-30 23:53:50","2026-10-01 00:52:13",58.38,Wallace Christian Gomes Esteves   ,"2026-10-01 02:58:17","2026-10-01 02:58:19",Leonardo Miguel,"2026-10-01 02:47:36",2026-09-30 18:11:00.000,2026-10-01 18:19:00.000
MATRIZ,2026-09-30,2026-09-30,GRELHADOS,"7123001","000-7123001",7,7,0,DJB5C58,DJB5C58E3,113,MISTO,"81",E3,"8",Leonardo Caetano Rodrigues,"2026-09-30 23:56:54","2026-10-01 01:32:18",95.40,Wallace Christian Gomes Esteves   ,"2026-10-01 02:58:24","2026-10-01 02:58:27",Leonardo Miguel,"2026-10-01 02:53:29",2026-09-30 18:11:00.000,2026-10-01 18:19:00.000
MATRIZ,2026-09-30,2026-09-30,GRELHADOS,"7123001","000-7123001",7,7,0,DJB5C58,DJB5C58D3,287,MISTO,"90",D3,"8",Geraldo Teixeira Baia Junior,"2026-09-30 23:47:23","2026-10-01 00:25:13",37.83,Wallace Christian Gomes Esteves   ,"2026-10-01 02:58:50","2026-10-01 02:58:52",Leonardo Miguel,"2026-10-01 02:50:49",2026-09-30 18:11:00.000,2026-10-01 18:19:00.000
MATRIZ,2026-09-30,2026-09-30,GRELHADOS,"7123001","000-7123001",7,7,0,DJB5C58,DJB5C58E2,44,MISTO,"73",E2,"8",Freelancer 01,"2026-09-30 23:55:33","2026-10-01 00:08:17",12.73,Wallace Christian Gomes Esteves   ,"2026-10-01 02:58:34","2026-10-01 02:58:36",Leonardo Miguel,"2026-10-01 02:55:48",2026-09-30 18:11:00.000,2026-10-01 18:19:00.000
MATRIZ,2026-09-30,2026-09-30,GRELHADOS,"7123001","000-7123001",7,7,0,DJB5C58,DJB5C58D1,40,MISTO,"1",D1,"8",Freelancer 02,"2026-10-01 01:14:34","2026-10-01 01:27:36",13.03,Wallace Christian Gomes Esteves   ,"2026-10-01 02:58:44","2026-10-01 02:58:46",Leonardo Miguel,"2026-10-01 02:46:06",2026-09-30 18:11:00.000,2026-10-01 18:19:00.000
MATRIZ,2026-09-30,2026-09-30,HIPERMERCADO DORNELAS,"7313001","000-7313001",12,2,10,PUX3771,PUX3771D5,75,COMPLETO,,D5,"8",,,,,Wallace Christian Gomes Esteves   ,"2026-10-01 03:05:23","2026-10-01 03:05:25",Leonardo Miguel,"2026-10-01 02:58:27",2026-09-30 18:11:00.000,2026-10-01 18:19:00.000
MATRIZ,2026-09-30,2026-09-30,HIPERMERCADO DORNELAS,"7313001","000-7313001",12,2,10,PUX3771,PUX3771E4,75,COMPLETO,,E4,"8",,,,,Wallace Christian Gomes Esteves   ,"2026-10-01 03:05:28","2026-10-01 03:05:30",Leonardo Miguel,"2026-10-01 02:58:10",2026-09-30 18:11:00.000,2026-10-01 18:19:00.000
MATRIZ,2026-09-30,2026-09-30,HIPERMERCADO DORNELAS,"7313001","000-7313001",12,2,10,PUX3771,PUX3771D4,75,COMPLETO,,D4,"8",,,,,Wallace Christian Gomes Esteves   ,"2026-10-01 03:05:33","2026-10-01 03:05:34",Leonardo Miguel,"2026-10-01 02:58:03",2026-09-30 18:11:00.000,2026-10-01 18:19:00.000
MATRIZ,2026-09-30,2026-09-30,HIPERMERCADO DORNELAS,"7313001","000-7313001",12,2,10,PUX3771,PUX3771E3,75,COMPLETO,,E3,"8",,,,,Wallace Christian Gomes Esteves   ,"2026-10-01 03:05:37","2026-10-01 03:05:39",Leonardo Miguel,"2026-10-01 02:58:06",2026-09-30 18:11:00.000,2026-10-01 18:19:00.000
MATRIZ,2026-09-30,2026-09-30,HIPERMERCADO DORNELAS,"7313001","000-7313001",12,2,10,PUX3771,PUX3771D3,75,COMPLETO,,D3,"8",,,,,Wallace Christian Gomes Esteves   ,"2026-10-01 03:05:42","2026-10-01 03:05:46",Leonardo Miguel,"2026-10-01 02:58:20",2026-09-30 18:11:00.000,2026-10-01 18:19:00.000
MATRIZ,2026-09-30,2026-09-30,HIPERMERCADO DORNELAS,"7313001","000-7313001",12,2,10,PUX3771,PUX3771E2,75,COMPLETO,,E2,"8",,,,,Wallace Christian Gomes Esteves   ,"2026-10-01 03:05:49","2026-10-01 03:05:51",Leonardo Miguel,"2026-10-01 02:58:16",2026-09-30 18:11:00.000,2026-10-01 18:19:00.000
MATRIZ,2026-09-30,2026-09-30,HIPERMERCADO DORNELAS,"7313001","000-7313001",12,2,10,PUX3771,PUX3771D2,75,COMPLETO,,D2,"8",,,,,Wallace Christian Gomes Esteves   ,"2026-10-01 03:05:55","2026-10-01 03:05:57",Leonardo Miguel,"2026-10-01 02:57:57",2026-09-30 18:11:00.000,2026-10-01 18:19:00.000
MATRIZ,2026-09-30,2026-09-30,HIPERMERCADO DORNELAS,"7313001","000-7313001",12,2,10,PUX3771,PUX3771E1,75,COMPLETO,,E1,"8",,,,,Wallace Christian Gomes Esteves   ,"2026-10-01 03:06:00","2026-10-01 03:06:02",Leonardo Miguel,"2026-10-01 02:57:50",2026-09-30 18:11:00.000,2026-10-01 18:19:00.000
MATRIZ,2026-09-30,2026-09-30,HIPERMERCADO DORNELAS,"7313001","000-7313001",12,2,10,PUX3771,PUX3771D1,75,COMPLETO,,D1,"8",,,,,Wallace Christian Gomes Esteves   ,"2026-10-01 03:06:05","2026-10-01 03:06:07",Leonardo Miguel,"2026-10-01 02:57:42",2026-09-30 18:11:00.000,2026-10-01 18:19:00.000
MATRIZ,2026-09-30,2026-09-30,HIPERMERCADO DORNELAS,"7313001","000-7313001",12,2,10,PUX3771,PUX3771D6,230,MISTO,"79",D6,"8",Paulo Rozani Lopes Da Silva,"2026-09-30 21:50:13","2026-09-30 22:22:30",32.28,Wallace Christian Gomes Esteves   ,"2026-10-01 03:01:27","2026-10-01 03:01:28",Leonardo Miguel,"2026-10-01 02:57:30",2026-09-30 18:11:00.000,2026-10-01 18:19:00.000
MATRIZ,2026-09-30,2026-09-30,HIPERMERCADO DORNELAS,"7313001","000-7313001",12,2,10,PUX3771,PUX3771E6,72,MISTO,"105",E6,"8",Geraldo Teixeira Baia Junior,"2026-09-30 21:51:03","2026-09-30 22:01:03",10.00,Wallace Christian Gomes Esteves   ,"2026-10-01 03:01:31","2026-10-01 03:01:32",Leonardo Miguel,"2026-10-01 02:56:07",2026-09-30 18:11:00.000,2026-10-01 18:19:00.000
MATRIZ,2026-09-30,2026-09-30,HIPERMERCADO DORNELAS,"7313001","000-7313001",12,2,10,PUX3771,PUX3771E5,75,COMPLETO,,E5,"8",,,,,Wallace Christian Gomes Esteves   ,"2026-10-01 03:05:17","2026-10-01 03:05:21",Leonardo Miguel,"2026-10-01 02:58:32",2026-09-30 18:11:00.000,2026-10-01 18:19:00.000
MATRIZ,2026-09-30,2026-09-30,MARLI PATROCINIO,"7143001","000-7143001",7,7,0,HAI2518,HAI2518E3,272,MISTO,"88",E3,"6",Adilson José Gonçalves,"2026-10-01 01:25:34","2026-10-01 01:58:41",33.12,Alexsander Campos Silva,"2026-10-01 03:41:38","2026-10-01 03:41:50",Maxmiler Fernandes Silva,"2026-10-01 03:23:44",2026-09-30 18:11:00.000,2026-10-01 18:19:00.000
MATRIZ,2026-09-30,2026-09-30,MARLI PATROCINIO,"7143001","000-7143001",7,7,0,HAI2518,HAI2518D2,121,MISTO,"84",D2,"6",Felipe Rogerio Estevam Da Silva ,"2026-10-01 01:29:36","2026-10-01 01:53:19",23.72,Alexsander Campos Silva,"2026-10-01 03:41:57","2026-10-01 03:42:02",Maxmiler Fernandes Silva,"2026-10-01 03:34:23",2026-09-30 18:11:00.000,2026-10-01 18:19:00.000
MATRIZ,2026-09-30,2026-09-30,MARLI PATROCINIO,"7143001","000-7143001",7,7,0,HAI2518,HAI2518E1,60,MISTO,"89",E1,"6",Paulo Rozani Lopes Da Silva,"2026-10-01 01:32:14","2026-10-01 02:03:03",30.82,Alexsander Campos Silva,"2026-10-01 03:42:12","2026-10-01 03:42:15",Maxmiler Fernandes Silva,"2026-10-01 03:25:42",2026-09-30 18:11:00.000,2026-10-01 18:19:00.000
MATRIZ,2026-09-30,2026-09-30,MARLI PATROCINIO,"7143001","000-7143001",7,7,0,HAI2518,HAI2518E2,108,MISTO,"2",E2,"6",Freelancer 02,"2026-10-01 01:29:43","2026-10-01 02:03:13",33.50,Alexsander Campos Silva,"2026-10-01 03:42:25","2026-10-01 03:42:29",Maxmiler Fernandes Silva,"2026-10-01 03:33:49",2026-09-30 18:11:00.000,2026-10-01 18:19:00.000
MATRIZ,2026-09-30,2026-09-30,MARLI PATROCINIO,"7143001","000-7143001",7,7,0,HAI2518,HAI2518D1,37,MISTO,"11",D1,"6",Natan Silva Medeiros Júnior,"2026-10-01 01:32:07","2026-10-01 01:33:52",1.75,Alexsander Campos Silva,"2026-10-01 03:42:33","2026-10-01 03:42:38",Maxmiler Fernandes Silva,"2026-10-01 03:36:46",2026-09-30 18:11:00.000,2026-10-01 18:19:00.000
MATRIZ,2026-09-30,2026-09-30,MARLI PATROCINIO,"7143001","000-7143001",7,7,0,HAI2518,HAI2518D3,40,MISTO,"99",D3,"6",Marcos Vinicio Alves Pessoa,"2026-10-01 01:32:03","2026-10-01 01:50:36",18.55,Alexsander Campos Silva,"2026-10-01 03:42:46","2026-10-01 03:42:49",Maxmiler Fernandes Silva,"2026-10-01 03:35:23",2026-09-30 18:11:00.000,2026-10-01 18:19:00.000
MATRIZ,2026-09-30,2026-09-30,BAR DO GASTAO,"7383001","000-7383001",7,7,0,KKJ5250,KKJ5250E3,31,MISTO,"119",E3,"2",Leonardo Caetano Rodrigues,"2026-10-01 02:48:15","2026-10-01 02:54:46",6.52,Wallace Christian Gomes Esteves   ,"2026-10-01 04:38:54","2026-10-01 04:38:56",Maxmiler Fernandes Silva,"2026-10-01 04:33:22",2026-09-30 18:11:00.000,2026-10-01 18:19:00.000
MATRIZ,2026-09-30,2026-09-30,BAR DO GASTAO,"7383001","000-7383001",7,7,0,KKJ5250,KKJ5250E2,184,MISTO,"72",E2,"2",Natan Silva Medeiros Júnior,"2026-10-01 02:27:34","2026-10-01 03:07:14",39.67,Wallace Christian Gomes Esteves   ,"2026-10-01 04:38:19","2026-10-01 04:38:21",Maxmiler Fernandes Silva,"2026-10-01 04:31:13",2026-09-30 18:11:00.000,2026-10-01 18:19:00.000
MATRIZ,2026-09-30,2026-09-30,BAR DO GASTAO,"7383001","000-7383001",7,7,0,KKJ5250,KKJ5250D1,172,MISTO,"122",D1,"2",Leonardo Caetano Rodrigues,"2026-10-01 02:34:03","2026-10-01 02:38:40",4.62,Wallace Christian Gomes Esteves   ,"2026-10-01 04:39:06","2026-10-01 04:39:08",Maxmiler Fernandes Silva,"2026-10-01 04:26:36",2026-09-30 18:11:00.000,2026-10-01 18:19:00.000
MATRIZ,2026-09-30,2026-09-30,BAR DO GASTAO,"7383001","000-7383001",7,7,0,KKJ5250,KKJ5250D2,151,MISTO,"14",D2,"2",Gianmiller Moraes,"2026-10-01 02:33:54","2026-10-01 03:06:57",33.05,Wallace Christian Gomes Esteves   ,"2026-10-01 04:40:09","2026-10-01 04:40:11",Maxmiler Fernandes Silva,"2026-10-01 04:30:26",2026-09-30 18:11:00.000,2026-10-01 18:19:00.000
MATRIZ,2026-09-30,2026-09-30,BAR DO GASTAO,"7383001","000-7383001",7,7,0,KKJ5250,KKJ5250D3,68,MISTO,"95",D3,"2",Marcos Vinicio Alves Pessoa,"2026-10-01 02:36:34","2026-10-01 03:15:42",39.13,Wallace Christian Gomes Esteves   ,"2026-10-01 04:39:39","2026-10-01 04:39:41",Maxmiler Fernandes Silva,"2026-10-01 04:24:22",2026-09-30 18:11:00.000,2026-10-01 18:19:00.000
MATRIZ,2026-09-30,2026-09-30,BAR DO GASTAO,"7383001","000-7383001",7,7,0,KKJ5250,KKJ5250E1,146,MISTO,"23",E1,"2",Adilson José Gonçalves,"2026-10-01 02:34:38","2026-10-01 02:58:29",23.85,Wallace Christian Gomes Esteves   ,"2026-10-01 04:39:46","2026-10-01 04:39:47",Maxmiler Fernandes Silva,"2026-10-01 04:33:25",2026-09-30 18:11:00.000,2026-10-01 18:19:00.000
MATRIZ,2026-09-30,2026-09-30,BAR CURRAL DE BOI,"7183001","000-7183001",7,6,1,RFP8G80,RFP8G80D3,34,MISTO,"24",D3,"4",Adilson José Gonçalves,"2026-10-01 02:07:33","2026-10-01 02:19:23",11.83,Wallace Christian Gomes Esteves   ,"2026-10-01 03:46:38","2026-10-01 03:46:41",Maxmiler Fernandes Silva,"2026-10-01 03:42:40",2026-09-30 18:11:00.000,2026-10-01 18:19:00.000
MATRIZ,2026-09-30,2026-09-30,BAR CURRAL DE BOI,"7183001","000-7183001",7,6,1,RFP8G80,RFP8G80E2,79,MISTO,"61",E2,"4",Pedro Lucas Procópio dos Santos,"2026-10-01 02:05:08","2026-10-01 02:34:16",29.13,Wallace Christian Gomes Esteves   ,"2026-10-01 03:46:22","2026-10-01 03:46:24",Maxmiler Fernandes Silva,"2026-10-01 03:40:43",2026-09-30 18:11:00.000,2026-10-01 18:19:00.000
MATRIZ,2026-09-30,2026-09-30,BAR CURRAL DE BOI,"7183001","000-7183001",7,6,1,RFP8G80,RFP8G80D1,50,COMPLETO,,D1,"4",,,,,Wallace Christian Gomes Esteves   ,"2026-10-01 03:47:30","2026-10-01 03:47:32",Maxmiler Fernandes Silva,"2026-10-01 03:30:16",2026-09-30 18:11:00.000,2026-10-01 18:19:00.000
MATRIZ,2026-09-30,2026-09-30,BAR CURRAL DE BOI,"7183001","000-7183001",7,6,1,RFP8G80,RFP8G80E3,307,MISTO,"56",E3,"4",Felipe Rogerio Estevam Da Silva ,"2026-10-01 02:01:28","2026-10-01 02:44:42",43.23,Wallace Christian Gomes Esteves   ,"2026-10-01 03:46:29","2026-10-01 03:46:32",Maxmiler Fernandes Silva,"2026-10-01 03:39:27",2026-09-30 18:11:00.000,2026-10-01 18:19:00.000
MATRIZ,2026-09-30,2026-09-30,BAR CURRAL DE BOI,"7183001","000-7183001",7,6,1,RFP8G80,RFP8G80D2,157,MISTO,"113",D2,"4",Paulo Rozani Lopes Da Silva,"2026-10-01 02:04:58","2026-10-01 02:49:06",44.13,Wallace Christian Gomes Esteves   ,"2026-10-01 03:47:16","2026-10-01 03:47:18",Maxmiler Fernandes Silva,"2026-10-01 03:39:18",2026-09-30 18:11:00.000,2026-10-01 18:19:00.000
MATRIZ,2026-09-30,2026-09-30,BAR CURRAL DE BOI,"7183001","000-7183001",7,6,1,RFP8G80,RFP8G80E1,42,MISTO,"16",E1,"4",Freelancer 02,"2026-10-01 02:06:55","2026-10-01 02:12:55",6.00,Wallace Christian Gomes Esteves   ,"2026-10-01 03:47:23","2026-10-01 03:47:25",Maxmiler Fernandes Silva,"2026-10-01 03:43:22",2026-09-30 18:11:00.000,2026-10-01 18:19:00.000
MATRIZ,2026-09-30,2026-09-30,BAR LANCHANETE,"7173001","000-7173001",6,6,0,HOB4C81,HOB4C81E2,21,MISTO,"90",E2,"6",Natan Silva Medeiros Júnior,"2026-09-30 22:02:23","2026-09-30 22:08:12",5.82,Wallace Christian Gomes Esteves   ,"2026-09-30 23:43:30","2026-09-30 23:43:32",Nordires Vieira Dos Santos,"2026-09-30 23:40:34",2026-09-30 18:11:00.000,2026-10-01 18:19:00.000
MATRIZ,2026-09-30,2026-09-30,BAR LANCHANETE,"7173001","000-7173001",6,6,0,HOB4C81,HOB4C81D1,60,MISTO,"86",D1,"6",Adilson José Gonçalves,"2026-09-30 21:59:43","2026-09-30 22:04:32",4.82,Wallace Christian Gomes Esteves   ,"2026-09-30 23:43:10","2026-09-30 23:43:14",Nordires Vieira Dos Santos,"2026-09-30 23:35:34",2026-09-30 18:11:00.000,2026-10-01 18:19:00.000
MATRIZ,2026-09-30,2026-09-30,BAR LANCHANETE,"7173001","000-7173001",6,6,0,HOB4C81,HOB4C81D3,63,MISTO,"85",D3,"6",Gianmiller Moraes,"2026-09-30 21:56:49","2026-09-30 22:20:11",23.37,Wallace Christian Gomes Esteves   ,"2026-09-30 23:41:51","2026-09-30 23:41:53",Nordires Vieira Dos Santos,"2026-09-30 23:36:32",2026-09-30 18:11:00.000,2026-10-01 18:19:00.000
MATRIZ,2026-09-30,2026-09-30,BAR LANCHANETE,"7173001","000-7173001",6,6,0,HOB4C81,HOB4C81E3,32,MISTO,"88",E3,"6",Felipe Rogerio Estevam Da Silva ,"2026-09-30 21:58:50","2026-09-30 22:14:18",15.47,Wallace Christian Gomes Esteves   ,"2026-09-30 23:42:08","2026-09-30 23:42:10",Nordires Vieira Dos Santos,"2026-09-30 23:38:05",2026-09-30 18:11:00.000,2026-10-01 18:19:00.000
MATRIZ,2026-09-30,2026-09-30,BAR LANCHANETE,"7173001","000-7173001",6,6,0,HOB4C81,HOB4C81D2,26,MISTO,"89",D2,"6",Geraldo Teixeira Baia Junior,"2026-09-30 22:02:36","2026-09-30 22:07:21",4.75,Wallace Christian Gomes Esteves   ,"2026-09-30 23:42:02","2026-09-30 23:42:04",Nordires Vieira Dos Santos,"2026-09-30 23:39:21",2026-09-30 18:11:00.000,2026-10-01 18:19:00.000
MATRIZ,2026-09-30,2026-09-30,BAR LANCHANETE,"7173001","000-7173001",6,6,0,HOB4C81,HOB4C81E1,10,MISTO,"98",E1,"6",Adilson José Gonçalves,"2026-09-30 22:16:11","2026-09-30 22:21:30",5.32,Wallace Christian Gomes Esteves   ,"2026-09-30 23:42:36","2026-09-30 23:42:47",Nordires Vieira Dos Santos,"2026-09-30 23:41:54",2026-09-30 18:11:00.000,2026-10-01 18:19:00.000
MATRIZ,2026-09-30,2026-09-30,LANCHONETE VENDA GRA,"7413001","000-7413001",7,7,0,OWQ4406,OWQ4406E1,150,MISTO,"87",E1,"7",Marcos Vinicio Alves Pessoa,"2026-09-30 21:51:50","2026-09-30 22:32:09",40.32,Wallace Christian Gomes Esteves   ,"2026-09-30 23:35:33","2026-09-30 23:35:41",Nordires Vieira Dos Santos,"2026-09-30 23:27:37",2026-09-30 18:11:00.000,2026-10-01 18:19:00.000
MATRIZ,2026-09-30,2026-09-30,LANCHONETE VENDA GRA,"7413001","000-7413001",7,7,0,OWQ4406,OWQ4406D3,291,MISTO,"81",D3,"7",Freelancer 04,"2026-09-30 21:51:46","2026-09-30 22:46:07",54.35,Wallace Christian Gomes Esteves   ,"2026-09-30 23:36:14","2026-09-30 23:36:18",Nordires Vieira Dos Santos,"2026-09-30 23:33:58",2026-09-30 18:11:00.000,2026-10-01 18:19:00.000
MATRIZ,2026-09-30,2026-09-30,LANCHONETE VENDA GRA,"7413001","000-7413001",7,7,0,OWQ4406,OWQ4406D1,69,MISTO,"82",D1,"7",Felipe Rogerio Estevam Da Silva ,"2026-09-30 21:54:37","2026-09-30 21:58:21",3.73,Wallace Christian Gomes Esteves   ,"2026-09-30 23:35:47","2026-09-30 23:35:50",Nordires Vieira Dos Santos,"2026-09-30 23:30:51",2026-09-30 18:11:00.000,2026-10-01 18:19:00.000
MATRIZ,2026-09-30,2026-09-30,LANCHONETE VENDA GRA,"7413001","000-7413001",7,7,0,OWQ4406,OWQ4406D2,69,MISTO,"73",D2,"7",Freelancer 01,"2026-09-30 21:53:09","2026-09-30 21:55:03",1.90,Wallace Christian Gomes Esteves   ,"2026-09-30 23:36:43","2026-09-30 23:36:48",Nordires Vieira Dos Santos,"2026-09-30 23:32:04",2026-09-30 18:11:00.000,2026-10-01 18:19:00.000
MATRIZ,2026-09-30,2026-09-30,LANCHONETE VENDA GRA,"7413001","000-7413001",7,7,0,OWQ4406,OWQ4406E2,63,MISTO,"84",E2,"7",Freelancer 01,"2026-09-30 21:55:28","2026-09-30 22:12:05",16.62,Wallace Christian Gomes Esteves   ,"2026-09-30 23:35:58","2026-09-30 23:36:02",Nordires Vieira Dos Santos,"2026-09-30 23:29:29",2026-09-30 18:11:00.000,2026-10-01 18:19:00.000
MATRIZ,2026-09-30,2026-09-30,LANCHONETE VENDA GRA,"7413001","000-7413001",7,7,0,OWQ4406,OWQ4406E3,86,MISTO,"83",E3,"7",Leonardo Caetano Rodrigues,"2026-09-30 21:55:10","2026-09-30 22:10:56",15.77,Wallace Christian Gomes Esteves   ,"2026-09-30 23:36:53","2026-09-30 23:36:59",Nordires Vieira Dos Santos,"2026-09-30 23:28:38",2026-09-30 18:11:00.000,2026-10-01 18:19:00.000
